province,age_group,income_band,urban_rural,years_with_company,claim_last_3years,premium_increase_pct,satisfaction,is_loyal_customer,churn
Nova Scotia,65+,<40k,Urban,0,0,0.27,8,0,0
Alberta,45-54,80-119k,Urban,1,0,2.58,9,0,0
New Brunswick,25-34,<40k,Urban,5,0,1.19,8,1,0
Manitoba,65+,80-119k,Rural,5,1,3.53,9,1,0
Nova Scotia,35-44,60-79k,Urban,4,4,22.53,1,1,1
Prince Edward Island,25-34,40-59k,Rural,6,0,2.67,10,1,0
British Columbia,65+,60-79k,Rural,4,0,2.58,8,1,0
Nova Scotia,55-64,40-59k,Urban,3,5,33.32,1,1,1
New Brunswick,55-64,60-79k,Urban,2,3,12.53,3,0,1
Manitoba,45-54,80-119k,Rural,2,0,2.09,8,0,0
Alberta,25-34,60-79k,Urban,2,0,1.83,9,0,0
New Brunswick,25-34,<40k,Urban,3,0,0.63,10,1,0
New Brunswick,45-54,80-119k,Urban,2,0,2.7,9,0,1
British Columbia,25-34,40-59k,Urban,0,0,0.26,8,0,0
Saskatchewan,35-44,80-119k,Urban,0,0,1.12,8,0,0
Manitoba,55-64,60-79k,Urban,7,1,3.38,9,1,0
Quebec,55-64,60-79k,Urban,0,0,2.74,8,0,0
New Brunswick,35-44,80-119k,Rural,0,1,3.14,10,0,1
Saskatchewan,55-64,80-119k,Urban,2,0,1.28,8,0,0
Quebec,55-64,<40k,Urban,1,1,6.45,7,0,0
Manitoba,45-54,40-59k,Urban,2,1,4.01,10,0,0
Ontario,25-34,120k+,Urban,0,1,3.42,8,0,0
Prince Edward Island,25-34,<40k,Urban,0,0,0.38,10,0,0
Saskatchewan,25-34,60-79k,Urban,5,0,1.21,9,1,0
Newfoundland and Labrador,25-34,80-119k,Rural,5,0,1.29,9,1,0
Ontario,25-34,80-119k,Urban,0,1,5.87,6,0,0
Prince Edward Island,25-34,80-119k,Urban,4,0,0.71,8,1,0
British Columbia,35-44,80-119k,Urban,3,0,2.11,9,1,0
Nova Scotia,65+,80-119k,Urban,4,0,3.0,10,1,0
Alberta,25-34,80-119k,Urban,2,0,2.59,9,0,0
Newfoundland and Labrador,55-64,80-119k,Urban,1,1,5.54,6,0,0
British Columbia,45-54,60-79k,Urban,4,0,2.82,9,1,0
Manitoba,18-24,60-79k,Urban,1,0,2.97,9,0,0
British Columbia,65+,80-119k,Urban,0,1,5.28,6,0,0
Nova Scotia,45-54,120k+,Urban,2,1,4.09,8,0,0
Manitoba,35-44,40-59k,Urban,5,0,2.74,8,1,0
Newfoundland and Labrador,55-64,40-59k,Urban,2,0,2.53,9,0,1
Nova Scotia,25-34,120k+,Rural,1,1,3.34,10,0,0
Quebec,45-54,60-79k,Urban,5,4,24.55,2,1,1
Alberta,18-24,<40k,Urban,6,0,1.1,10,1,0
Newfoundland and Labrador,55-64,80-119k,Urban,2,1,4.29,10,0,0
Quebec,35-44,120k+,Urban,1,3,14.06,5,0,1
Prince Edward Island,45-54,80-119k,Urban,3,0,0.96,8,1,0
Newfoundland and Labrador,25-34,80-119k,Rural,0,0,1.55,8,0,0
Prince Edward Island,45-54,40-59k,Rural,4,1,5.32,7,1,0
Manitoba,55-64,120k+,Urban,5,0,1.28,8,1,0
Quebec,35-44,60-79k,Urban,1,0,1.24,10,0,1
Alberta,45-54,120k+,Urban,0,0,2.21,10,0,0
Nova Scotia,35-44,40-59k,Rural,0,0,0.01,10,0,0
New Brunswick,55-64,<40k,Urban,3,0,2.84,9,1,0
British Columbia,35-44,60-79k,Urban,1,1,5.86,6,0,0
Ontario,55-64,40-59k,Rural,2,4,22.95,1,0,0
Alberta,55-64,80-119k,Urban,1,0,1.27,9,0,0
Quebec,35-44,120k+,Urban,0,0,2.9,10,0,0
New Brunswick,25-34,80-119k,Rural,2,1,3.0,8,0,0
Alberta,35-44,120k+,Urban,2,0,0.23,10,0,0
Quebec,55-64,60-79k,Urban,3,1,6.22,6,1,0
Saskatchewan,25-34,80-119k,Urban,1,1,5.95,6,0,0
Saskatchewan,45-54,80-119k,Urban,0,3,13.63,3,0,0
Prince Edward Island,55-64,80-119k,Rural,5,0,1.78,10,1,0
Alberta,35-44,60-79k,Rural,4,0,1.6,8,1,0
Saskatchewan,45-54,80-119k,Urban,5,0,1.58,10,1,0
Quebec,25-34,80-119k,Urban,0,0,1.79,8,0,1
Prince Edward Island,25-34,40-59k,Urban,1,3,17.96,5,0,0
Quebec,55-64,80-119k,Urban,3,3,17.92,4,1,0
Prince Edward Island,18-24,120k+,Urban,6,3,17.89,3,1,1
Alberta,25-34,60-79k,Urban,6,0,1.65,10,1,0
New Brunswick,55-64,80-119k,Urban,5,1,4.27,10,1,0
Nova Scotia,35-44,80-119k,Urban,0,0,1.68,10,0,1
Newfoundland and Labrador,65+,80-119k,Rural,5,3,15.74,3,1,0
New Brunswick,65+,60-79k,Urban,7,0,0.93,9,1,0
Manitoba,25-34,120k+,Urban,0,0,1.9,8,0,0
Quebec,18-24,60-79k,Urban,2,2,10.11,3,0,0
Manitoba,45-54,<40k,Urban,2,1,6.61,7,0,0
New Brunswick,35-44,80-119k,Urban,1,2,8.19,7,0,0
Prince Edward Island,25-34,80-119k,Urban,2,0,2.09,9,0,0
Newfoundland and Labrador,45-54,80-119k,Urban,6,3,14.7,4,1,0
Newfoundland and Labrador,18-24,<40k,Urban,6,1,3.52,8,1,0
Ontario,55-64,<40k,Urban,8,1,4.26,9,1,0
Newfoundland and Labrador,25-34,120k+,Urban,2,1,3.23,9,0,0
Nova Scotia,25-34,<40k,Urban,2,2,8.6,7,0,0
Newfoundland and Labrador,25-34,80-119k,Urban,4,0,0.21,9,1,0
New Brunswick,65+,80-119k,Urban,2,0,2.78,8,0,1
Ontario,45-54,80-119k,Urban,0,0,0.31,9,0,0
New Brunswick,55-64,<40k,Urban,4,1,6.27,7,1,0
New Brunswick,35-44,80-119k,Urban,1,0,2.72,8,0,0
British Columbia,35-44,120k+,Urban,0,0,1.4,9,0,0
Ontario,25-34,60-79k,Rural,0,1,3.22,9,0,0
New Brunswick,35-44,60-79k,Urban,7,0,1.79,10,1,0
British Columbia,45-54,60-79k,Urban,1,0,0.7,10,0,0
British Columbia,45-54,<40k,Urban,2,3,13.06,3,0,1
Ontario,25-34,120k+,Urban,8,0,1.7,10,1,0
Manitoba,65+,80-119k,Urban,2,0,1.07,10,0,0
Prince Edward Island,25-34,120k+,Urban,0,0,2.19,10,0,0
Nova Scotia,65+,60-79k,Rural,3,0,1.77,8,1,0
Prince Edward Island,18-24,80-119k,Urban,0,0,2.49,9,0,0
Newfoundland and Labrador,35-44,40-59k,Urban,0,3,12.35,3,0,1
Nova Scotia,35-44,80-119k,Urban,6,1,3.94,10,1,0
Newfoundland and Labrador,35-44,80-119k,Urban,1,0,1.7,8,0,0
New Brunswick,45-54,120k+,Urban,4,0,2.64,8,1,0
Quebec,35-44,80-119k,Urban,2,0,2.44,8,0,0
Ontario,35-44,120k+,Rural,1,0,2.04,9,0,0
Nova Scotia,55-64,80-119k,Rural,2,3,15.44,4,0,0
Nova Scotia,45-54,80-119k,Urban,0,0,1.89,10,0,0
New Brunswick,55-64,<40k,Urban,1,1,3.85,9,0,0
Manitoba,25-34,80-119k,Urban,2,2,9.98,7,0,0
British Columbia,45-54,60-79k,Urban,1,2,9.47,6,0,0
New Brunswick,45-54,40-59k,Urban,4,0,1.15,9,1,0
Saskatchewan,35-44,<40k,Urban,0,0,2.66,10,0,0
British Columbia,35-44,80-119k,Rural,2,0,2.49,8,0,0
Ontario,25-34,40-59k,Urban,4,2,7.38,6,1,0
British Columbia,25-34,60-79k,Urban,2,0,2.96,9,0,0
Manitoba,25-34,80-119k,Urban,6,0,0.69,10,1,0
British Columbia,25-34,120k+,Urban,3,1,3.86,9,1,0
Ontario,45-54,80-119k,Urban,8,0,2.83,8,1,0
Manitoba,45-54,60-79k,Urban,1,0,1.33,8,0,1
Prince Edward Island,65+,40-59k,Urban,7,0,2.42,9,1,0
Nova Scotia,55-64,40-59k,Rural,3,0,0.86,10,1,0
Nova Scotia,18-24,40-59k,Rural,4,4,24.11,1,1,1
Newfoundland and Labrador,55-64,<40k,Urban,7,0,2.5,10,1,0
Prince Edward Island,55-64,120k+,Urban,3,1,5.08,6,1,0
Prince Edward Island,35-44,60-79k,Urban,6,4,22.94,1,1,0
British Columbia,45-54,<40k,Rural,3,0,2.89,10,1,0
Nova Scotia,65+,40-59k,Urban,3,0,1.36,9,1,0
Ontario,45-54,60-79k,Urban,2,0,1.48,9,0,0
Alberta,65+,60-79k,Urban,0,3,16.34,4,0,1
Alberta,18-24,<40k,Urban,3,2,8.93,7,1,0
Manitoba,25-34,120k+,Urban,9,0,2.88,10,1,0
Nova Scotia,35-44,40-59k,Urban,5,0,0.12,10,1,0
Nova Scotia,45-54,<40k,Urban,4,3,14.42,3,1,0
Alberta,55-64,<40k,Urban,3,0,2.14,8,1,0
Nova Scotia,65+,60-79k,Urban,1,1,4.72,8,0,0
British Columbia,35-44,<40k,Urban,0,1,4.04,10,0,0
Saskatchewan,18-24,<40k,Urban,1,2,9.07,7,0,1
Quebec,55-64,40-59k,Urban,0,3,17.29,3,0,0
Prince Edward Island,45-54,80-119k,Urban,4,2,9.74,6,1,0
Newfoundland and Labrador,25-34,<40k,Urban,5,3,14.01,5,1,0
Manitoba,35-44,40-59k,Urban,1,2,10.36,5,0,0
Saskatchewan,55-64,60-79k,Urban,0,0,1.84,8,0,0
Alberta,55-64,<40k,Urban,1,0,1.68,9,0,0
Prince Edward Island,35-44,60-79k,Rural,1,3,14.35,5,0,1
Nova Scotia,25-34,<40k,Urban,2,0,0.22,8,0,0
Newfoundland and Labrador,65+,<40k,Urban,1,2,10.1,3,0,0
Nova Scotia,45-54,60-79k,Rural,1,2,9.1,7,0,0
Ontario,35-44,40-59k,Urban,7,0,1.29,10,1,0
Ontario,25-34,<40k,Urban,1,0,0.7,10,0,0
Newfoundland and Labrador,55-64,60-79k,Urban,5,0,0.75,8,1,0
Newfoundland and Labrador,25-34,120k+,Rural,3,0,2.36,10,1,0
Alberta,25-34,80-119k,Urban,1,1,4.92,9,0,0
Newfoundland and Labrador,45-54,80-119k,Urban,5,0,0.33,10,1,0
British Columbia,25-34,120k+,Urban,3,4,18.32,3,1,0
Nova Scotia,45-54,120k+,Rural,0,0,0.67,10,0,0
Saskatchewan,25-34,80-119k,Urban,0,2,9.44,7,0,0
New Brunswick,45-54,60-79k,Urban,4,0,1.85,10,1,0
Newfoundland and Labrador,25-34,40-59k,Urban,2,0,0.43,10,0,0
Manitoba,18-24,40-59k,Urban,2,0,1.3,10,0,0
Ontario,25-34,80-119k,Urban,0,0,0.22,8,0,0
British Columbia,65+,120k+,Urban,0,1,3.15,8,0,1
Prince Edward Island,55-64,60-79k,Urban,5,4,24.04,1,1,0
New Brunswick,25-34,80-119k,Urban,5,0,1.98,8,1,0
Saskatchewan,55-64,60-79k,Urban,3,0,2.34,8,1,0
New Brunswick,45-54,60-79k,Urban,1,1,3.73,8,0,1
Newfoundland and Labrador,65+,60-79k,Urban,7,3,13.93,5,1,0
Alberta,35-44,60-79k,Rural,3,0,1.33,10,1,0
Ontario,45-54,40-59k,Urban,5,0,1.97,10,1,0
Ontario,18-24,80-119k,Urban,0,0,1.6,10,0,0
Prince Edward Island,35-44,120k+,Urban,2,0,1.65,9,0,1
Alberta,65+,120k+,Urban,6,0,0.47,10,1,0
Nova Scotia,45-54,40-59k,Urban,1,0,1.42,10,0,1
Quebec,25-34,120k+,Urban,4,0,2.47,10,1,0
British Columbia,25-34,40-59k,Urban,3,0,1.53,9,1,0
Ontario,45-54,40-59k,Urban,0,0,0.6,10,0,0
Manitoba,45-54,80-119k,Urban,5,0,1.24,9,1,0
Ontario,35-44,40-59k,Urban,0,0,2.26,9,0,0
New Brunswick,65+,<40k,Urban,4,0,0.4,10,1,0
Ontario,18-24,40-59k,Urban,11,0,1.74,10,1,0
Ontario,25-34,80-119k,Rural,8,0,2.9,9,1,0
Quebec,65+,40-59k,Urban,5,2,8.9,7,1,0
Quebec,35-44,80-119k,Urban,2,0,0.13,8,0,0
Saskatchewan,25-34,80-119k,Rural,4,2,10.17,4,1,0
Nova Scotia,45-54,80-119k,Urban,4,0,0.14,9,1,0
Manitoba,55-64,120k+,Urban,0,0,0.57,10,0,0
Ontario,25-34,60-79k,Urban,0,1,3.19,10,0,0
Ontario,65+,<40k,Urban,3,0,0.51,8,1,0
British Columbia,55-64,40-59k,Urban,0,0,2.56,9,0,0
Quebec,25-34,60-79k,Urban,7,0,2.2,9,1,0
Manitoba,45-54,80-119k,Urban,2,0,1.03,8,0,0
Prince Edward Island,35-44,<40k,Urban,1,0,2.69,8,0,0
Saskatchewan,35-44,40-59k,Urban,1,1,5.66,7,0,0
Nova Scotia,55-64,80-119k,Urban,6,0,1.34,9,1,0
Alberta,65+,80-119k,Urban,7,4,18.48,3,1,0
Nova Scotia,25-34,80-119k,Urban,0,0,2.19,10,0,1
New Brunswick,35-44,80-119k,Urban,5,0,1.13,9,1,0
Ontario,35-44,80-119k,Urban,3,3,13.82,4,1,0
Saskatchewan,35-44,80-119k,Rural,3,0,0.86,9,1,0
New Brunswick,35-44,60-79k,Urban,5,5,25.12,2,1,1
Manitoba,18-24,120k+,Urban,1,0,2.23,9,0,0
Alberta,45-54,60-79k,Rural,2,0,0.44,8,0,0
Quebec,35-44,40-59k,Rural,1,0,1.56,8,0,1
Saskatchewan,25-34,40-59k,Urban,0,0,0.05,8,0,0
Saskatchewan,55-64,80-119k,Urban,0,0,1.88,8,0,0
Ontario,55-64,120k+,Urban,0,0,1.11,8,0,0
Newfoundland and Labrador,35-44,<40k,Rural,3,0,1.89,10,1,0
Saskatchewan,25-34,<40k,Rural,0,0,0.27,10,0,1
British Columbia,45-54,120k+,Urban,3,0,0.8,10,1,0
Alberta,25-34,120k+,Urban,3,3,12.66,5,1,0
Alberta,25-34,40-59k,Rural,7,0,1.94,8,1,0
British Columbia,55-64,40-59k,Urban,3,2,7.54,6,1,0
Prince Edward Island,18-24,80-119k,Urban,10,0,1.85,10,1,0
British Columbia,18-24,40-59k,Urban,0,0,0.4,8,0,0
British Columbia,18-24,120k+,Urban,4,1,6.77,7,1,0
Alberta,25-34,<40k,Rural,0,2,9.08,7,0,0
Nova Scotia,18-24,<40k,Rural,4,3,12.76,3,1,1
Alberta,65+,40-59k,Urban,1,0,0.13,9,0,0
Newfoundland and Labrador,25-34,40-59k,Urban,3,0,0.99,9,1,0
Ontario,25-34,<40k,Urban,1,0,2.67,10,0,0
New Brunswick,25-34,<40k,Urban,0,1,3.58,8,0,0
Nova Scotia,65+,80-119k,Urban,4,0,2.37,9,1,0
Quebec,45-54,<40k,Urban,7,2,9.09,6,1,0
New Brunswick,35-44,120k+,Urban,0,1,6.21,7,0,0
Ontario,55-64,40-59k,Urban,7,2,11.37,5,1,0
Newfoundland and Labrador,35-44,80-119k,Urban,0,1,6.99,6,0,0
Newfoundland and Labrador,35-44,40-59k,Rural,4,2,7.34,6,1,0
Quebec,25-34,40-59k,Urban,8,0,2.39,9,1,0
Nova Scotia,35-44,60-79k,Urban,0,0,0.21,10,0,0
Prince Edward Island,25-34,60-79k,Urban,2,0,0.94,9,0,0
British Columbia,45-54,80-119k,Urban,1,1,5.58,7,0,0
Nova Scotia,25-34,80-119k,Urban,1,0,1.34,10,0,0
Prince Edward Island,45-54,80-119k,Urban,4,2,9.83,7,1,0
Newfoundland and Labrador,18-24,60-79k,Rural,4,1,6.86,6,1,0
Alberta,25-34,120k+,Urban,9,1,6.27,6,1,0
Ontario,35-44,80-119k,Urban,0,0,1.09,8,0,0
Quebec,65+,120k+,Urban,3,3,15.6,4,1,0
Ontario,35-44,80-119k,Urban,2,0,0.15,8,0,0
Manitoba,45-54,<40k,Urban,7,2,9.26,7,1,0
Manitoba,25-34,40-59k,Urban,0,0,1.83,8,0,0
Nova Scotia,25-34,60-79k,Urban,11,2,10.57,3,1,0
Newfoundland and Labrador,18-24,80-119k,Urban,2,0,2.7,10,0,0
Newfoundland and Labrador,25-34,60-79k,Urban,3,1,4.13,10,1,0
British Columbia,25-34,80-119k,Rural,1,0,2.71,10,0,1
British Columbia,25-34,40-59k,Urban,6,1,5.65,6,1,0
British Columbia,55-64,40-59k,Urban,3,0,0.23,10,1,0
Alberta,18-24,<40k,Urban,4,1,4.52,10,1,0
New Brunswick,45-54,60-79k,Urban,3,0,1.43,8,1,0
Saskatchewan,35-44,80-119k,Urban,1,1,4.41,10,0,0
New Brunswick,35-44,40-59k,Urban,0,0,0.35,9,0,0
Ontario,45-54,60-79k,Urban,5,0,1.65,10,1,0
New Brunswick,25-34,<40k,Urban,1,2,7.66,6,0,0
Alberta,25-34,<40k,Urban,6,2,11.58,4,1,0
Ontario,55-64,80-119k,Urban,3,1,6.46,6,1,0
New Brunswick,55-64,40-59k,Urban,1,3,14.85,3,0,0
Alberta,25-34,80-119k,Urban,3,0,0.2,9,1,0
Saskatchewan,18-24,80-119k,Urban,3,0,1.66,10,1,0
New Brunswick,55-64,80-119k,Urban,4,0,1.78,8,1,0
Alberta,35-44,<40k,Urban,5,0,2.67,8,1,0
British Columbia,45-54,60-79k,Urban,0,0,0.2,9,0,1
Newfoundland and Labrador,35-44,80-119k,Urban,8,1,5.77,6,1,0
British Columbia,25-34,80-119k,Urban,2,0,1.69,9,0,0
Newfoundland and Labrador,45-54,80-119k,Urban,6,0,0.52,9,1,0
Quebec,45-54,40-59k,Urban,1,1,3.49,8,0,1
Quebec,25-34,40-59k,Urban,0,0,2.08,10,0,0
Quebec,35-44,60-79k,Urban,3,0,1.02,8,1,0
Saskatchewan,55-64,80-119k,Urban,1,0,3.0,10,0,0
British Columbia,45-54,40-59k,Urban,10,4,24.26,2,1,0
Newfoundland and Labrador,18-24,<40k,Urban,0,0,1.7,9,0,0
Alberta,45-54,80-119k,Urban,0,2,10.21,5,0,0
Ontario,45-54,40-59k,Rural,0,0,0.48,8,0,0
Alberta,55-64,<40k,Urban,0,0,2.68,10,0,0
Ontario,45-54,<40k,Urban,3,0,1.38,10,1,0
Manitoba,25-34,40-59k,Urban,2,1,5.09,6,0,0
Alberta,45-54,60-79k,Rural,1,4,24.11,1,0,0
New Brunswick,45-54,40-59k,Urban,0,0,0.02,8,0,0
New Brunswick,18-24,<40k,Urban,1,0,1.48,9,0,0
Nova Scotia,35-44,<40k,Urban,0,0,1.88,8,0,0
British Columbia,35-44,40-59k,Rural,4,0,0.48,9,1,0
Ontario,45-54,80-119k,Rural,5,2,7.34,6,1,0
Ontario,25-34,<40k,Urban,5,0,1.6,10,1,0
British Columbia,45-54,60-79k,Urban,9,0,1.64,8,1,0
Saskatchewan,65+,<40k,Urban,6,3,13.98,4,1,0
Nova Scotia,55-64,40-59k,Urban,2,0,2.65,9,0,0
Saskatchewan,65+,<40k,Urban,2,1,4.2,9,0,0
Saskatchewan,65+,<40k,Rural,7,1,5.07,6,1,0
Saskatchewan,18-24,80-119k,Urban,3,0,0.56,8,1,0
British Columbia,45-54,60-79k,Urban,1,0,0.03,9,0,0
Saskatchewan,35-44,80-119k,Urban,3,0,1.28,10,1,0
New Brunswick,55-64,<40k,Urban,11,4,21.69,1,1,0
Quebec,25-34,<40k,Urban,6,2,10.82,3,1,1
Manitoba,65+,40-59k,Urban,1,0,1.35,8,0,0
Ontario,45-54,80-119k,Urban,8,1,4.11,9,1,0
Ontario,55-64,40-59k,Urban,10,1,5.42,7,1,0
Manitoba,18-24,60-79k,Urban,1,0,1.14,9,0,1
British Columbia,25-34,40-59k,Urban,6,0,0.7,10,1,0
Alberta,55-64,<40k,Rural,6,1,6.64,7,1,0
British Columbia,18-24,120k+,Urban,0,0,1.61,9,0,0
Ontario,55-64,60-79k,Urban,4,2,8.0,7,1,0
Ontario,18-24,80-119k,Urban,1,1,5.68,6,0,1
Manitoba,45-54,80-119k,Urban,4,0,2.41,8,1,0
Saskatchewan,35-44,60-79k,Urban,7,2,10.79,4,1,0
British Columbia,45-54,<40k,Urban,2,0,1.8,8,0,0
Newfoundland and Labrador,45-54,80-119k,Rural,2,3,15.12,4,0,0
Manitoba,35-44,<40k,Urban,7,0,2.33,9,1,0
New Brunswick,25-34,60-79k,Urban,9,1,5.83,7,1,0
Ontario,18-24,80-119k,Urban,0,2,9.86,7,0,0
Manitoba,45-54,80-119k,Urban,7,0,1.97,8,1,0
British Columbia,45-54,80-119k,Urban,0,0,0.51,9,0,0
Ontario,55-64,80-119k,Urban,1,0,0.06,8,0,1
Alberta,35-44,<40k,Urban,5,1,6.72,6,1,0
Manitoba,35-44,40-59k,Urban,5,0,2.81,10,1,0
Nova Scotia,35-44,<40k,Urban,4,5,36.82,1,1,0
Ontario,18-24,80-119k,Urban,0,1,4.49,10,0,0
British Columbia,35-44,120k+,Urban,0,0,0.45,10,0,0
Quebec,65+,40-59k,Urban,7,1,4.43,10,1,0
Newfoundland and Labrador,55-64,<40k,Urban,0,0,2.18,9,0,0
Prince Edward Island,35-44,60-79k,Urban,0,2,8.68,7,0,0
Saskatchewan,45-54,80-119k,Urban,5,0,2.39,10,1,0
Prince Edward Island,55-64,60-79k,Rural,3,0,2.02,9,1,0
British Columbia,35-44,<40k,Urban,1,0,1.89,8,0,0
New Brunswick,18-24,120k+,Urban,0,5,38.95,1,0,1
New Brunswick,18-24,80-119k,Rural,6,0,2.68,10,1,0
Quebec,35-44,<40k,Urban,10,0,2.13,9,1,0
Saskatchewan,65+,120k+,Urban,0,0,0.6,8,0,0
Nova Scotia,45-54,60-79k,Urban,3,0,2.82,8,1,0
Quebec,18-24,40-59k,Urban,1,0,0.68,9,0,0
Prince Edward Island,25-34,60-79k,Urban,5,1,4.49,10,1,0
Quebec,55-64,80-119k,Urban,1,0,2.48,8,0,1
Prince Edward Island,55-64,80-119k,Urban,4,0,0.63,10,1,0
Ontario,45-54,<40k,Urban,3,0,1.92,10,1,0
New Brunswick,45-54,120k+,Urban,3,0,1.37,9,1,0
Ontario,18-24,<40k,Urban,6,0,1.87,10,1,0
Newfoundland and Labrador,55-64,80-119k,Urban,2,1,6.83,6,0,0
Saskatchewan,55-64,80-119k,Urban,6,0,2.43,9,1,0
Nova Scotia,25-34,40-59k,Rural,1,0,0.89,10,0,0
Prince Edward Island,45-54,<40k,Urban,0,0,0.17,9,0,0
Nova Scotia,25-34,120k+,Urban,2,0,2.9,9,0,1
Prince Edward Island,18-24,60-79k,Rural,2,0,1.76,9,0,0
British Columbia,25-34,80-119k,Rural,2,1,3.69,10,0,0
Quebec,25-34,60-79k,Urban,5,1,5.51,7,1,0
Newfoundland and Labrador,35-44,80-119k,Urban,3,0,0.13,10,1,0
New Brunswick,35-44,60-79k,Urban,6,0,0.56,9,1,0
Prince Edward Island,35-44,40-59k,Urban,2,1,5.53,6,0,0
Nova Scotia,35-44,40-59k,Urban,1,4,20.82,2,0,0
Newfoundland and Labrador,25-34,80-119k,Urban,0,0,0.98,9,0,0
Alberta,18-24,60-79k,Urban,6,0,1.97,10,1,0
Alberta,45-54,40-59k,Urban,0,0,2.6,8,0,0
Ontario,35-44,120k+,Urban,0,0,2.04,8,0,0
New Brunswick,25-34,80-119k,Urban,0,0,1.39,9,0,0
British Columbia,55-64,<40k,Urban,2,2,10.29,3,0,0
Nova Scotia,55-64,120k+,Urban,2,0,2.09,10,0,0
Quebec,55-64,80-119k,Urban,0,0,2.33,8,0,0
Quebec,35-44,<40k,Urban,2,4,20.15,1,0,0
Nova Scotia,25-34,40-59k,Urban,1,0,0.34,10,0,0
Saskatchewan,45-54,80-119k,Rural,5,0,2.05,8,1,0
British Columbia,25-34,80-119k,Urban,5,0,0.36,8,1,0
Newfoundland and Labrador,35-44,40-59k,Urban,4,0,1.39,10,1,0
Prince Edward Island,18-24,40-59k,Rural,2,2,8.15,6,0,0
Saskatchewan,55-64,40-59k,Urban,0,0,1.0,8,0,0
Prince Edward Island,25-34,60-79k,Rural,6,1,4.88,9,1,0
Prince Edward Island,65+,<40k,Urban,1,2,11.48,5,0,1
Saskatchewan,55-64,<40k,Urban,1,0,2.04,9,0,0
Ontario,35-44,80-119k,Urban,7,0,0.51,10,1,0
Alberta,55-64,80-119k,Rural,9,0,2.64,8,1,0
Prince Edward Island,45-54,60-79k,Rural,6,3,15.0,5,1,0
Saskatchewan,55-64,40-59k,Urban,13,0,0.61,8,1,0
Saskatchewan,35-44,60-79k,Urban,6,0,1.58,9,1,0
Manitoba,55-64,40-59k,Urban,4,3,13.15,5,1,0
Ontario,35-44,120k+,Urban,1,0,1.1,9,0,0
New Brunswick,65+,80-119k,Urban,8,0,2.42,10,1,0
Manitoba,35-44,40-59k,Urban,6,1,5.63,7,1,0
Manitoba,35-44,40-59k,Urban,1,0,1.43,8,0,0
Nova Scotia,55-64,60-79k,Urban,2,0,0.68,10,0,0
Alberta,55-64,60-79k,Urban,0,2,8.41,7,0,0
Saskatchewan,45-54,60-79k,Urban,8,0,2.93,8,1,0
Alberta,25-34,80-119k,Urban,3,0,1.03,8,1,0
British Columbia,35-44,80-119k,Rural,1,0,1.85,10,0,0
Nova Scotia,65+,60-79k,Urban,1,2,9.5,6,0,0
New Brunswick,55-64,80-119k,Urban,10,1,3.09,10,1,0
Alberta,55-64,80-119k,Urban,3,0,2.83,9,1,0
Quebec,18-24,80-119k,Rural,2,0,0.26,8,0,1
Prince Edward Island,35-44,120k+,Urban,2,2,10.29,3,0,1
British Columbia,45-54,40-59k,Urban,0,0,2.43,10,0,0
Ontario,55-64,40-59k,Rural,0,0,2.25,8,0,0
New Brunswick,18-24,120k+,Urban,3,0,2.43,8,1,0
British Columbia,55-64,80-119k,Urban,2,0,2.22,10,0,0
Prince Edward Island,45-54,120k+,Urban,1,0,1.34,8,0,0
Nova Scotia,25-34,<40k,Rural,3,2,11.48,3,1,1
Prince Edward Island,25-34,80-119k,Urban,0,0,2.74,10,0,0
Manitoba,25-34,<40k,Urban,8,0,1.31,9,1,0
Prince Edward Island,45-54,60-79k,Urban,1,0,1.45,10,0,0
Manitoba,18-24,<40k,Urban,0,0,1.46,8,0,0
Nova Scotia,25-34,<40k,Rural,0,0,0.84,10,0,0
Newfoundland and Labrador,55-64,<40k,Urban,0,0,0.34,10,0,1
Manitoba,25-34,80-119k,Urban,0,0,0.79,8,0,0
Ontario,25-34,40-59k,Rural,2,0,2.53,8,0,1
Prince Edward Island,35-44,<40k,Urban,4,0,1.63,9,1,0
Prince Edward Island,35-44,40-59k,Urban,1,5,37.75,2,0,1
Ontario,55-64,<40k,Urban,2,0,2.24,8,0,0
Quebec,35-44,120k+,Urban,7,2,8.74,7,1,0
Saskatchewan,55-64,40-59k,Urban,1,0,0.56,9,0,0
Newfoundland and Labrador,45-54,40-59k,Urban,5,0,1.7,10,1,0
New Brunswick,25-34,80-119k,Urban,0,1,6.74,6,0,0
Manitoba,25-34,80-119k,Urban,0,0,2.52,9,0,0
Ontario,35-44,80-119k,Urban,2,0,2.29,10,0,0
Nova Scotia,35-44,80-119k,Urban,1,0,2.29,10,0,0
Manitoba,55-64,120k+,Urban,7,0,1.58,8,1,0
Saskatchewan,45-54,40-59k,Urban,0,0,0.51,9,0,0
Nova Scotia,35-44,120k+,Urban,3,1,4.14,9,1,0
British Columbia,25-34,80-119k,Rural,3,0,1.73,8,1,0
Prince Edward Island,25-34,60-79k,Rural,0,0,0.95,8,0,1
British Columbia,45-54,80-119k,Urban,4,2,10.91,3,1,0
Manitoba,35-44,80-119k,Rural,2,0,1.12,10,0,0
Saskatchewan,35-44,<40k,Rural,4,1,3.46,8,1,0
Newfoundland and Labrador,25-34,40-59k,Urban,5,3,16.7,3,1,0
Manitoba,45-54,120k+,Urban,1,0,2.09,8,0,0
Ontario,55-64,60-79k,Rural,2,0,0.76,8,0,0
Alberta,25-34,40-59k,Urban,1,4,24.87,1,0,1
Manitoba,35-44,80-119k,Urban,0,0,1.21,9,0,0
Prince Edward Island,65+,60-79k,Urban,0,0,2.04,8,0,0
Prince Edward Island,35-44,<40k,Urban,8,0,2.73,8,1,0
Manitoba,45-54,80-119k,Urban,2,0,0.47,9,0,0
Nova Scotia,18-24,80-119k,Urban,0,5,38.19,2,0,0
Alberta,45-54,<40k,Urban,0,0,2.11,8,0,0
Ontario,18-24,120k+,Urban,1,0,0.5,8,0,0
Manitoba,65+,40-59k,Rural,0,0,1.99,9,0,0
Nova Scotia,45-54,60-79k,Urban,1,0,2.62,8,0,0
Prince Edward Island,55-64,<40k,Urban,0,0,2.4,10,0,0
Prince Edward Island,45-54,60-79k,Urban,0,5,36.41,1,0,1
Saskatchewan,45-54,40-59k,Urban,4,3,12.97,3,1,1
Manitoba,35-44,40-59k,Rural,7,0,0.57,10,1,0
Alberta,55-64,80-119k,Urban,2,1,5.19,7,0,0
Quebec,65+,<40k,Urban,5,0,1.74,9,1,0
Alberta,35-44,80-119k,Urban,0,0,2.83,9,0,0
Prince Edward Island,65+,60-79k,Urban,5,0,1.41,8,1,0
Prince Edward Island,45-54,120k+,Urban,0,1,4.21,9,0,1
British Columbia,45-54,60-79k,Urban,5,0,0.57,10,1,0
Prince Edward Island,35-44,<40k,Urban,6,1,3.22,10,1,0
Ontario,25-34,<40k,Urban,5,0,0.21,8,1,0
New Brunswick,18-24,120k+,Rural,5,3,15.45,4,1,1
Manitoba,25-34,80-119k,Urban,3,0,0.53,9,1,0
Alberta,35-44,40-59k,Urban,1,2,11.26,5,0,0
New Brunswick,35-44,60-79k,Urban,3,1,5.39,7,1,0
Nova Scotia,35-44,60-79k,Rural,2,4,24.05,1,0,1
Quebec,65+,120k+,Urban,0,1,4.71,8,0,0
Ontario,35-44,120k+,Rural,2,1,5.38,6,0,0
Alberta,35-44,120k+,Urban,3,0,1.58,9,1,0
New Brunswick,25-34,80-119k,Urban,0,0,2.96,10,0,0
Quebec,18-24,120k+,Urban,3,0,2.39,9,1,0
British Columbia,55-64,40-59k,Urban,3,0,1.79,8,1,0
Ontario,45-54,80-119k,Urban,0,1,5.43,7,0,0
Ontario,55-64,80-119k,Urban,2,0,0.75,10,0,0
British Columbia,25-34,120k+,Urban,9,0,2.2,8,1,0
Manitoba,45-54,60-79k,Rural,6,0,2.95,8,1,0
British Columbia,25-34,<40k,Urban,2,0,0.39,10,0,0
Ontario,25-34,60-79k,Urban,1,0,1.91,10,0,0
Ontario,18-24,80-119k,Urban,0,0,1.55,10,0,0
New Brunswick,25-34,40-59k,Urban,0,0,2.55,8,0,0
Prince Edward Island,25-34,40-59k,Urban,1,0,0.0,10,0,1
Quebec,25-34,60-79k,Urban,8,0,0.41,9,1,0
British Columbia,65+,40-59k,Urban,8,4,18.26,4,1,0
Quebec,25-34,40-59k,Urban,5,4,19.14,4,1,0
British Columbia,25-34,<40k,Urban,1,0,2.12,9,0,0
Nova Scotia,25-34,120k+,Urban,0,0,0.42,8,0,0
Ontario,45-54,80-119k,Urban,3,0,1.87,8,1,0
Prince Edward Island,18-24,<40k,Urban,3,3,17.21,3,1,0
New Brunswick,55-64,80-119k,Rural,2,1,3.14,9,0,0
Prince Edward Island,65+,80-119k,Urban,4,1,3.11,8,1,0
Prince Edward Island,25-34,<40k,Rural,4,3,17.94,3,1,0
Prince Edward Island,35-44,40-59k,Urban,5,3,16.04,4,1,0
Quebec,18-24,60-79k,Urban,2,2,7.7,6,0,0
British Columbia,45-54,60-79k,Urban,5,2,8.53,6,1,0
Newfoundland and Labrador,35-44,80-119k,Urban,0,3,17.91,3,0,1
Nova Scotia,25-34,60-79k,Urban,4,3,13.36,5,1,0
Alberta,25-34,<40k,Rural,1,0,2.26,8,0,0
Prince Edward Island,45-54,120k+,Urban,1,4,19.69,4,0,1
Manitoba,35-44,40-59k,Urban,0,1,4.59,10,0,0
Quebec,25-34,80-119k,Rural,0,0,2.64,8,0,0
New Brunswick,45-54,<40k,Urban,11,0,0.09,8,1,0
Alberta,45-54,40-59k,Rural,2,1,4.23,8,0,0
Newfoundland and Labrador,55-64,60-79k,Rural,7,0,1.46,8,1,0
Manitoba,25-34,40-59k,Urban,0,2,10.13,4,0,0
Newfoundland and Labrador,55-64,60-79k,Urban,0,0,0.08,10,0,0
Alberta,45-54,<40k,Urban,3,3,14.46,4,1,1
Prince Edward Island,25-34,60-79k,Urban,1,0,1.03,9,0,0
Manitoba,45-54,80-119k,Urban,3,0,0.08,8,1,0
Newfoundland and Labrador,35-44,<40k,Urban,2,2,8.78,6,0,0
New Brunswick,65+,120k+,Urban,5,0,2.8,8,1,0
British Columbia,25-34,40-59k,Rural,2,2,8.37,6,0,0
Ontario,45-54,40-59k,Urban,3,0,1.76,9,1,0
British Columbia,35-44,80-119k,Urban,1,3,13.79,4,0,1
Alberta,65+,60-79k,Urban,4,0,0.32,9,1,0
Quebec,35-44,60-79k,Urban,3,0,0.87,10,1,0
Ontario,65+,<40k,Urban,1,3,14.82,3,0,0
Nova Scotia,65+,80-119k,Urban,1,0,0.89,8,0,0
New Brunswick,25-34,60-79k,Urban,3,4,22.37,1,1,0
Nova Scotia,55-64,<40k,Urban,8,2,11.75,5,1,0
Manitoba,65+,40-59k,Rural,0,0,0.21,8,0,0
Ontario,25-34,80-119k,Urban,5,0,2.15,9,1,0
Nova Scotia,35-44,60-79k,Urban,3,0,0.0,8,1,0
Nova Scotia,45-54,<40k,Rural,2,0,0.0,10,0,0
Newfoundland and Labrador,25-34,40-59k,Rural,8,0,0.4,10,1,0
British Columbia,18-24,40-59k,Urban,3,1,4.92,8,1,0
Newfoundland and Labrador,25-34,60-79k,Urban,5,4,18.34,4,1,0
Ontario,25-34,80-119k,Urban,2,0,2.17,10,0,0
Ontario,35-44,60-79k,Urban,1,0,0.09,10,0,0
Alberta,25-34,60-79k,Urban,4,1,4.98,10,1,0
Newfoundland and Labrador,55-64,120k+,Urban,7,0,2.03,8,1,0
Saskatchewan,45-54,60-79k,Urban,6,1,3.95,8,1,0
British Columbia,18-24,60-79k,Urban,0,0,1.74,10,0,0
Ontario,45-54,40-59k,Urban,1,4,19.83,3,0,0
Alberta,45-54,60-79k,Urban,2,1,3.86,9,0,0
Newfoundland and Labrador,65+,60-79k,Urban,3,0,2.46,8,1,0
British Columbia,18-24,40-59k,Urban,0,1,4.33,10,0,0
Newfoundland and Labrador,25-34,120k+,Rural,1,2,11.07,4,0,1
Nova Scotia,65+,120k+,Urban,4,2,8.08,6,1,0
Alberta,65+,80-119k,Urban,4,0,1.07,10,1,0
British Columbia,55-64,60-79k,Urban,6,0,0.31,10,1,0
Prince Edward Island,55-64,60-79k,Urban,7,0,1.49,9,1,0
Manitoba,18-24,40-59k,Urban,1,0,1.14,8,0,0
Manitoba,35-44,40-59k,Urban,6,0,0.02,8,1,0
British Columbia,25-34,80-119k,Urban,4,2,9.32,7,1,0
Newfoundland and Labrador,25-34,60-79k,Urban,8,0,0.22,8,1,0
Alberta,55-64,120k+,Rural,1,0,2.51,8,0,0
Manitoba,25-34,<40k,Urban,1,0,1.48,9,0,1
Alberta,35-44,60-79k,Urban,4,0,2.07,10,1,0
Manitoba,65+,80-119k,Urban,7,0,2.46,10,1,0
Nova Scotia,25-34,60-79k,Urban,5,2,7.26,6,1,0
Newfoundland and Labrador,65+,120k+,Urban,4,4,20.36,1,1,0
Nova Scotia,65+,120k+,Urban,1,0,0.08,8,0,0
Manitoba,45-54,<40k,Urban,4,0,0.15,8,1,0
Prince Edward Island,25-34,<40k,Urban,5,2,7.19,6,1,0
Prince Edward Island,25-34,<40k,Urban,4,0,1.43,10,1,0
Nova Scotia,35-44,80-119k,Urban,4,0,1.35,10,1,0
Prince Edward Island,25-34,40-59k,Urban,0,0,0.18,9,0,0
Manitoba,25-34,80-119k,Urban,4,0,0.79,9,1,0
British Columbia,65+,60-79k,Rural,2,2,8.22,6,0,0
Nova Scotia,25-34,80-119k,Urban,8,3,13.78,4,1,0
Quebec,55-64,80-119k,Urban,3,0,1.92,10,1,0
Newfoundland and Labrador,18-24,60-79k,Urban,3,0,2.09,10,1,0
Prince Edward Island,45-54,60-79k,Urban,12,0,1.02,10,1,0
Prince Edward Island,65+,<40k,Urban,0,0,2.36,10,0,0
Ontario,25-34,60-79k,Urban,1,3,14.51,3,0,0
Saskatchewan,25-34,60-79k,Urban,3,0,1.57,8,1,0
Nova Scotia,45-54,60-79k,Urban,1,0,0.44,9,0,0
New Brunswick,45-54,120k+,Rural,1,0,0.7,8,0,0
Prince Edward Island,45-54,120k+,Urban,6,0,2.18,9,1,0
Newfoundland and Labrador,25-34,80-119k,Urban,3,1,6.91,6,1,0
Quebec,25-34,40-59k,Urban,0,0,2.11,9,0,0
Prince Edward Island,65+,80-119k,Urban,1,2,7.27,6,0,0
Quebec,65+,40-59k,Urban,0,1,3.57,8,0,0
Manitoba,35-44,40-59k,Urban,3,1,4.78,10,1,0
Manitoba,55-64,40-59k,Urban,0,2,10.66,3,0,0
Saskatchewan,35-44,<40k,Urban,6,2,7.83,6,1,0
British Columbia,35-44,40-59k,Urban,3,0,2.25,8,1,0
New Brunswick,25-34,60-79k,Urban,0,1,5.22,6,0,0
Ontario,35-44,120k+,Urban,1,1,6.1,7,0,0
Saskatchewan,45-54,40-59k,Urban,3,0,1.67,9,1,0
Alberta,18-24,120k+,Urban,1,2,10.01,5,0,0
Ontario,35-44,40-59k,Urban,2,0,0.75,9,0,0
Nova Scotia,55-64,40-59k,Urban,7,2,10.6,3,1,0
Newfoundland and Labrador,45-54,60-79k,Urban,1,0,2.53,10,0,0
Alberta,45-54,80-119k,Urban,1,1,6.49,7,0,0
Alberta,65+,<40k,Urban,5,0,0.09,9,1,0
Saskatchewan,18-24,40-59k,Urban,1,0,1.87,8,0,0
British Columbia,45-54,60-79k,Rural,0,0,2.97,9,0,0
Saskatchewan,55-64,40-59k,Urban,0,0,1.76,9,0,0
Nova Scotia,45-54,80-119k,Urban,8,5,27.57,1,1,0
Prince Edward Island,35-44,60-79k,Urban,7,0,2.63,8,1,0
Prince Edward Island,25-34,<40k,Urban,1,0,0.79,9,0,0
British Columbia,55-64,120k+,Urban,3,1,3.18,10,1,0
Nova Scotia,35-44,40-59k,Urban,0,0,1.29,9,0,0
British Columbia,55-64,80-119k,Urban,4,0,0.3,10,1,0
Quebec,45-54,80-119k,Urban,0,0,0.35,8,0,0
Prince Edward Island,45-54,120k+,Urban,0,1,4.85,8,0,0
Alberta,55-64,60-79k,Rural,5,3,15.68,3,1,1
New Brunswick,45-54,60-79k,Urban,1,2,11.53,4,0,0
Newfoundland and Labrador,35-44,40-59k,Urban,0,5,35.58,2,0,1
Nova Scotia,35-44,80-119k,Urban,5,1,6.37,6,1,0
Ontario,55-64,60-79k,Rural,5,4,20.88,1,1,1
British Columbia,35-44,60-79k,Urban,4,0,0.96,8,1,0
Newfoundland and Labrador,35-44,80-119k,Urban,7,0,1.78,10,1,0
Ontario,18-24,<40k,Urban,2,0,2.09,10,0,0
Newfoundland and Labrador,65+,120k+,Rural,0,0,1.7,9,0,0
New Brunswick,18-24,80-119k,Urban,0,2,8.32,6,0,0
Ontario,45-54,60-79k,Urban,1,0,1.11,9,0,0
Saskatchewan,35-44,60-79k,Urban,0,1,4.79,10,0,0
Manitoba,35-44,40-59k,Urban,2,0,0.04,8,0,0
Saskatchewan,45-54,120k+,Urban,0,0,2.64,10,0,0
Prince Edward Island,18-24,<40k,Urban,2,0,1.53,10,0,0
Manitoba,45-54,60-79k,Urban,0,0,2.25,8,0,0
Saskatchewan,55-64,80-119k,Urban,1,4,19.2,4,0,0
Manitoba,55-64,120k+,Urban,4,1,5.23,7,1,0
Manitoba,25-34,80-119k,Urban,1,0,2.78,10,0,0
Alberta,55-64,80-119k,Urban,1,0,0.64,10,0,0
British Columbia,45-54,<40k,Urban,11,0,1.04,10,1,0
British Columbia,55-64,40-59k,Urban,4,0,1.16,9,1,0
Alberta,35-44,<40k,Urban,2,2,8.92,7,0,0
Newfoundland and Labrador,45-54,120k+,Rural,3,0,1.8,9,1,0
Quebec,65+,80-119k,Rural,3,1,4.58,8,1,0
Newfoundland and Labrador,55-64,80-119k,Urban,0,1,5.7,7,0,0
Ontario,35-44,80-119k,Urban,0,0,1.45,10,0,0
Ontario,25-34,60-79k,Urban,3,1,3.63,10,1,0
Manitoba,35-44,<40k,Urban,1,2,11.74,3,0,1
Saskatchewan,35-44,40-59k,Urban,0,0,0.72,9,0,0
Saskatchewan,25-34,<40k,Urban,1,1,5.25,7,0,0
British Columbia,25-34,80-119k,Urban,0,1,3.24,8,0,0
Nova Scotia,55-64,<40k,Urban,7,0,2.76,10,1,0
Newfoundland and Labrador,18-24,80-119k,Urban,0,0,2.78,9,0,0
Prince Edward Island,45-54,80-119k,Urban,0,0,1.09,8,0,1
New Brunswick,25-34,60-79k,Rural,3,3,12.73,4,1,0
Saskatchewan,35-44,<40k,Urban,2,0,2.31,9,0,0
New Brunswick,18-24,40-59k,Urban,3,0,0.79,10,1,0
Manitoba,25-34,40-59k,Urban,2,0,2.1,10,0,0
New Brunswick,55-64,80-119k,Urban,2,0,2.75,10,0,0
Prince Edward Island,55-64,<40k,Rural,5,0,1.77,8,1,0
Alberta,25-34,80-119k,Urban,1,0,2.58,8,0,0
Prince Edward Island,35-44,80-119k,Urban,1,0,0.67,8,0,0
New Brunswick,35-44,40-59k,Urban,8,2,11.55,4,1,0
Prince Edward Island,55-64,80-119k,Urban,0,3,13.36,4,0,1
Quebec,55-64,80-119k,Urban,1,0,0.68,10,0,0
Manitoba,35-44,80-119k,Urban,0,3,17.28,4,0,0
Newfoundland and Labrador,45-54,40-59k,Urban,0,0,1.66,9,0,0
Alberta,55-64,<40k,Rural,1,1,6.2,6,0,1
Saskatchewan,18-24,40-59k,Urban,0,0,2.41,8,0,0
Ontario,35-44,40-59k,Urban,0,0,1.94,10,0,1
Newfoundland and Labrador,65+,80-119k,Rural,1,0,0.57,9,0,0
Ontario,55-64,80-119k,Urban,0,0,2.08,10,0,0
Manitoba,45-54,120k+,Urban,4,2,7.32,7,1,0
Alberta,45-54,<40k,Urban,5,0,0.6,10,1,0
British Columbia,35-44,<40k,Urban,2,0,1.93,9,0,0
Saskatchewan,45-54,80-119k,Rural,10,3,17.45,4,1,1
Quebec,45-54,40-59k,Urban,4,1,6.09,6,1,0
British Columbia,35-44,40-59k,Urban,4,0,1.0,9,1,0
Manitoba,45-54,60-79k,Urban,0,0,2.47,9,0,0
Newfoundland and Labrador,55-64,<40k,Urban,5,2,11.83,4,1,0
Quebec,25-34,80-119k,Urban,8,0,1.0,10,1,0
Prince Edward Island,35-44,40-59k,Rural,1,1,3.75,8,0,1
New Brunswick,35-44,80-119k,Rural,4,1,3.79,8,1,0
Quebec,45-54,80-119k,Urban,4,0,1.2,10,1,0
Manitoba,25-34,<40k,Urban,1,3,12.31,5,0,0
Nova Scotia,45-54,120k+,Urban,2,0,1.46,8,0,0
New Brunswick,55-64,60-79k,Urban,0,2,10.66,5,0,0
Ontario,35-44,120k+,Urban,0,1,5.12,7,0,0
Saskatchewan,65+,40-59k,Urban,0,1,6.88,6,0,0
Ontario,65+,60-79k,Urban,3,5,31.93,1,1,0
Quebec,25-34,60-79k,Rural,3,1,3.05,9,1,0
Ontario,25-34,80-119k,Urban,7,2,9.35,6,1,0
Manitoba,65+,60-79k,Urban,3,0,2.79,8,1,0
Prince Edward Island,65+,60-79k,Urban,1,2,7.48,7,0,1
Newfoundland and Labrador,18-24,120k+,Rural,0,2,8.11,7,0,1
Saskatchewan,18-24,40-59k,Urban,6,4,23.01,2,1,0
Ontario,25-34,40-59k,Urban,2,3,13.76,3,0,0
Ontario,65+,60-79k,Urban,4,0,2.3,8,1,0
Quebec,25-34,80-119k,Urban,0,0,1.26,8,0,0
Newfoundland and Labrador,35-44,60-79k,Urban,2,3,16.78,3,0,1
British Columbia,55-64,60-79k,Urban,1,1,5.21,6,0,0
Ontario,18-24,120k+,Urban,0,0,0.25,8,0,0
Manitoba,45-54,80-119k,Urban,5,0,1.16,10,1,0
Nova Scotia,25-34,<40k,Urban,2,0,1.0,8,0,0
Saskatchewan,55-64,40-59k,Urban,1,1,6.24,6,0,0
Ontario,25-34,120k+,Rural,5,2,10.12,5,1,0
Manitoba,45-54,80-119k,Urban,2,0,2.33,9,0,0
Manitoba,45-54,120k+,Urban,0,0,1.12,9,0,0
Saskatchewan,25-34,40-59k,Urban,8,1,5.77,7,1,0
British Columbia,18-24,80-119k,Urban,1,3,12.39,3,0,1
Manitoba,35-44,80-119k,Urban,5,0,0.11,9,1,0
Nova Scotia,25-34,40-59k,Urban,5,3,13.72,3,1,0
Manitoba,55-64,60-79k,Rural,0,0,2.32,8,0,0
Manitoba,55-64,80-119k,Urban,2,3,15.2,4,0,1
Manitoba,35-44,60-79k,Urban,0,2,9.04,6,0,1
Prince Edward Island,45-54,80-119k,Rural,1,4,24.28,1,0,0
Prince Edward Island,45-54,80-119k,Urban,4,2,9.49,6,1,0
British Columbia,55-64,80-119k,Urban,1,0,1.84,10,0,0
Ontario,35-44,80-119k,Rural,0,3,17.91,4,0,0
Manitoba,25-34,60-79k,Rural,2,1,5.09,7,0,1
Newfoundland and Labrador,25-34,40-59k,Urban,2,0,2.35,9,0,0
Ontario,45-54,80-119k,Urban,4,0,1.24,9,1,0
British Columbia,35-44,60-79k,Urban,5,0,0.11,10,1,0
Alberta,35-44,40-59k,Rural,4,2,11.17,3,1,0
Ontario,18-24,60-79k,Urban,6,1,6.78,7,1,0
Ontario,45-54,<40k,Urban,1,0,1.3,9,0,0
New Brunswick,25-34,80-119k,Urban,3,0,1.51,10,1,0
Quebec,25-34,40-59k,Urban,1,0,1.27,10,0,0
New Brunswick,35-44,40-59k,Urban,8,0,2.99,9,1,0
Nova Scotia,25-34,120k+,Urban,2,0,2.71,8,0,0
Prince Edward Island,45-54,80-119k,Urban,8,5,25.62,2,1,0
Prince Edward Island,35-44,80-119k,Rural,5,3,16.67,4,1,1
Quebec,35-44,80-119k,Urban,4,0,1.8,10,1,0
Saskatchewan,45-54,80-119k,Urban,2,1,3.1,10,0,1
Saskatchewan,25-34,80-119k,Rural,2,0,1.33,10,0,0
British Columbia,25-34,60-79k,Urban,2,0,0.45,10,0,0
Quebec,55-64,120k+,Urban,1,5,38.1,1,0,1
Ontario,35-44,40-59k,Rural,7,0,0.04,10,1,0
Saskatchewan,35-44,120k+,Urban,5,0,2.62,9,1,0
Manitoba,18-24,60-79k,Rural,5,1,6.76,6,1,0
Newfoundland and Labrador,35-44,60-79k,Urban,2,0,0.22,8,0,0
Ontario,45-54,<40k,Urban,0,0,2.16,10,0,0
Nova Scotia,45-54,60-79k,Urban,4,0,1.65,9,1,0
Manitoba,45-54,60-79k,Urban,1,0,2.86,9,0,0
Manitoba,25-34,120k+,Rural,6,0,2.39,10,1,0
Quebec,25-34,120k+,Urban,5,3,16.17,5,1,0
British Columbia,55-64,120k+,Urban,0,1,6.7,6,0,0
Nova Scotia,65+,40-59k,Urban,3,3,12.96,4,1,0
Saskatchewan,25-34,120k+,Urban,4,2,8.88,7,1,0
Quebec,35-44,60-79k,Urban,3,1,6.37,7,1,0
Saskatchewan,25-34,80-119k,Urban,2,0,0.3,8,0,0
Quebec,18-24,40-59k,Rural,1,1,6.74,6,0,1
Quebec,35-44,60-79k,Urban,1,0,2.24,8,0,0
Quebec,25-34,120k+,Urban,5,0,1.32,8,1,0
British Columbia,45-54,120k+,Urban,0,1,4.35,8,0,0
Quebec,45-54,80-119k,Rural,5,1,3.59,10,1,0
Alberta,25-34,80-119k,Urban,2,0,0.28,9,0,0
Newfoundland and Labrador,18-24,<40k,Urban,7,0,1.27,8,1,0
Saskatchewan,55-64,80-119k,Urban,13,0,2.53,10,1,0
Ontario,25-34,60-79k,Urban,4,1,5.13,7,1,0
New Brunswick,45-54,<40k,Urban,2,5,31.77,2,0,1
Nova Scotia,35-44,<40k,Urban,2,1,4.28,9,0,0
Prince Edward Island,45-54,<40k,Urban,0,2,7.78,6,0,0
British Columbia,25-34,80-119k,Urban,0,0,2.97,10,0,0
Ontario,18-24,<40k,Urban,3,0,0.08,8,1,0
Manitoba,25-34,60-79k,Urban,5,1,4.25,8,1,0
Alberta,25-34,40-59k,Urban,1,0,2.31,9,0,0
Prince Edward Island,35-44,60-79k,Urban,2,0,1.56,10,0,0
New Brunswick,45-54,80-119k,Urban,3,1,4.26,9,1,0
Ontario,25-34,80-119k,Urban,7,3,17.96,3,1,0
Prince Edward Island,18-24,60-79k,Urban,0,0,1.86,8,0,0
Ontario,35-44,60-79k,Urban,1,4,20.07,2,0,1
Alberta,45-54,40-59k,Urban,7,0,2.54,8,1,0
New Brunswick,65+,80-119k,Urban,0,0,0.45,9,0,0
Manitoba,45-54,40-59k,Rural,3,0,1.39,8,1,0
Quebec,35-44,40-59k,Rural,3,2,11.2,5,1,1
Saskatchewan,45-54,80-119k,Rural,1,0,2.95,8,0,0
Manitoba,65+,40-59k,Urban,2,1,4.53,9,0,0
Quebec,55-64,80-119k,Urban,6,0,0.41,8,1,0
British Columbia,35-44,40-59k,Rural,0,0,1.7,10,0,0
Newfoundland and Labrador,25-34,80-119k,Urban,1,0,2.83,10,0,0
Nova Scotia,25-34,<40k,Urban,2,0,2.0,9,0,0
Nova Scotia,35-44,40-59k,Urban,2,0,1.81,8,0,0
Saskatchewan,55-64,40-59k,Urban,3,0,0.93,9,1,0
New Brunswick,35-44,80-119k,Rural,7,2,10.03,5,1,0
Alberta,18-24,120k+,Urban,7,2,11.42,4,1,0
New Brunswick,55-64,60-79k,Urban,1,0,1.13,8,0,1
Alberta,55-64,80-119k,Urban,1,1,3.97,8,0,0
New Brunswick,25-34,80-119k,Urban,0,0,1.44,10,0,0
Newfoundland and Labrador,45-54,120k+,Urban,7,1,4.5,10,1,0
British Columbia,35-44,80-119k,Urban,1,1,4.88,10,0,0
British Columbia,55-64,<40k,Urban,2,0,0.29,10,0,0
Quebec,55-64,80-119k,Urban,5,3,14.02,5,1,0
Prince Edward Island,45-54,60-79k,Urban,2,3,16.96,3,0,0
British Columbia,45-54,<40k,Rural,0,0,1.2,8,0,0
British Columbia,55-64,40-59k,Urban,2,1,6.87,6,0,0
Manitoba,35-44,120k+,Urban,3,0,2.13,9,1,0
Manitoba,25-34,120k+,Urban,4,0,1.1,9,1,0
Quebec,55-64,80-119k,Urban,3,4,19.76,5,1,0
Prince Edward Island,25-34,120k+,Urban,0,1,5.74,7,0,1
Saskatchewan,35-44,80-119k,Urban,1,0,0.91,8,0,0
Manitoba,55-64,<40k,Urban,4,1,6.71,6,1,0
Saskatchewan,55-64,40-59k,Urban,6,2,7.58,7,1,0
Ontario,35-44,<40k,Urban,0,3,12.17,3,0,1
Manitoba,25-34,<40k,Urban,0,0,0.66,8,0,0
Newfoundland and Labrador,35-44,40-59k,Urban,3,2,10.03,3,1,0
Prince Edward Island,25-34,60-79k,Urban,3,2,11.17,3,1,0
Quebec,25-34,80-119k,Urban,0,1,3.68,8,0,0
Ontario,55-64,80-119k,Urban,3,0,1.75,8,1,0
Prince Edward Island,25-34,60-79k,Urban,9,0,0.43,8,1,0
Newfoundland and Labrador,35-44,120k+,Urban,3,0,1.69,9,1,0
Prince Edward Island,35-44,60-79k,Urban,2,0,0.05,9,0,0
Newfoundland and Labrador,65+,120k+,Urban,5,2,9.79,6,1,0
Newfoundland and Labrador,35-44,60-79k,Urban,0,2,9.61,6,0,0
Saskatchewan,18-24,40-59k,Rural,2,0,0.13,10,0,0
New Brunswick,18-24,120k+,Urban,2,2,10.45,4,0,1
Ontario,45-54,40-59k,Urban,2,2,9.86,6,0,1
Prince Edward Island,45-54,60-79k,Urban,7,1,5.49,7,1,0
Alberta,35-44,40-59k,Urban,1,0,1.59,9,0,0
Ontario,35-44,80-119k,Urban,0,0,2.17,10,0,0
New Brunswick,18-24,120k+,Rural,7,0,1.58,8,1,0
Ontario,35-44,<40k,Urban,0,0,2.77,10,0,0
British Columbia,35-44,120k+,Urban,1,0,2.83,8,0,0
Alberta,25-34,<40k,Urban,2,2,10.63,3,0,0
New Brunswick,25-34,40-59k,Urban,9,0,2.74,8,1,0
Saskatchewan,25-34,<40k,Urban,2,0,2.77,9,0,0
Prince Edward Island,25-34,80-119k,Urban,2,5,28.93,2,0,1
Nova Scotia,45-54,<40k,Urban,3,2,11.97,5,1,0
New Brunswick,25-34,60-79k,Urban,9,2,8.34,6,1,0
Quebec,25-34,40-59k,Rural,5,0,0.06,10,1,0
Prince Edward Island,25-34,<40k,Urban,0,1,6.85,7,0,0
New Brunswick,65+,80-119k,Urban,5,0,0.67,9,1,0
British Columbia,55-64,40-59k,Urban,6,1,5.34,7,1,0
Nova Scotia,25-34,40-59k,Urban,4,0,2.91,8,1,0
British Columbia,35-44,40-59k,Urban,3,0,0.15,8,1,0
Nova Scotia,25-34,60-79k,Urban,2,5,29.04,2,0,1
Quebec,35-44,80-119k,Urban,3,0,1.83,10,1,0
Prince Edward Island,18-24,<40k,Urban,4,0,2.29,8,1,0
Saskatchewan,45-54,40-59k,Urban,0,0,2.42,8,0,0
British Columbia,45-54,60-79k,Rural,1,0,2.65,9,0,0
British Columbia,55-64,40-59k,Urban,0,0,0.51,9,0,0
Newfoundland and Labrador,25-34,120k+,Urban,6,2,8.85,7,1,0
Nova Scotia,55-64,80-119k,Urban,4,0,2.14,10,1,0
Manitoba,55-64,80-119k,Urban,2,0,2.15,9,0,0
Prince Edward Island,25-34,40-59k,Urban,5,1,4.23,10,1,0
Nova Scotia,35-44,80-119k,Urban,4,2,8.52,6,1,0
Newfoundland and Labrador,25-34,80-119k,Urban,7,5,29.81,1,1,1
Ontario,25-34,60-79k,Rural,0,0,2.68,8,0,0
Nova Scotia,25-34,80-119k,Urban,2,0,2.73,8,0,0
Saskatchewan,45-54,80-119k,Urban,4,0,0.04,9,1,0
Prince Edward Island,35-44,60-79k,Urban,0,3,13.95,3,0,1
Newfoundland and Labrador,65+,40-59k,Urban,1,0,1.18,9,0,0
Ontario,25-34,80-119k,Rural,2,2,11.91,3,0,0
Alberta,65+,40-59k,Urban,5,5,39.16,1,1,1
Newfoundland and Labrador,25-34,80-119k,Urban,2,1,5.51,7,0,0
Alberta,55-64,80-119k,Rural,2,0,0.14,10,0,0
Prince Edward Island,35-44,80-119k,Urban,2,0,0.57,9,0,0
British Columbia,25-34,60-79k,Urban,1,0,1.3,10,0,0
Newfoundland and Labrador,55-64,40-59k,Rural,7,2,11.8,4,1,0
Quebec,25-34,<40k,Urban,1,0,0.28,10,0,0
Alberta,45-54,80-119k,Urban,3,1,6.17,7,1,0
Saskatchewan,45-54,120k+,Urban,0,0,0.57,10,0,0
Quebec,35-44,80-119k,Urban,2,0,1.52,9,0,0
New Brunswick,35-44,<40k,Urban,7,0,2.3,10,1,0
New Brunswick,55-64,120k+,Rural,12,1,5.77,7,1,0
Ontario,18-24,120k+,Urban,1,0,2.33,10,0,0
British Columbia,45-54,60-79k,Rural,0,1,6.25,6,0,0
Prince Edward Island,55-64,60-79k,Urban,1,1,4.22,8,0,0
Newfoundland and Labrador,18-24,80-119k,Urban,1,4,20.55,1,0,1
Manitoba,25-34,80-119k,Urban,3,3,16.89,4,1,0
Saskatchewan,45-54,120k+,Urban,2,1,3.15,10,0,0
Alberta,35-44,<40k,Urban,5,2,9.57,7,1,0
Prince Edward Island,35-44,60-79k,Urban,4,0,2.76,8,1,0
Quebec,25-34,80-119k,Urban,1,1,6.54,7,0,0
New Brunswick,35-44,120k+,Rural,5,0,2.41,9,1,0
Saskatchewan,25-34,120k+,Urban,6,0,0.06,10,1,0
Manitoba,35-44,120k+,Urban,3,1,6.55,7,1,0
Newfoundland and Labrador,55-64,60-79k,Urban,7,0,2.73,9,1,0
Ontario,25-34,80-119k,Urban,5,0,1.99,10,1,0
Manitoba,35-44,60-79k,Urban,3,0,0.9,8,1,0
Saskatchewan,65+,60-79k,Urban,7,3,14.94,5,1,0
Manitoba,45-54,40-59k,Rural,3,0,2.29,8,1,0
Saskatchewan,55-64,80-119k,Urban,2,0,2.44,8,0,1
Saskatchewan,35-44,120k+,Urban,1,3,14.06,3,0,0
Nova Scotia,55-64,40-59k,Rural,6,0,0.98,8,1,0
Alberta,18-24,<40k,Rural,0,4,23.15,2,0,1
New Brunswick,25-34,80-119k,Rural,2,3,16.12,3,0,0
Nova Scotia,25-34,80-119k,Urban,2,0,1.54,9,0,0
Newfoundland and Labrador,35-44,120k+,Urban,3,1,4.68,10,1,0
Nova Scotia,55-64,40-59k,Urban,3,5,34.86,1,1,0
British Columbia,35-44,<40k,Rural,2,1,3.13,8,0,1
British Columbia,45-54,60-79k,Rural,1,0,0.23,8,0,0
New Brunswick,45-54,<40k,Urban,6,2,9.87,6,1,0
Manitoba,45-54,40-59k,Urban,3,0,0.63,8,1,0
Alberta,35-44,<40k,Urban,6,0,2.32,10,1,0
New Brunswick,45-54,40-59k,Urban,1,3,16.63,3,0,1
Saskatchewan,35-44,<40k,Urban,3,0,2.13,10,1,0
Quebec,18-24,120k+,Urban,4,1,6.61,6,1,0
Alberta,65+,40-59k,Rural,1,0,0.42,10,0,1
Alberta,25-34,60-79k,Urban,5,2,8.3,7,1,0
Saskatchewan,18-24,120k+,Urban,0,0,0.76,9,0,0
Saskatchewan,55-64,80-119k,Urban,3,0,2.35,9,1,0
Ontario,25-34,60-79k,Urban,3,0,1.56,8,1,0
New Brunswick,45-54,80-119k,Urban,2,0,0.76,10,0,0
Saskatchewan,35-44,80-119k,Rural,3,0,0.41,10,1,0
British Columbia,35-44,120k+,Urban,0,0,2.68,8,0,1
Newfoundland and Labrador,25-34,80-119k,Urban,4,4,22.84,2,1,0
Quebec,35-44,120k+,Urban,1,0,1.59,8,0,0
New Brunswick,35-44,60-79k,Urban,2,0,2.9,10,0,0
Prince Edward Island,55-64,40-59k,Urban,1,0,2.55,9,0,0
British Columbia,35-44,120k+,Urban,2,5,27.67,1,0,1
Manitoba,65+,60-79k,Urban,3,1,5.03,6,1,0
Saskatchewan,18-24,120k+,Urban,5,1,4.94,10,1,0
Prince Edward Island,35-44,<40k,Urban,2,0,2.53,8,0,0
Saskatchewan,45-54,40-59k,Urban,1,0,0.45,9,0,0
Alberta,65+,120k+,Urban,2,0,1.36,10,0,0
British Columbia,18-24,40-59k,Urban,4,1,5.55,6,1,0
Alberta,45-54,120k+,Urban,1,0,2.84,10,0,0
Ontario,55-64,120k+,Urban,2,1,6.6,7,0,0
Alberta,25-34,120k+,Urban,3,0,1.6,10,1,0
Ontario,55-64,60-79k,Rural,1,0,1.82,8,0,0
Ontario,18-24,80-119k,Urban,0,0,2.56,8,0,0
Prince Edward Island,55-64,80-119k,Urban,0,0,2.23,10,0,0
Saskatchewan,65+,80-119k,Rural,1,0,2.64,10,0,0
Manitoba,45-54,80-119k,Urban,0,0,2.69,8,0,0
Alberta,35-44,120k+,Urban,3,0,2.5,8,1,0
British Columbia,18-24,80-119k,Urban,0,1,3.04,10,0,0
Ontario,65+,120k+,Urban,1,0,0.93,9,0,0
Saskatchewan,35-44,<40k,Urban,1,0,1.21,8,0,0
Quebec,18-24,<40k,Urban,3,0,2.03,9,1,0
New Brunswick,45-54,60-79k,Urban,6,0,0.92,9,1,0
Prince Edward Island,35-44,40-59k,Urban,3,0,0.97,9,1,0
Manitoba,25-34,80-119k,Urban,3,0,1.2,8,1,0
Nova Scotia,25-34,<40k,Urban,4,0,2.87,9,1,0
Prince Edward Island,18-24,120k+,Urban,0,0,1.31,10,0,0
Quebec,45-54,40-59k,Urban,0,2,7.7,6,0,0
New Brunswick,45-54,60-79k,Urban,0,1,3.03,10,0,0
Quebec,35-44,40-59k,Urban,0,0,0.71,8,0,0
Alberta,55-64,60-79k,Urban,1,0,2.82,9,0,0
Ontario,55-64,<40k,Urban,2,0,2.86,10,0,0
Manitoba,45-54,<40k,Urban,0,0,1.59,9,0,0
Newfoundland and Labrador,18-24,80-119k,Urban,7,0,1.94,8,1,0
Ontario,45-54,40-59k,Urban,6,0,2.39,10,1,0
Newfoundland and Labrador,35-44,40-59k,Urban,9,2,7.28,7,1,0
New Brunswick,45-54,80-119k,Rural,0,0,1.12,8,0,0
Saskatchewan,45-54,<40k,Rural,6,1,5.57,7,1,0
Nova Scotia,35-44,60-79k,Rural,5,1,6.59,7,1,0
British Columbia,65+,<40k,Rural,7,1,5.91,6,1,0
Ontario,25-34,40-59k,Urban,2,3,14.1,4,0,1
Manitoba,45-54,80-119k,Urban,5,0,2.73,9,1,0
Quebec,18-24,<40k,Urban,0,0,1.99,9,0,1
Manitoba,65+,120k+,Urban,0,1,6.32,7,0,0
New Brunswick,25-34,120k+,Urban,0,0,1.16,8,0,1
Newfoundland and Labrador,18-24,<40k,Urban,7,5,25.03,1,1,1
Quebec,35-44,120k+,Urban,0,0,0.5,9,0,1
British Columbia,35-44,40-59k,Urban,0,0,2.78,9,0,0
British Columbia,25-34,<40k,Urban,7,1,3.13,8,1,0
Ontario,45-54,<40k,Urban,0,0,1.79,10,0,0
New Brunswick,35-44,60-79k,Urban,6,0,1.23,10,1,0
Saskatchewan,18-24,80-119k,Rural,5,3,14.58,4,1,0
New Brunswick,25-34,40-59k,Rural,0,0,1.2,9,0,1
Newfoundland and Labrador,55-64,80-119k,Urban,0,0,0.2,10,0,0
Manitoba,45-54,80-119k,Urban,2,0,0.37,10,0,0
British Columbia,55-64,40-59k,Rural,13,0,0.19,8,1,0
Manitoba,45-54,80-119k,Urban,6,0,0.16,9,1,0
Manitoba,25-34,120k+,Rural,1,0,0.26,8,0,0
Manitoba,18-24,<40k,Urban,1,0,2.09,9,0,1
British Columbia,25-34,40-59k,Urban,1,5,26.71,2,0,0
Prince Edward Island,55-64,60-79k,Urban,4,1,4.05,8,1,0
Alberta,65+,60-79k,Urban,1,2,10.28,4,0,0
Newfoundland and Labrador,35-44,60-79k,Urban,0,0,0.34,10,0,0
Prince Edward Island,18-24,40-59k,Urban,4,0,2.73,10,1,0
Newfoundland and Labrador,25-34,80-119k,Urban,2,1,4.91,8,0,0
Quebec,35-44,80-119k,Urban,0,1,6.85,6,0,1
New Brunswick,45-54,60-79k,Urban,5,0,0.58,9,1,0
New Brunswick,18-24,<40k,Urban,3,0,0.09,8,1,0
Nova Scotia,65+,60-79k,Urban,2,0,1.77,10,0,0
New Brunswick,35-44,40-59k,Urban,4,0,0.99,8,1,0
British Columbia,65+,60-79k,Urban,2,2,9.86,6,0,0
Saskatchewan,55-64,120k+,Urban,3,0,1.42,9,1,0
Ontario,55-64,60-79k,Urban,6,0,1.37,9,1,0
Nova Scotia,45-54,<40k,Urban,3,1,6.4,6,1,0
Ontario,45-54,60-79k,Urban,4,0,0.58,10,1,0
Newfoundland and Labrador,45-54,80-119k,Rural,3,2,9.5,6,1,0
Ontario,45-54,80-119k,Rural,2,3,14.5,3,0,1
Ontario,45-54,60-79k,Urban,0,0,2.02,8,0,0
Nova Scotia,65+,40-59k,Urban,1,1,3.2,10,0,0
Quebec,55-64,60-79k,Urban,4,0,1.59,9,1,0
Manitoba,55-64,60-79k,Urban,2,0,1.44,8,0,0
New Brunswick,55-64,120k+,Urban,2,1,6.89,7,0,1
New Brunswick,25-34,80-119k,Rural,5,1,6.02,7,1,0
British Columbia,18-24,80-119k,Urban,0,1,3.62,9,0,0
Nova Scotia,35-44,60-79k,Urban,4,2,9.55,7,1,0
British Columbia,35-44,40-59k,Urban,2,0,2.35,8,0,0
Saskatchewan,55-64,80-119k,Urban,1,1,5.1,6,0,0
Saskatchewan,35-44,60-79k,Urban,1,1,4.43,9,0,0
British Columbia,45-54,120k+,Urban,0,0,1.13,9,0,0
Nova Scotia,45-54,60-79k,Urban,1,4,20.57,1,0,1
British Columbia,18-24,<40k,Urban,1,0,0.06,10,0,0
New Brunswick,45-54,80-119k,Urban,2,1,5.92,7,0,1
Prince Edward Island,55-64,<40k,Urban,4,2,10.05,4,1,1
Alberta,25-34,40-59k,Urban,2,0,0.81,8,0,0
Ontario,45-54,40-59k,Urban,5,0,1.89,8,1,0
Alberta,45-54,80-119k,Urban,3,0,0.93,10,1,0
Nova Scotia,25-34,60-79k,Urban,0,0,0.73,9,0,0
Alberta,25-34,<40k,Rural,1,0,2.22,10,0,0
Saskatchewan,65+,60-79k,Urban,0,0,2.43,10,0,0
Newfoundland and Labrador,35-44,60-79k,Urban,8,0,1.88,8,1,0
Ontario,25-34,120k+,Urban,6,0,2.35,10,1,0
Manitoba,25-34,60-79k,Urban,0,0,1.1,8,0,0
Nova Scotia,45-54,80-119k,Urban,3,0,0.22,8,1,0
Ontario,45-54,40-59k,Urban,8,1,5.42,7,1,0
Alberta,45-54,80-119k,Urban,4,2,8.28,7,1,0
Saskatchewan,18-24,80-119k,Urban,2,0,2.33,10,0,0
Quebec,55-64,120k+,Urban,1,0,1.07,8,0,0
Prince Edward Island,35-44,<40k,Urban,1,5,35.06,2,0,0
Manitoba,25-34,60-79k,Urban,4,0,1.66,9,1,0
Prince Edward Island,35-44,80-119k,Urban,5,2,11.09,4,1,1
Ontario,35-44,<40k,Urban,2,0,2.5,8,0,0
Saskatchewan,55-64,60-79k,Urban,0,0,0.2,9,0,0
Saskatchewan,65+,120k+,Urban,7,1,4.18,10,1,0
Alberta,25-34,60-79k,Urban,6,4,24.1,1,1,1
New Brunswick,55-64,120k+,Urban,0,3,14.42,4,0,0
Alberta,55-64,<40k,Urban,0,1,5.06,6,0,0
New Brunswick,65+,80-119k,Urban,2,0,0.55,10,0,1
New Brunswick,25-34,60-79k,Urban,1,0,1.66,8,0,0
Manitoba,45-54,60-79k,Rural,1,0,0.79,9,0,0
Alberta,25-34,120k+,Urban,0,0,2.49,10,0,0
Quebec,55-64,<40k,Urban,8,3,13.2,5,1,0
British Columbia,18-24,120k+,Urban,5,0,1.08,10,1,0
British Columbia,45-54,80-119k,Urban,0,0,0.29,10,0,0
Alberta,35-44,40-59k,Urban,6,0,1.76,10,1,0
Alberta,35-44,120k+,Urban,4,0,2.83,10,1,0
Prince Edward Island,45-54,60-79k,Rural,1,0,0.52,10,0,0
Manitoba,55-64,80-119k,Urban,6,0,0.06,9,1,0
Alberta,45-54,40-59k,Urban,3,0,1.27,8,1,0
Prince Edward Island,55-64,80-119k,Urban,6,2,10.74,3,1,1
New Brunswick,25-34,80-119k,Urban,2,1,6.9,6,0,0
Saskatchewan,35-44,<40k,Urban,2,0,0.15,10,0,0
Saskatchewan,35-44,80-119k,Urban,1,1,6.14,7,0,0
New Brunswick,18-24,40-59k,Rural,1,1,4.47,8,0,0
Nova Scotia,45-54,60-79k,Urban,3,0,0.46,8,1,0
Prince Edward Island,45-54,<40k,Urban,8,0,0.58,8,1,0
Prince Edward Island,45-54,<40k,Urban,3,2,11.62,5,1,0
New Brunswick,55-64,40-59k,Rural,0,0,2.43,10,0,0
Quebec,45-54,60-79k,Urban,0,0,0.94,8,0,0
Newfoundland and Labrador,18-24,60-79k,Rural,6,0,2.82,9,1,0
Ontario,25-34,60-79k,Urban,1,2,7.53,7,0,0
New Brunswick,45-54,40-59k,Urban,1,1,4.29,8,0,1
Alberta,25-34,80-119k,Urban,5,4,22.57,1,1,0
Alberta,18-24,80-119k,Urban,8,0,3.0,9,1,0
Manitoba,35-44,40-59k,Urban,4,0,1.4,8,1,0
New Brunswick,45-54,120k+,Urban,0,1,6.24,7,0,0
Manitoba,35-44,80-119k,Urban,1,0,2.75,8,0,0
New Brunswick,55-64,80-119k,Urban,5,0,0.03,10,1,0
Prince Edward Island,45-54,40-59k,Urban,7,0,0.87,10,1,0
Ontario,35-44,<40k,Rural,13,0,0.3,9,1,0
Prince Edward Island,55-64,80-119k,Urban,2,2,10.88,3,0,0
Newfoundland and Labrador,45-54,80-119k,Urban,5,1,5.27,6,1,0
Saskatchewan,45-54,<40k,Urban,0,0,0.29,8,0,0
British Columbia,45-54,40-59k,Urban,1,1,4.68,10,0,1
New Brunswick,18-24,80-119k,Urban,1,1,5.06,7,0,0
Newfoundland and Labrador,45-54,80-119k,Urban,9,3,16.19,3,1,0
Saskatchewan,35-44,80-119k,Rural,0,2,10.9,4,0,1
Nova Scotia,65+,<40k,Urban,1,0,0.26,10,0,0
Ontario,55-64,60-79k,Urban,7,2,9.44,6,1,0
Manitoba,45-54,<40k,Urban,1,0,0.48,10,0,0
Manitoba,25-34,40-59k,Urban,1,0,2.26,10,0,0
Prince Edward Island,25-34,<40k,Rural,4,0,1.97,8,1,0
Alberta,35-44,120k+,Urban,4,0,2.17,10,1,0
Saskatchewan,35-44,60-79k,Urban,2,2,7.37,6,0,0
Nova Scotia,25-34,80-119k,Urban,8,1,5.04,7,1,0
Newfoundland and Labrador,35-44,<40k,Urban,0,1,6.36,7,0,0
Ontario,25-34,40-59k,Urban,7,3,16.28,5,1,0
Saskatchewan,65+,40-59k,Urban,4,0,2.59,8,1,0
Nova Scotia,25-34,40-59k,Urban,1,0,0.62,8,0,1
British Columbia,65+,80-119k,Rural,5,1,4.15,8,1,0
New Brunswick,65+,40-59k,Urban,0,2,9.21,7,0,0
Manitoba,45-54,40-59k,Urban,0,4,21.66,1,0,1
Newfoundland and Labrador,55-64,<40k,Urban,7,0,0.76,8,1,0
Manitoba,35-44,<40k,Urban,0,2,8.91,7,0,1
Newfoundland and Labrador,45-54,80-119k,Urban,0,2,10.44,4,0,0
Prince Edward Island,35-44,60-79k,Urban,1,0,1.94,9,0,0
Alberta,25-34,80-119k,Urban,0,1,3.44,9,0,0
Newfoundland and Labrador,45-54,80-119k,Urban,6,0,2.96,9,1,0
Manitoba,35-44,<40k,Urban,7,0,1.69,9,1,0
Prince Edward Island,45-54,<40k,Urban,2,3,14.9,3,0,1
Newfoundland and Labrador,25-34,80-119k,Rural,2,2,11.84,5,0,1
British Columbia,35-44,80-119k,Urban,3,1,3.56,9,1,0
Alberta,18-24,40-59k,Urban,1,2,9.72,6,0,1
Newfoundland and Labrador,18-24,<40k,Urban,1,0,2.42,10,0,0
Prince Edward Island,25-34,<40k,Urban,0,0,1.2,8,0,0
Saskatchewan,18-24,40-59k,Urban,2,0,2.21,10,0,0
Quebec,25-34,<40k,Urban,3,2,11.5,4,1,0
Nova Scotia,55-64,40-59k,Urban,7,3,13.57,5,1,0
Quebec,18-24,60-79k,Urban,4,1,3.97,8,1,0
Quebec,45-54,<40k,Urban,4,4,20.52,2,1,0
Ontario,25-34,<40k,Urban,1,1,4.67,10,0,0
British Columbia,55-64,120k+,Urban,6,1,3.44,10,1,0
Saskatchewan,35-44,60-79k,Urban,8,1,3.93,10,1,0
New Brunswick,25-34,120k+,Urban,7,2,11.37,4,1,0
Newfoundland and Labrador,35-44,40-59k,Urban,0,0,1.7,9,0,1
Nova Scotia,35-44,80-119k,Urban,3,0,0.8,10,1,0
Alberta,45-54,40-59k,Rural,3,0,2.83,10,1,0
Saskatchewan,25-34,60-79k,Urban,1,3,16.65,3,0,0
Manitoba,65+,<40k,Urban,11,4,20.54,2,1,0
New Brunswick,35-44,<40k,Urban,1,0,2.3,10,0,0
Ontario,35-44,120k+,Urban,0,3,15.58,3,0,1
Ontario,45-54,60-79k,Urban,2,0,2.05,8,0,0
Saskatchewan,35-44,120k+,Urban,1,0,0.96,10,0,0
Prince Edward Island,55-64,40-59k,Urban,7,2,8.05,7,1,0
Quebec,35-44,40-59k,Urban,2,0,0.76,9,0,0
Manitoba,45-54,60-79k,Urban,2,0,0.25,8,0,1
Ontario,25-34,80-119k,Urban,3,0,1.41,9,1,0
Nova Scotia,55-64,60-79k,Urban,0,0,1.22,9,0,0
Ontario,55-64,120k+,Urban,4,1,3.01,9,1,0
Alberta,25-34,<40k,Urban,5,0,2.57,8,1,0
Newfoundland and Labrador,25-34,80-119k,Urban,2,1,5.73,6,0,0
Ontario,25-34,40-59k,Urban,8,1,4.79,10,1,0
Alberta,65+,40-59k,Urban,3,0,2.9,8,1,0
Saskatchewan,25-34,60-79k,Rural,4,1,6.76,7,1,0
Saskatchewan,35-44,60-79k,Urban,7,5,26.43,1,1,0
New Brunswick,18-24,<40k,Urban,4,0,1.85,8,1,0
Ontario,35-44,40-59k,Urban,2,1,6.27,7,0,1
Nova Scotia,45-54,60-79k,Urban,0,2,7.86,7,0,0
Ontario,65+,60-79k,Urban,4,0,0.38,8,1,0
Nova Scotia,35-44,40-59k,Urban,9,0,0.78,9,1,0
British Columbia,55-64,<40k,Urban,2,0,0.84,8,0,0
New Brunswick,45-54,<40k,Urban,1,1,6.86,7,0,0
British Columbia,18-24,120k+,Urban,2,0,2.34,9,0,0
Ontario,25-34,120k+,Rural,4,0,0.18,10,1,0
New Brunswick,45-54,60-79k,Urban,0,0,2.36,9,0,0
British Columbia,65+,120k+,Urban,6,0,0.51,9,1,0
Quebec,55-64,80-119k,Urban,6,1,4.43,8,1,0
Ontario,25-34,<40k,Urban,3,2,8.59,7,1,0
British Columbia,25-34,<40k,Urban,0,0,0.82,10,0,0
Quebec,25-34,120k+,Urban,4,0,0.93,8,1,0
Quebec,65+,80-119k,Urban,0,1,6.02,7,0,0
Saskatchewan,55-64,80-119k,Urban,2,1,4.07,9,0,0
Ontario,55-64,120k+,Urban,0,3,16.8,4,0,0
Quebec,35-44,60-79k,Urban,3,0,0.27,9,1,0
Saskatchewan,35-44,<40k,Urban,1,1,5.38,6,0,0
British Columbia,35-44,40-59k,Urban,5,0,2.59,8,1,0
Alberta,25-34,<40k,Urban,5,2,7.4,6,1,0
Ontario,35-44,40-59k,Rural,13,0,1.9,10,1,0
New Brunswick,18-24,60-79k,Urban,1,1,5.05,7,0,0
Nova Scotia,25-34,<40k,Rural,0,0,1.0,9,0,0
Nova Scotia,55-64,<40k,Urban,2,0,0.3,10,0,0
British Columbia,55-64,60-79k,Urban,0,0,2.03,9,0,0
Prince Edward Island,35-44,40-59k,Urban,0,0,0.93,8,0,0
Prince Edward Island,35-44,60-79k,Urban,3,0,1.02,9,1,0
British Columbia,35-44,60-79k,Urban,3,0,2.15,9,1,0
Quebec,55-64,80-119k,Urban,0,0,2.84,10,0,0
Ontario,55-64,120k+,Urban,2,0,1.0,8,0,0
Nova Scotia,55-64,<40k,Urban,2,1,5.99,7,0,0
Nova Scotia,55-64,<40k,Urban,1,2,11.78,3,0,0
Quebec,25-34,80-119k,Rural,6,0,0.29,10,1,0
Nova Scotia,35-44,60-79k,Urban,0,0,1.59,9,0,1
New Brunswick,35-44,80-119k,Urban,1,0,0.03,9,0,0
Ontario,35-44,40-59k,Rural,0,0,2.48,9,0,0
Newfoundland and Labrador,55-64,80-119k,Urban,0,0,0.86,9,0,0
Nova Scotia,35-44,120k+,Urban,6,0,1.0,8,1,0
British Columbia,25-34,80-119k,Urban,1,3,16.12,5,0,0
New Brunswick,35-44,<40k,Rural,4,2,10.95,5,1,0
Nova Scotia,65+,120k+,Urban,2,0,1.2,9,0,1
New Brunswick,25-34,80-119k,Urban,3,1,5.66,6,1,0
Saskatchewan,45-54,80-119k,Urban,7,0,2.87,10,1,0
Newfoundland and Labrador,35-44,<40k,Rural,6,0,2.66,8,1,0
Manitoba,18-24,80-119k,Rural,0,2,10.51,3,0,0
British Columbia,35-44,<40k,Urban,6,0,2.83,8,1,0
British Columbia,45-54,40-59k,Rural,2,1,6.5,6,0,0
Ontario,35-44,60-79k,Urban,1,0,2.19,9,0,0
New Brunswick,55-64,40-59k,Urban,4,1,6.67,6,1,0
Quebec,25-34,80-119k,Rural,8,0,2.45,9,1,0
British Columbia,18-24,60-79k,Urban,0,1,5.01,6,0,0
New Brunswick,65+,<40k,Urban,5,0,1.51,10,1,0
New Brunswick,35-44,80-119k,Urban,0,0,0.03,8,0,0
Alberta,45-54,120k+,Urban,1,3,12.18,4,0,1
Alberta,55-64,<40k,Rural,6,1,5.98,7,1,0
Manitoba,35-44,60-79k,Rural,3,2,9.77,7,1,0
Saskatchewan,45-54,40-59k,Urban,0,0,2.28,10,0,0
Manitoba,25-34,60-79k,Rural,2,0,2.85,8,0,0
Nova Scotia,25-34,40-59k,Urban,5,0,1.36,10,1,0
Quebec,25-34,40-59k,Urban,2,0,0.27,9,0,0
Nova Scotia,55-64,<40k,Urban,0,1,5.51,6,0,0
Prince Edward Island,25-34,120k+,Urban,2,2,7.5,6,0,0
Nova Scotia,45-54,80-119k,Urban,7,3,15.73,3,1,1
Ontario,65+,60-79k,Urban,3,0,1.58,8,1,0
Nova Scotia,45-54,40-59k,Urban,4,0,2.14,9,1,0
Manitoba,45-54,60-79k,Urban,5,2,8.75,6,1,0
British Columbia,35-44,40-59k,Urban,0,2,7.72,7,0,0
British Columbia,35-44,40-59k,Urban,3,2,8.18,7,1,0
Alberta,35-44,60-79k,Urban,1,1,5.73,6,0,0
Quebec,45-54,40-59k,Urban,0,3,14.87,4,0,1
Quebec,65+,40-59k,Urban,0,0,1.62,8,0,0
Ontario,65+,60-79k,Urban,5,1,4.29,10,1,0
Manitoba,55-64,80-119k,Urban,0,0,2.51,8,0,0
Alberta,55-64,<40k,Rural,1,1,7.0,7,0,0
Prince Edward Island,35-44,<40k,Urban,1,1,4.25,10,0,0
Quebec,45-54,40-59k,Urban,0,0,2.16,10,0,0
British Columbia,55-64,120k+,Rural,2,1,3.68,8,0,0
Nova Scotia,35-44,80-119k,Urban,5,0,2.23,10,1,0
Nova Scotia,65+,60-79k,Rural,0,0,1.29,10,0,0
Alberta,35-44,120k+,Urban,0,0,1.82,8,0,0
Manitoba,45-54,60-79k,Urban,4,0,0.71,8,1,0
Manitoba,45-54,120k+,Urban,3,0,2.55,8,1,0
Saskatchewan,65+,40-59k,Urban,4,0,0.52,9,1,0
Newfoundland and Labrador,25-34,40-59k,Rural,1,0,2.79,8,0,1
Quebec,55-64,80-119k,Rural,5,0,0.18,8,1,0
Manitoba,45-54,40-59k,Rural,2,0,0.86,10,0,0
British Columbia,25-34,80-119k,Rural,3,1,5.25,6,1,0
Alberta,55-64,40-59k,Rural,0,1,6.43,6,0,1
Prince Edward Island,45-54,60-79k,Urban,0,4,22.04,2,0,1
Saskatchewan,45-54,40-59k,Rural,5,0,0.65,9,1,0
New Brunswick,35-44,<40k,Urban,1,2,11.3,3,0,1
Ontario,35-44,120k+,Urban,0,0,1.79,10,0,0
Prince Edward Island,45-54,120k+,Urban,3,0,0.7,10,1,0
New Brunswick,35-44,120k+,Rural,3,0,1.69,10,1,0
Nova Scotia,25-34,80-119k,Urban,3,0,2.03,9,1,0
Ontario,65+,80-119k,Rural,3,0,2.04,8,1,0
Quebec,35-44,60-79k,Urban,2,2,10.62,4,0,1
British Columbia,55-64,<40k,Urban,2,3,17.37,5,0,1
Ontario,35-44,40-59k,Rural,7,4,23.77,2,1,0
Newfoundland and Labrador,35-44,40-59k,Urban,2,2,10.04,3,0,1
New Brunswick,35-44,120k+,Rural,3,1,3.13,8,1,0
Quebec,35-44,<40k,Urban,1,0,2.25,10,0,1
Newfoundland and Labrador,45-54,120k+,Urban,6,3,17.85,4,1,0
Nova Scotia,45-54,60-79k,Rural,0,1,4.22,10,0,0
Newfoundland and Labrador,35-44,80-119k,Urban,3,0,1.82,10,1,0
Saskatchewan,25-34,<40k,Urban,1,1,6.07,6,0,0
Saskatchewan,35-44,40-59k,Urban,3,0,1.92,10,1,0
Alberta,25-34,120k+,Urban,1,1,6.69,6,0,1
Prince Edward Island,25-34,40-59k,Urban,4,3,14.84,3,1,1
Prince Edward Island,65+,40-59k,Urban,0,1,5.13,7,0,0
Quebec,45-54,40-59k,Rural,2,3,12.23,4,0,0
Nova Scotia,45-54,<40k,Urban,5,2,11.5,4,1,1
Manitoba,35-44,40-59k,Urban,1,0,0.79,8,0,1
Saskatchewan,65+,80-119k,Rural,0,0,2.94,10,0,0
Quebec,45-54,60-79k,Rural,2,0,0.61,9,0,0
Manitoba,55-64,60-79k,Urban,9,2,8.27,6,1,0
Prince Edward Island,35-44,<40k,Urban,0,0,1.45,9,0,0
Alberta,65+,80-119k,Urban,0,1,5.64,7,0,0
Newfoundland and Labrador,55-64,80-119k,Urban,3,0,1.32,9,1,0
Saskatchewan,55-64,<40k,Urban,1,1,4.41,10,0,0
Quebec,25-34,40-59k,Urban,2,0,1.62,8,0,0
Ontario,25-34,<40k,Urban,5,0,2.87,9,1,0
Manitoba,25-34,80-119k,Urban,0,0,2.89,9,0,1
Newfoundland and Labrador,25-34,80-119k,Urban,4,0,0.98,8,1,0
Saskatchewan,55-64,120k+,Urban,2,0,2.04,8,0,0
Prince Edward Island,18-24,40-59k,Urban,7,2,10.61,3,1,0
Nova Scotia,18-24,60-79k,Urban,9,0,1.96,8,1,0
Manitoba,25-34,40-59k,Urban,2,1,3.45,8,0,0
Prince Edward Island,25-34,40-59k,Urban,3,4,21.78,1,1,1
Saskatchewan,25-34,60-79k,Urban,4,1,6.05,6,1,0
Manitoba,55-64,<40k,Urban,1,0,0.6,9,0,0
Newfoundland and Labrador,45-54,80-119k,Urban,1,2,8.74,6,0,0
Saskatchewan,18-24,60-79k,Urban,9,0,0.61,9,1,0
New Brunswick,35-44,80-119k,Urban,2,0,2.66,10,0,0
Quebec,35-44,40-59k,Rural,0,0,2.58,8,0,0
Newfoundland and Labrador,25-34,120k+,Urban,5,0,0.51,10,1,0
Manitoba,45-54,120k+,Urban,3,1,6.04,7,1,0
Nova Scotia,45-54,120k+,Urban,0,1,4.46,10,0,0
Prince Edward Island,55-64,80-119k,Urban,0,0,2.06,10,0,1
Ontario,55-64,80-119k,Urban,1,0,1.48,8,0,1
Prince Edward Island,18-24,60-79k,Urban,7,0,1.42,9,1,0
Manitoba,65+,40-59k,Urban,7,0,2.64,10,1,0
Prince Edward Island,55-64,80-119k,Urban,1,0,1.91,9,0,0
Quebec,65+,80-119k,Urban,5,0,0.71,10,1,0
Saskatchewan,18-24,120k+,Urban,2,1,3.44,9,0,0
Ontario,65+,60-79k,Urban,3,1,6.73,7,1,0
British Columbia,55-64,40-59k,Urban,1,0,0.46,9,0,0
Manitoba,55-64,80-119k,Urban,2,4,23.14,2,0,0
Alberta,18-24,120k+,Urban,1,0,1.49,8,0,0
British Columbia,55-64,<40k,Rural,0,1,3.56,8,0,0
Prince Edward Island,65+,40-59k,Urban,0,0,2.33,9,0,0
Manitoba,45-54,60-79k,Urban,1,1,6.62,7,0,0
New Brunswick,45-54,<40k,Urban,9,0,0.36,8,1,0
Alberta,65+,<40k,Urban,9,1,3.27,10,1,0
Ontario,35-44,40-59k,Urban,5,0,2.55,9,1,0
Nova Scotia,45-54,80-119k,Urban,1,0,1.5,9,0,0
New Brunswick,35-44,<40k,Urban,2,2,10.37,3,0,0
British Columbia,65+,60-79k,Urban,2,2,9.21,6,0,0
Saskatchewan,18-24,80-119k,Urban,1,0,1.24,9,0,0
Quebec,35-44,120k+,Urban,0,0,0.9,9,0,0
Nova Scotia,45-54,120k+,Urban,2,0,1.69,9,0,0
New Brunswick,55-64,60-79k,Urban,0,0,0.48,9,0,1
Saskatchewan,45-54,120k+,Urban,5,0,2.15,8,1,0
Saskatchewan,65+,<40k,Urban,4,0,1.65,10,1,0
Manitoba,65+,80-119k,Rural,1,2,11.24,5,0,0
New Brunswick,18-24,80-119k,Rural,3,0,2.76,9,1,0
Ontario,35-44,40-59k,Rural,1,2,11.5,5,0,0
Prince Edward Island,18-24,60-79k,Urban,1,2,10.01,5,0,1
Alberta,35-44,<40k,Urban,1,1,4.27,10,0,0
Alberta,45-54,120k+,Urban,5,0,1.07,9,1,0
British Columbia,65+,40-59k,Urban,0,3,15.92,5,0,0
British Columbia,55-64,80-119k,Urban,3,1,5.85,6,1,0
Alberta,25-34,<40k,Urban,0,0,0.48,9,0,0
Ontario,18-24,40-59k,Urban,1,2,11.99,3,0,0
Quebec,45-54,120k+,Urban,1,0,0.32,8,0,0
Newfoundland and Labrador,45-54,80-119k,Urban,3,1,5.43,6,1,0
Prince Edward Island,25-34,120k+,Urban,2,0,1.59,8,0,0
Quebec,55-64,40-59k,Urban,4,2,9.95,6,1,0
Manitoba,65+,<40k,Urban,1,2,9.67,7,0,0
Newfoundland and Labrador,35-44,60-79k,Urban,0,0,0.17,8,0,0
Newfoundland and Labrador,55-64,60-79k,Urban,4,1,6.98,7,1,0
New Brunswick,35-44,<40k,Urban,0,2,11.91,3,0,0
Ontario,55-64,80-119k,Urban,1,0,1.57,10,0,0
Ontario,35-44,40-59k,Urban,1,3,13.25,4,0,0
Newfoundland and Labrador,25-34,40-59k,Urban,4,0,0.55,8,1,0
New Brunswick,65+,40-59k,Urban,3,3,12.34,5,1,0
Prince Edward Island,35-44,60-79k,Rural,0,1,5.45,6,0,0
Newfoundland and Labrador,55-64,80-119k,Urban,3,0,1.43,10,1,0
Nova Scotia,35-44,60-79k,Urban,4,0,1.25,8,1,0
British Columbia,18-24,60-79k,Urban,1,0,1.58,9,0,0
British Columbia,25-34,<40k,Urban,1,2,11.36,3,0,1
Quebec,35-44,120k+,Urban,4,0,0.21,10,1,0
Manitoba,45-54,120k+,Urban,3,0,1.63,10,1,0
British Columbia,35-44,80-119k,Urban,0,0,2.1,8,0,0
Saskatchewan,45-54,<40k,Urban,4,0,2.91,9,1,0
Quebec,45-54,60-79k,Urban,2,0,2.22,8,0,0
British Columbia,45-54,80-119k,Urban,4,0,1.64,9,1,0
Manitoba,35-44,120k+,Urban,0,3,16.6,4,0,0
Ontario,65+,120k+,Rural,1,1,6.99,7,0,0
Ontario,35-44,80-119k,Urban,3,2,11.44,3,1,1
Prince Edward Island,35-44,<40k,Urban,2,1,3.36,9,0,0
Newfoundland and Labrador,25-34,120k+,Urban,1,0,1.72,9,0,0
Nova Scotia,25-34,60-79k,Urban,4,2,10.93,5,1,0
Ontario,18-24,80-119k,Urban,3,0,2.02,10,1,0
New Brunswick,45-54,60-79k,Rural,4,0,1.25,10,1,0
British Columbia,25-34,40-59k,Urban,0,0,0.97,10,0,0
New Brunswick,25-34,60-79k,Urban,4,0,1.88,9,1,0
Manitoba,55-64,<40k,Rural,2,0,1.24,9,0,0
Ontario,35-44,40-59k,Rural,0,1,4.57,10,0,1
Nova Scotia,25-34,80-119k,Urban,1,3,17.02,3,0,1
Manitoba,25-34,<40k,Urban,0,1,4.26,10,0,0
Saskatchewan,55-64,<40k,Urban,2,0,1.93,8,0,0
Saskatchewan,25-34,<40k,Urban,1,1,6.49,6,0,0
New Brunswick,35-44,60-79k,Rural,10,3,15.73,5,1,0
Newfoundland and Labrador,35-44,120k+,Urban,6,0,1.48,8,1,0
Quebec,45-54,<40k,Urban,5,0,0.11,8,1,0
Newfoundland and Labrador,45-54,<40k,Urban,2,0,2.04,10,0,0
Prince Edward Island,55-64,120k+,Urban,5,0,2.99,9,1,0
Newfoundland and Labrador,18-24,120k+,Urban,1,1,6.23,7,0,0
Prince Edward Island,25-34,<40k,Urban,3,1,5.54,6,1,0
Prince Edward Island,25-34,80-119k,Urban,1,0,1.41,10,0,0
Nova Scotia,25-34,80-119k,Urban,0,1,3.9,9,0,0
Ontario,25-34,80-119k,Urban,0,1,5.77,7,0,0
Nova Scotia,25-34,60-79k,Urban,3,1,3.71,9,1,0
Prince Edward Island,45-54,120k+,Urban,0,0,2.66,9,0,0
Manitoba,45-54,<40k,Urban,4,0,1.06,9,1,0
Saskatchewan,35-44,40-59k,Urban,7,0,1.2,9,1,0
Prince Edward Island,45-54,40-59k,Urban,0,2,8.08,6,0,0
Nova Scotia,35-44,60-79k,Urban,2,2,9.41,7,0,0
Manitoba,25-34,120k+,Urban,4,0,2.04,9,1,0
Nova Scotia,45-54,60-79k,Urban,1,0,0.91,8,0,0
Newfoundland and Labrador,18-24,<40k,Urban,7,2,10.51,5,1,0
British Columbia,18-24,60-79k,Urban,6,0,1.86,10,1,0
New Brunswick,35-44,60-79k,Urban,0,0,1.12,10,0,0
Quebec,65+,120k+,Urban,0,0,0.94,9,0,0
Nova Scotia,55-64,60-79k,Rural,9,0,2.58,10,1,0
Quebec,18-24,80-119k,Urban,8,0,0.04,8,1,0
Alberta,55-64,80-119k,Urban,2,0,2.15,8,0,0
Nova Scotia,55-64,80-119k,Urban,0,1,4.67,9,0,1
British Columbia,45-54,80-119k,Urban,3,4,23.02,2,1,1
Quebec,55-64,40-59k,Urban,1,0,1.52,10,0,0
Prince Edward Island,35-44,120k+,Urban,7,0,0.25,9,1,0
Nova Scotia,25-34,80-119k,Urban,5,0,2.95,9,1,0
Ontario,35-44,80-119k,Urban,3,0,0.26,10,1,0
New Brunswick,45-54,120k+,Urban,1,1,3.63,9,0,0
British Columbia,45-54,80-119k,Urban,4,0,1.26,8,1,0
Quebec,45-54,80-119k,Rural,1,0,2.83,9,0,0
British Columbia,65+,120k+,Urban,0,1,4.17,10,0,0
Manitoba,65+,<40k,Urban,2,2,9.84,6,0,1
New Brunswick,55-64,60-79k,Urban,2,0,1.56,10,0,0
Prince Edward Island,55-64,60-79k,Urban,5,0,0.99,10,1,0
Nova Scotia,65+,40-59k,Urban,6,0,2.09,9,1,0
Nova Scotia,18-24,80-119k,Urban,1,0,1.5,10,0,0
Nova Scotia,25-34,80-119k,Urban,2,0,1.73,8,0,0
New Brunswick,35-44,80-119k,Urban,2,2,8.05,6,0,0
Ontario,55-64,120k+,Urban,1,0,2.78,8,0,0
Alberta,35-44,40-59k,Urban,4,2,7.55,6,1,0
Saskatchewan,55-64,80-119k,Urban,2,1,5.76,7,0,0
Newfoundland and Labrador,25-34,60-79k,Urban,7,0,2.66,10,1,0
Quebec,25-34,40-59k,Urban,3,0,0.25,9,1,0
Ontario,55-64,<40k,Urban,0,1,3.12,8,0,0
Prince Edward Island,25-34,120k+,Rural,0,0,1.0,9,0,0
Quebec,35-44,60-79k,Urban,1,0,2.37,10,0,0
Nova Scotia,25-34,80-119k,Urban,1,0,2.15,10,0,0
British Columbia,35-44,60-79k,Urban,2,1,6.29,7,0,1
Prince Edward Island,45-54,40-59k,Urban,0,0,1.19,10,0,0
Quebec,35-44,40-59k,Urban,9,0,2.98,8,1,0
Nova Scotia,45-54,40-59k,Urban,0,3,14.2,4,0,0
Quebec,18-24,120k+,Urban,3,1,6.22,6,1,0
British Columbia,55-64,<40k,Urban,0,1,4.4,8,0,0
Nova Scotia,35-44,120k+,Urban,2,1,3.87,9,0,0
Alberta,45-54,120k+,Urban,1,0,1.01,10,0,0
Ontario,55-64,120k+,Urban,1,5,27.89,2,0,1
Manitoba,25-34,60-79k,Urban,2,0,0.39,10,0,0
Newfoundland and Labrador,55-64,120k+,Urban,3,1,4.46,8,1,0
New Brunswick,45-54,40-59k,Urban,3,0,0.44,10,1,0
Newfoundland and Labrador,35-44,<40k,Rural,3,3,15.01,4,1,0
Prince Edward Island,25-34,40-59k,Urban,6,1,3.14,8,1,0
Newfoundland and Labrador,65+,120k+,Urban,6,1,4.73,9,1,0
Nova Scotia,55-64,<40k,Urban,4,3,17.75,3,1,0
Alberta,25-34,60-79k,Urban,0,3,14.15,5,0,1
Manitoba,35-44,<40k,Rural,8,0,0.41,8,1,0
Ontario,55-64,40-59k,Urban,8,0,0.92,8,1,0
Ontario,45-54,<40k,Urban,4,1,6.17,7,1,0
British Columbia,55-64,80-119k,Urban,2,3,13.88,4,0,0
New Brunswick,35-44,60-79k,Urban,1,0,1.15,10,0,0
Quebec,45-54,120k+,Urban,4,0,2.37,9,1,0
Alberta,35-44,80-119k,Urban,6,1,4.04,9,1,0
Quebec,25-34,120k+,Urban,4,0,1.43,10,1,0
Manitoba,45-54,60-79k,Urban,3,1,3.25,8,1,0
Newfoundland and Labrador,65+,80-119k,Urban,0,0,0.52,9,0,0
Ontario,25-34,60-79k,Rural,1,1,3.84,8,0,0
Manitoba,35-44,60-79k,Urban,4,3,14.78,5,1,0
Newfoundland and Labrador,45-54,80-119k,Urban,0,0,2.46,8,0,0
Ontario,45-54,80-119k,Rural,3,0,1.06,10,1,0
Newfoundland and Labrador,55-64,80-119k,Urban,5,1,4.52,10,1,0
New Brunswick,55-64,80-119k,Urban,1,0,0.9,8,0,1
Alberta,18-24,40-59k,Urban,0,2,8.6,6,0,0
Prince Edward Island,65+,80-119k,Urban,5,0,1.21,9,1,0
Manitoba,55-64,40-59k,Urban,0,1,6.6,7,0,0
Manitoba,55-64,60-79k,Urban,1,3,12.15,3,0,1
Saskatchewan,45-54,80-119k,Urban,4,0,1.87,9,1,0
Nova Scotia,55-64,120k+,Urban,5,5,38.32,1,1,1
New Brunswick,25-34,<40k,Urban,6,0,1.25,9,1,0
New Brunswick,35-44,<40k,Urban,2,1,5.6,7,0,0
Quebec,55-64,<40k,Urban,2,0,1.76,9,0,0
Newfoundland and Labrador,25-34,40-59k,Urban,6,0,1.02,8,1,0
Nova Scotia,18-24,80-119k,Urban,3,1,3.55,10,1,0
Alberta,55-64,80-119k,Rural,3,0,0.66,9,1,0
Alberta,55-64,80-119k,Urban,2,0,0.17,10,0,0
New Brunswick,25-34,120k+,Urban,1,0,2.29,8,0,1
Alberta,55-64,40-59k,Urban,2,1,5.13,7,0,0
Saskatchewan,45-54,<40k,Urban,1,0,2.36,10,0,1
Manitoba,45-54,<40k,Urban,1,0,0.87,9,0,0
British Columbia,55-64,80-119k,Urban,11,1,6.22,7,1,0
Prince Edward Island,35-44,80-119k,Urban,1,0,0.93,8,0,0
Quebec,25-34,80-119k,Rural,1,0,0.36,8,0,0
Newfoundland and Labrador,25-34,40-59k,Urban,1,1,5.14,6,0,0
Prince Edward Island,35-44,40-59k,Urban,3,1,6.78,7,1,0
Newfoundland and Labrador,45-54,120k+,Urban,7,0,1.24,9,1,0
Ontario,55-64,<40k,Urban,5,1,5.06,6,1,0
Prince Edward Island,55-64,80-119k,Urban,6,0,1.35,8,1,0
British Columbia,45-54,40-59k,Urban,6,1,4.83,8,1,0
New Brunswick,55-64,<40k,Rural,7,0,0.64,9,1,0
Saskatchewan,25-34,80-119k,Urban,1,0,1.27,10,0,1
Manitoba,18-24,40-59k,Urban,2,0,1.49,9,0,0
Manitoba,55-64,80-119k,Urban,1,2,10.72,3,0,1
Saskatchewan,18-24,80-119k,Urban,1,0,0.42,8,0,0
Nova Scotia,25-34,60-79k,Urban,3,4,22.0,2,1,0
Ontario,45-54,80-119k,Urban,2,4,22.64,1,0,1
Newfoundland and Labrador,35-44,60-79k,Urban,3,5,30.74,2,1,0
British Columbia,55-64,40-59k,Urban,1,0,1.65,10,0,0
Alberta,25-34,80-119k,Rural,1,1,5.84,7,0,0
Prince Edward Island,18-24,60-79k,Urban,1,0,1.4,9,0,0
Ontario,25-34,<40k,Urban,5,0,1.0,10,1,0
Prince Edward Island,45-54,120k+,Rural,3,0,2.47,9,1,0
British Columbia,35-44,60-79k,Rural,9,0,2.97,10,1,0
Quebec,45-54,80-119k,Urban,5,1,3.87,10,1,0
Quebec,55-64,120k+,Urban,2,4,24.23,2,0,1
Ontario,65+,60-79k,Urban,1,0,1.64,8,0,0
New Brunswick,25-34,60-79k,Urban,4,0,1.34,8,1,0
British Columbia,35-44,60-79k,Urban,4,3,17.36,4,1,0
British Columbia,45-54,60-79k,Rural,2,0,2.73,10,0,0
Saskatchewan,65+,120k+,Urban,1,3,13.64,3,0,1
New Brunswick,65+,80-119k,Urban,3,2,8.79,7,1,0
Newfoundland and Labrador,25-34,<40k,Urban,1,0,2.56,8,0,0
Newfoundland and Labrador,55-64,60-79k,Urban,8,1,4.96,10,1,0
Alberta,35-44,120k+,Urban,3,1,4.15,8,1,0
Manitoba,18-24,60-79k,Urban,1,1,6.85,7,0,0
Quebec,18-24,80-119k,Urban,0,0,0.65,9,0,0
Newfoundland and Labrador,35-44,80-119k,Urban,4,1,5.44,7,1,0
New Brunswick,35-44,40-59k,Urban,4,0,1.28,9,1,0
British Columbia,18-24,40-59k,Urban,3,1,4.81,8,1,0
Newfoundland and Labrador,45-54,80-119k,Urban,3,1,3.42,9,1,0
British Columbia,25-34,60-79k,Urban,3,0,0.77,9,1,0
Newfoundland and Labrador,45-54,60-79k,Rural,1,2,7.83,6,0,0
Quebec,25-34,80-119k,Rural,7,0,2.25,8,1,0
Prince Edward Island,25-34,80-119k,Urban,2,0,2.09,10,0,0
Newfoundland and Labrador,35-44,40-59k,Urban,0,0,2.38,9,0,0
New Brunswick,25-34,<40k,Urban,1,0,2.1,8,0,0
Newfoundland and Labrador,45-54,40-59k,Rural,0,0,0.39,9,0,1
Manitoba,25-34,60-79k,Urban,1,0,2.94,8,0,0
Quebec,35-44,40-59k,Urban,3,0,0.57,8,1,0
New Brunswick,25-34,60-79k,Urban,0,0,1.05,9,0,0
Saskatchewan,45-54,<40k,Urban,6,0,2.12,10,1,0
New Brunswick,55-64,60-79k,Urban,3,0,0.42,9,1,0
Manitoba,25-34,40-59k,Urban,1,1,3.68,10,0,0
Prince Edward Island,35-44,60-79k,Urban,1,0,2.63,10,0,1
Quebec,18-24,60-79k,Urban,2,2,8.66,7,0,0
Saskatchewan,45-54,40-59k,Urban,1,0,2.0,10,0,0
Manitoba,25-34,120k+,Urban,0,1,6.43,7,0,0
Manitoba,45-54,40-59k,Urban,0,2,11.87,3,0,1
Ontario,35-44,80-119k,Urban,1,0,0.63,10,0,0
Quebec,65+,120k+,Urban,0,0,0.37,9,0,0
New Brunswick,45-54,60-79k,Rural,0,1,5.96,6,0,0
British Columbia,45-54,120k+,Urban,6,0,0.56,9,1,0
Prince Edward Island,35-44,<40k,Urban,1,0,1.74,9,0,1
British Columbia,65+,60-79k,Urban,2,2,9.66,6,0,0
New Brunswick,55-64,60-79k,Rural,0,1,5.24,6,0,0
New Brunswick,25-34,<40k,Urban,0,0,1.95,8,0,1
Quebec,55-64,60-79k,Urban,4,2,11.25,5,1,0
New Brunswick,35-44,40-59k,Urban,0,1,4.09,9,0,0
Ontario,55-64,80-119k,Urban,0,0,1.67,8,0,0
Saskatchewan,55-64,120k+,Urban,3,0,1.01,9,1,0
New Brunswick,25-34,<40k,Rural,0,1,4.27,10,0,0
British Columbia,45-54,40-59k,Urban,2,0,0.06,9,0,0
New Brunswick,25-34,60-79k,Rural,1,1,5.4,6,0,0
Ontario,25-34,60-79k,Urban,1,0,2.92,8,0,0
Newfoundland and Labrador,25-34,80-119k,Rural,0,0,2.28,10,0,0
Newfoundland and Labrador,55-64,60-79k,Urban,9,0,0.73,10,1,0
Manitoba,25-34,<40k,Urban,2,3,16.3,5,0,1
Prince Edward Island,18-24,80-119k,Urban,3,2,8.49,7,1,0
Alberta,45-54,120k+,Urban,4,1,6.01,6,1,0
Saskatchewan,25-34,60-79k,Urban,5,1,6.42,6,1,0
Nova Scotia,25-34,60-79k,Urban,3,0,1.0,8,1,0
Manitoba,25-34,<40k,Urban,5,1,3.01,8,1,0
Prince Edward Island,35-44,40-59k,Urban,2,0,0.92,8,0,0
Newfoundland and Labrador,35-44,40-59k,Urban,1,1,3.82,8,0,1
British Columbia,18-24,60-79k,Urban,5,2,10.09,5,1,0
Nova Scotia,65+,120k+,Rural,6,0,0.87,10,1,0
Prince Edward Island,45-54,60-79k,Rural,0,1,3.14,9,0,0
Prince Edward Island,35-44,40-59k,Urban,3,1,5.13,6,1,0
Manitoba,25-34,40-59k,Urban,4,0,2.62,8,1,0
Nova Scotia,35-44,40-59k,Urban,0,1,4.81,9,0,0
Quebec,45-54,80-119k,Urban,7,1,4.51,9,1,0
Alberta,25-34,60-79k,Urban,2,2,7.89,6,0,0
Quebec,25-34,40-59k,Urban,3,0,1.16,10,1,0
Nova Scotia,55-64,60-79k,Urban,0,0,0.99,8,0,0
Quebec,25-34,40-59k,Urban,1,5,39.92,1,0,0
Ontario,35-44,<40k,Urban,0,1,3.12,9,0,0
Newfoundland and Labrador,55-64,<40k,Rural,1,1,3.96,8,0,1
Ontario,45-54,40-59k,Urban,2,0,0.21,8,0,0
New Brunswick,35-44,<40k,Urban,5,0,2.57,9,1,0
Quebec,45-54,40-59k,Urban,2,4,20.92,2,0,1
New Brunswick,18-24,80-119k,Urban,1,0,2.39,9,0,0
British Columbia,55-64,80-119k,Urban,0,5,35.38,2,0,0
Saskatchewan,35-44,60-79k,Urban,3,0,2.78,10,1,0
British Columbia,55-64,80-119k,Urban,2,0,0.07,9,0,0
Nova Scotia,65+,40-59k,Urban,10,0,0.62,10,1,0
Prince Edward Island,65+,120k+,Urban,5,0,2.11,9,1,0
Newfoundland and Labrador,65+,40-59k,Urban,5,2,9.93,7,1,0
Quebec,35-44,60-79k,Urban,0,4,22.86,2,0,1
Manitoba,35-44,60-79k,Urban,5,0,1.73,10,1,0
Saskatchewan,35-44,<40k,Urban,0,0,1.74,9,0,0
Alberta,45-54,120k+,Urban,3,1,6.73,6,1,0
Alberta,55-64,<40k,Urban,2,1,6.69,6,0,0
Alberta,25-34,40-59k,Urban,3,0,0.11,8,1,0
Quebec,65+,40-59k,Urban,0,0,1.24,9,0,0
Alberta,55-64,<40k,Urban,2,0,1.53,9,0,0
Ontario,65+,<40k,Rural,0,1,4.43,9,0,1
Saskatchewan,55-64,<40k,Urban,0,0,0.15,9,0,0
Ontario,25-34,40-59k,Urban,3,1,4.89,8,1,0
Prince Edward Island,25-34,80-119k,Urban,8,0,2.93,10,1,0
Saskatchewan,25-34,40-59k,Urban,5,2,7.36,7,1,0
Ontario,25-34,<40k,Urban,2,0,2.45,8,0,0
Saskatchewan,45-54,80-119k,Urban,0,0,0.59,10,0,0
Prince Edward Island,55-64,120k+,Urban,0,1,5.31,7,0,1
New Brunswick,55-64,40-59k,Urban,0,1,4.55,8,0,0
Quebec,45-54,40-59k,Urban,9,0,1.05,9,1,0
Quebec,18-24,120k+,Urban,1,4,24.09,2,0,1
Alberta,25-34,<40k,Rural,6,1,6.89,7,1,0
British Columbia,18-24,60-79k,Urban,4,0,1.16,8,1,0
Alberta,35-44,40-59k,Urban,3,1,5.56,7,1,0
Nova Scotia,35-44,120k+,Rural,8,1,5.23,7,1,0
Ontario,18-24,120k+,Urban,1,2,7.38,6,0,0
Saskatchewan,35-44,80-119k,Urban,2,3,12.25,4,0,1
British Columbia,25-34,40-59k,Urban,6,1,6.09,6,1,0
Prince Edward Island,45-54,60-79k,Urban,3,0,1.18,9,1,0
Nova Scotia,35-44,40-59k,Urban,1,2,8.54,6,0,0
Prince Edward Island,35-44,120k+,Urban,0,1,6.94,7,0,1
Quebec,35-44,120k+,Urban,4,1,3.34,9,1,0
Quebec,65+,60-79k,Urban,0,0,0.81,9,0,0
Alberta,25-34,80-119k,Urban,7,3,17.14,5,1,0
Ontario,35-44,<40k,Urban,0,0,1.24,9,0,0
British Columbia,55-64,60-79k,Urban,3,1,5.34,6,1,0
Newfoundland and Labrador,45-54,80-119k,Urban,3,0,0.15,8,1,0
Nova Scotia,65+,40-59k,Urban,3,2,11.6,3,1,1
Nova Scotia,35-44,40-59k,Urban,2,0,0.41,8,0,0
Alberta,35-44,<40k,Urban,6,2,8.07,7,1,0
Quebec,18-24,80-119k,Urban,4,0,0.47,9,1,0
Alberta,45-54,120k+,Rural,5,1,4.99,10,1,0
Saskatchewan,25-34,120k+,Rural,0,0,2.45,8,0,0
British Columbia,25-34,80-119k,Urban,0,1,4.07,9,0,0
Ontario,45-54,60-79k,Urban,0,0,0.43,10,0,0
New Brunswick,45-54,40-59k,Urban,0,0,1.23,10,0,0
Manitoba,18-24,120k+,Rural,4,0,2.94,8,1,0
Manitoba,45-54,60-79k,Rural,2,4,18.08,4,0,0
Alberta,45-54,80-119k,Urban,4,2,9.52,7,1,0
Saskatchewan,25-34,80-119k,Urban,0,0,2.01,9,0,0
British Columbia,35-44,80-119k,Urban,1,4,23.65,2,0,1
Newfoundland and Labrador,55-64,<40k,Urban,6,2,10.73,3,1,0
Manitoba,45-54,40-59k,Rural,7,0,0.22,10,1,0
British Columbia,35-44,80-119k,Urban,7,1,4.85,10,1,0
Ontario,35-44,120k+,Urban,5,0,0.24,8,1,0
Prince Edward Island,45-54,80-119k,Urban,4,0,1.86,10,1,0
Saskatchewan,65+,60-79k,Rural,7,2,7.39,6,1,0
Quebec,45-54,40-59k,Urban,4,0,0.15,8,1,0
British Columbia,18-24,80-119k,Urban,8,0,0.92,8,1,0
Ontario,35-44,80-119k,Urban,0,1,6.76,6,0,0
Newfoundland and Labrador,55-64,60-79k,Rural,7,3,16.26,3,1,1
New Brunswick,18-24,40-59k,Urban,3,0,0.01,9,1,0
Quebec,65+,120k+,Rural,0,0,0.85,9,0,0
New Brunswick,65+,60-79k,Urban,0,1,3.07,10,0,0
Newfoundland and Labrador,18-24,80-119k,Urban,6,2,8.47,6,1,0
Ontario,65+,40-59k,Urban,2,3,16.11,4,0,1
Manitoba,35-44,40-59k,Urban,10,0,2.28,8,1,0
New Brunswick,55-64,120k+,Urban,0,1,6.22,7,0,0
Quebec,35-44,<40k,Urban,2,0,2.73,10,0,0
Alberta,35-44,60-79k,Urban,1,2,8.83,6,0,1
Nova Scotia,45-54,60-79k,Urban,2,0,2.59,8,0,0
British Columbia,55-64,80-119k,Urban,3,3,16.37,3,1,1
Manitoba,18-24,40-59k,Urban,4,0,1.61,8,1,0
New Brunswick,45-54,40-59k,Urban,0,2,11.77,4,0,0
Prince Edward Island,25-34,120k+,Urban,0,0,2.84,10,0,0
British Columbia,35-44,60-79k,Urban,0,1,6.59,6,0,0
Alberta,35-44,<40k,Rural,6,1,3.81,9,1,0
Newfoundland and Labrador,35-44,40-59k,Urban,1,0,0.62,9,0,0
Nova Scotia,35-44,120k+,Urban,1,0,2.7,9,0,0
Ontario,25-34,40-59k,Urban,2,0,1.19,10,0,0
Alberta,25-34,60-79k,Urban,6,0,2.39,8,1,0
Alberta,18-24,60-79k,Urban,0,0,2.06,8,0,0
Newfoundland and Labrador,35-44,120k+,Urban,0,0,2.29,10,0,0
Saskatchewan,65+,80-119k,Urban,4,1,3.11,10,1,0
Newfoundland and Labrador,25-34,60-79k,Urban,8,2,9.15,6,1,0
Saskatchewan,65+,<40k,Urban,3,0,2.57,9,1,0
Saskatchewan,55-64,120k+,Urban,1,0,1.47,9,0,0
Manitoba,45-54,60-79k,Rural,2,2,10.45,5,0,0
Manitoba,45-54,120k+,Urban,9,0,2.27,10,1,0
Quebec,55-64,60-79k,Rural,2,0,0.36,10,0,0
New Brunswick,25-34,80-119k,Urban,1,0,0.47,10,0,0
New Brunswick,35-44,<40k,Urban,1,0,2.17,8,0,0
Ontario,45-54,80-119k,Rural,9,0,0.16,8,1,0
New Brunswick,45-54,40-59k,Urban,4,2,8.71,6,1,0
Manitoba,55-64,40-59k,Urban,4,0,2.75,8,1,0
Quebec,18-24,<40k,Urban,1,4,22.02,2,0,0
Quebec,45-54,<40k,Urban,3,3,17.46,4,1,0
Saskatchewan,45-54,40-59k,Rural,1,1,4.24,10,0,0
Newfoundland and Labrador,35-44,40-59k,Rural,1,0,1.91,9,0,0
Ontario,35-44,120k+,Urban,6,0,0.86,10,1,0
Saskatchewan,45-54,40-59k,Urban,1,0,0.33,8,0,0
Newfoundland and Labrador,55-64,80-119k,Urban,1,0,2.97,10,0,0
New Brunswick,35-44,<40k,Urban,7,3,13.06,4,1,0
Saskatchewan,55-64,60-79k,Urban,0,0,0.57,10,0,0
British Columbia,35-44,60-79k,Urban,4,1,6.37,7,1,0
New Brunswick,25-34,120k+,Rural,3,1,6.21,6,1,0
Newfoundland and Labrador,18-24,80-119k,Urban,7,2,11.89,3,1,1
Ontario,18-24,60-79k,Urban,5,0,0.22,10,1,0
Newfoundland and Labrador,35-44,80-119k,Urban,4,1,3.38,9,1,0
Saskatchewan,35-44,40-59k,Urban,1,4,21.14,1,0,1
Saskatchewan,45-54,60-79k,Rural,2,0,1.78,10,0,0
Alberta,55-64,<40k,Urban,8,0,0.11,9,1,0
Ontario,18-24,40-59k,Urban,0,0,0.48,10,0,0
Prince Edward Island,25-34,40-59k,Urban,5,0,2.11,8,1,0
New Brunswick,25-34,80-119k,Rural,1,0,2.01,8,0,0
Quebec,45-54,60-79k,Urban,0,0,0.27,9,0,0
Ontario,25-34,80-119k,Urban,1,0,2.79,8,0,0
Quebec,25-34,60-79k,Urban,0,2,8.27,6,0,0
Ontario,65+,<40k,Urban,11,0,2.66,9,1,0
Ontario,55-64,80-119k,Rural,6,2,11.61,5,1,0
Newfoundland and Labrador,25-34,80-119k,Urban,2,0,1.47,10,0,0
Ontario,35-44,120k+,Urban,4,1,4.65,9,1,0
Alberta,35-44,60-79k,Urban,3,0,0.83,9,1,0
Prince Edward Island,55-64,80-119k,Rural,5,1,6.23,7,1,0
Saskatchewan,35-44,80-119k,Urban,6,0,0.59,10,1,0
Nova Scotia,25-34,<40k,Urban,1,0,1.87,8,0,1
Quebec,55-64,<40k,Urban,2,4,21.97,2,0,1
Saskatchewan,35-44,<40k,Rural,3,2,8.24,6,1,0
Nova Scotia,25-34,40-59k,Rural,9,0,2.95,8,1,0
Prince Edward Island,35-44,60-79k,Urban,4,4,23.92,1,1,0
Prince Edward Island,35-44,120k+,Urban,6,0,0.06,9,1,0
Quebec,35-44,60-79k,Urban,6,0,1.27,8,1,0
Quebec,25-34,80-119k,Urban,3,2,8.79,7,1,0
Prince Edward Island,35-44,80-119k,Urban,6,0,2.65,8,1,0
Nova Scotia,18-24,40-59k,Urban,1,0,0.79,10,0,0
Ontario,55-64,<40k,Urban,1,0,3.0,8,0,0
New Brunswick,25-34,60-79k,Urban,5,0,0.6,10,1,0
British Columbia,18-24,80-119k,Urban,0,0,0.73,9,0,0
Saskatchewan,45-54,120k+,Rural,1,0,2.0,9,0,0
Newfoundland and Labrador,55-64,40-59k,Rural,3,3,12.97,3,1,0
Saskatchewan,55-64,120k+,Urban,2,0,2.67,10,0,0
Newfoundland and Labrador,35-44,40-59k,Urban,8,0,0.33,8,1,0
Nova Scotia,25-34,80-119k,Urban,8,2,11.92,4,1,0
Newfoundland and Labrador,55-64,60-79k,Urban,2,0,2.62,10,0,0
Quebec,45-54,<40k,Urban,3,0,2.52,9,1,0
New Brunswick,25-34,<40k,Urban,4,4,20.85,2,1,0
New Brunswick,65+,<40k,Urban,2,3,15.08,4,0,1
Quebec,25-34,40-59k,Urban,0,0,1.37,8,0,0
Alberta,65+,80-119k,Urban,4,3,17.92,3,1,1
Nova Scotia,55-64,<40k,Urban,4,3,12.21,3,1,0
Alberta,45-54,60-79k,Urban,1,1,4.53,8,0,0
Alberta,65+,40-59k,Urban,5,0,2.91,9,1,0
Saskatchewan,55-64,80-119k,Urban,3,0,1.11,9,1,0
Prince Edward Island,25-34,80-119k,Urban,1,0,1.2,10,0,0
Saskatchewan,35-44,80-119k,Urban,3,1,5.53,6,1,0
Prince Edward Island,18-24,60-79k,Rural,1,2,11.54,5,0,0
British Columbia,35-44,40-59k,Urban,1,1,4.18,8,0,0
Newfoundland and Labrador,55-64,80-119k,Urban,6,0,2.84,10,1,0
Prince Edward Island,35-44,40-59k,Urban,7,0,0.85,10,1,0
Quebec,35-44,40-59k,Urban,1,0,2.45,8,0,0
Saskatchewan,45-54,40-59k,Urban,7,1,4.1,8,1,0
Nova Scotia,55-64,80-119k,Urban,1,0,0.22,9,0,0
Newfoundland and Labrador,18-24,80-119k,Urban,0,1,6.25,7,0,0
British Columbia,35-44,80-119k,Rural,0,1,4.8,8,0,0
Prince Edward Island,25-34,60-79k,Rural,1,0,1.17,8,0,1
British Columbia,45-54,<40k,Urban,1,0,1.29,8,0,0
Nova Scotia,25-34,120k+,Urban,7,0,1.83,8,1,0
Alberta,45-54,60-79k,Urban,1,3,13.58,5,0,0
New Brunswick,25-34,60-79k,Urban,1,0,0.71,10,0,0
Nova Scotia,25-34,60-79k,Rural,4,0,1.45,10,1,0
Manitoba,65+,40-59k,Urban,1,1,3.14,10,0,0
Nova Scotia,18-24,<40k,Urban,4,0,1.93,9,1,0
British Columbia,35-44,60-79k,Urban,2,0,2.47,8,0,0
Quebec,18-24,40-59k,Urban,0,1,5.91,6,0,0
Saskatchewan,35-44,40-59k,Urban,4,1,4.88,10,1,0
Quebec,35-44,120k+,Rural,0,0,1.7,8,0,0
British Columbia,35-44,60-79k,Urban,1,0,0.08,10,0,0
Saskatchewan,25-34,60-79k,Rural,1,1,6.65,6,0,1
Manitoba,35-44,80-119k,Urban,2,1,5.23,7,0,0
New Brunswick,45-54,120k+,Urban,4,0,0.95,10,1,0
Newfoundland and Labrador,55-64,<40k,Urban,2,1,4.17,8,0,0
British Columbia,45-54,80-119k,Urban,3,3,15.96,5,1,0
Prince Edward Island,45-54,60-79k,Urban,3,0,1.75,9,1,0
British Columbia,25-34,<40k,Rural,1,0,0.56,9,0,0
British Columbia,25-34,40-59k,Urban,7,1,4.64,8,1,0
Saskatchewan,25-34,60-79k,Urban,8,0,2.03,9,1,0
Ontario,25-34,80-119k,Urban,3,2,8.49,6,1,0
Nova Scotia,25-34,40-59k,Urban,0,2,9.55,6,0,1
Ontario,35-44,60-79k,Urban,2,2,8.27,6,0,0
Manitoba,45-54,80-119k,Urban,0,0,0.22,8,0,0
Prince Edward Island,65+,60-79k,Rural,2,2,8.94,7,0,0
New Brunswick,25-34,80-119k,Urban,0,0,2.2,9,0,0
Alberta,45-54,80-119k,Urban,4,0,0.64,10,1,0
Manitoba,55-64,60-79k,Urban,0,0,2.26,9,0,0
Alberta,45-54,120k+,Urban,8,3,16.02,5,1,0
Alberta,25-34,<40k,Urban,0,0,1.52,9,0,0
New Brunswick,25-34,<40k,Rural,4,2,11.86,4,1,0
Quebec,18-24,40-59k,Rural,7,0,2.65,10,1,0
Ontario,25-34,60-79k,Urban,1,2,9.82,7,0,0
British Columbia,55-64,80-119k,Urban,7,0,1.67,9,1,0
Newfoundland and Labrador,18-24,60-79k,Urban,1,0,0.83,8,0,0
Alberta,25-34,<40k,Rural,8,5,38.8,2,1,0
Prince Edward Island,45-54,<40k,Rural,9,0,2.69,8,1,0
Manitoba,55-64,80-119k,Urban,0,0,2.23,8,0,0
Quebec,35-44,80-119k,Urban,5,3,12.77,3,1,0
Alberta,45-54,80-119k,Rural,0,2,10.52,3,0,0
Quebec,35-44,80-119k,Urban,1,0,0.76,8,0,0
Quebec,25-34,60-79k,Rural,0,1,3.76,9,0,0
Alberta,35-44,40-59k,Urban,0,1,6.04,7,0,0
Saskatchewan,45-54,60-79k,Urban,3,0,2.88,9,1,0
Nova Scotia,65+,80-119k,Urban,2,0,0.33,10,0,0
Prince Edward Island,18-24,60-79k,Urban,5,0,0.49,10,1,0
British Columbia,35-44,<40k,Rural,1,0,0.66,10,0,0
British Columbia,35-44,120k+,Urban,9,0,2.89,10,1,0
Prince Edward Island,35-44,80-119k,Urban,0,0,2.09,8,0,0
Saskatchewan,18-24,40-59k,Urban,0,0,2.03,9,0,1
British Columbia,25-34,60-79k,Urban,4,0,1.52,8,1,0
Quebec,55-64,120k+,Urban,6,0,1.61,10,1,0
New Brunswick,45-54,<40k,Urban,5,0,0.87,8,1,0
Manitoba,35-44,60-79k,Urban,2,2,7.77,7,0,0
Ontario,25-34,60-79k,Urban,1,2,10.9,5,0,0
British Columbia,25-34,60-79k,Rural,0,0,1.41,10,0,0
Prince Edward Island,35-44,80-119k,Urban,2,0,0.77,10,0,0
New Brunswick,55-64,40-59k,Urban,2,1,5.53,7,0,0
Alberta,65+,<40k,Rural,1,3,13.26,5,0,1
Nova Scotia,35-44,<40k,Urban,3,0,1.47,9,1,0
Prince Edward Island,35-44,<40k,Urban,4,0,0.57,10,1,0
Quebec,55-64,60-79k,Urban,4,0,2.28,9,1,0
Nova Scotia,35-44,80-119k,Urban,1,1,4.28,9,0,0
Manitoba,45-54,40-59k,Urban,3,4,21.09,1,1,1
Manitoba,25-34,80-119k,Rural,0,2,10.77,4,0,1
Saskatchewan,55-64,80-119k,Urban,0,1,5.64,6,0,0
Newfoundland and Labrador,45-54,40-59k,Rural,5,1,4.6,10,1,0
Saskatchewan,55-64,60-79k,Urban,4,0,0.21,10,1,0
New Brunswick,55-64,80-119k,Urban,5,1,6.69,6,1,0
Nova Scotia,25-34,60-79k,Urban,0,0,0.02,9,0,0
Newfoundland and Labrador,45-54,40-59k,Urban,7,0,2.2,8,1,0
Alberta,55-64,60-79k,Rural,0,0,2.84,8,0,1
Quebec,35-44,120k+,Urban,6,1,4.23,10,1,0
Nova Scotia,25-34,60-79k,Rural,1,2,7.38,6,0,0
Saskatchewan,18-24,40-59k,Urban,0,1,4.0,10,0,0
Ontario,35-44,60-79k,Urban,1,0,0.94,8,0,0
Newfoundland and Labrador,35-44,<40k,Rural,0,0,1.35,8,0,0
Newfoundland and Labrador,45-54,60-79k,Urban,2,0,1.58,10,0,0
Quebec,25-34,40-59k,Urban,8,0,2.18,9,1,0
British Columbia,55-64,<40k,Urban,1,0,2.7,9,0,1
Manitoba,25-34,60-79k,Rural,3,0,1.39,8,1,0
Manitoba,25-34,<40k,Urban,6,1,5.99,7,1,0
Ontario,35-44,60-79k,Rural,3,1,3.51,9,1,0
New Brunswick,35-44,<40k,Rural,1,0,0.99,10,0,0
New Brunswick,25-34,<40k,Urban,11,1,3.47,9,1,0
Alberta,25-34,80-119k,Urban,0,0,2.08,10,0,0
Nova Scotia,25-34,120k+,Urban,2,0,2.72,10,0,0
Prince Edward Island,45-54,40-59k,Urban,5,2,11.45,5,1,0
British Columbia,55-64,60-79k,Urban,0,1,4.31,10,0,1
Saskatchewan,35-44,40-59k,Urban,4,0,0.7,9,1,0
Prince Edward Island,45-54,60-79k,Urban,1,2,8.37,6,0,0
Prince Edward Island,55-64,60-79k,Urban,0,1,4.15,9,0,0
Newfoundland and Labrador,25-34,40-59k,Rural,1,0,0.25,8,0,0
Ontario,65+,80-119k,Urban,9,1,3.53,8,1,0
Manitoba,55-64,<40k,Urban,6,0,0.64,10,1,0
Alberta,25-34,<40k,Urban,0,1,3.03,9,0,0
New Brunswick,25-34,80-119k,Urban,0,1,3.19,8,0,0
Ontario,25-34,80-119k,Urban,1,3,16.19,3,0,0
Newfoundland and Labrador,25-34,60-79k,Rural,3,0,1.86,9,1,0
Saskatchewan,55-64,60-79k,Urban,6,0,2.84,8,1,0
Alberta,35-44,60-79k,Urban,9,3,14.41,4,1,0
Newfoundland and Labrador,55-64,60-79k,Urban,4,0,1.33,10,1,0
Manitoba,55-64,40-59k,Urban,3,2,7.34,7,1,0
Manitoba,45-54,60-79k,Urban,0,0,0.46,8,0,0
Manitoba,45-54,60-79k,Urban,0,0,2.07,10,0,0
Ontario,18-24,80-119k,Urban,3,0,0.71,8,1,0
Ontario,25-34,80-119k,Urban,3,2,10.87,5,1,0
New Brunswick,45-54,40-59k,Urban,6,0,2.12,8,1,0
New Brunswick,18-24,60-79k,Urban,1,0,2.24,9,0,0
Saskatchewan,18-24,40-59k,Urban,0,0,2.07,10,0,1
Alberta,55-64,60-79k,Urban,2,0,2.12,9,0,0
Quebec,45-54,60-79k,Urban,9,0,1.64,8,1,0
Quebec,25-34,120k+,Rural,5,0,2.03,10,1,0
Newfoundland and Labrador,45-54,80-119k,Rural,0,0,1.58,10,0,1
Manitoba,55-64,120k+,Urban,6,0,0.62,8,1,0
Alberta,25-34,80-119k,Urban,2,1,3.87,8,0,0
Prince Edward Island,18-24,120k+,Urban,1,0,1.22,8,0,0
Ontario,65+,80-119k,Urban,1,0,0.04,9,0,0
Nova Scotia,35-44,120k+,Rural,3,0,2.67,10,1,0
British Columbia,25-34,<40k,Urban,2,0,0.8,10,0,0
Saskatchewan,35-44,<40k,Rural,3,2,7.26,7,1,0
Manitoba,55-64,60-79k,Urban,3,3,14.55,5,1,1
Manitoba,25-34,120k+,Urban,0,0,2.45,9,0,0
Manitoba,25-34,60-79k,Urban,1,1,4.59,9,0,0
Ontario,25-34,40-59k,Rural,6,1,4.05,8,1,0
Ontario,65+,60-79k,Urban,4,2,9.72,7,1,0
British Columbia,25-34,80-119k,Urban,2,3,15.45,5,0,1
Prince Edward Island,45-54,40-59k,Urban,0,0,2.28,10,0,0
Alberta,65+,80-119k,Rural,0,5,37.0,1,0,1
Manitoba,25-34,120k+,Urban,1,4,22.94,2,0,0
Quebec,65+,120k+,Urban,0,0,0.01,10,0,0
New Brunswick,65+,40-59k,Urban,2,0,0.01,9,0,1
Quebec,55-64,40-59k,Rural,5,1,6.91,6,1,0
Newfoundland and Labrador,25-34,40-59k,Urban,1,0,0.79,9,0,0
Quebec,45-54,40-59k,Urban,6,1,4.13,10,1,0
Newfoundland and Labrador,55-64,<40k,Urban,4,0,2.2,10,1,0
Nova Scotia,65+,80-119k,Urban,0,0,1.74,8,0,0
New Brunswick,25-34,40-59k,Urban,3,2,9.32,7,1,0
Quebec,55-64,120k+,Urban,0,4,18.82,3,0,0
Nova Scotia,35-44,120k+,Urban,3,0,0.24,8,1,0
Saskatchewan,25-34,<40k,Urban,0,2,10.52,3,0,0
Alberta,35-44,120k+,Urban,1,0,0.37,8,0,1
Nova Scotia,55-64,80-119k,Urban,3,1,4.74,9,1,0
Alberta,35-44,60-79k,Rural,0,0,2.21,9,0,0
Quebec,45-54,40-59k,Urban,0,1,6.69,6,0,0
Prince Edward Island,65+,60-79k,Urban,1,0,2.62,10,0,0
Nova Scotia,35-44,40-59k,Urban,2,2,11.32,3,0,1
New Brunswick,45-54,80-119k,Urban,6,1,4.43,9,1,0
Quebec,35-44,<40k,Urban,0,0,2.78,10,0,0
Manitoba,35-44,80-119k,Rural,1,1,5.73,6,0,0
Ontario,45-54,40-59k,Urban,2,4,24.21,2,0,0
Nova Scotia,65+,<40k,Urban,1,0,0.27,8,0,0
New Brunswick,45-54,60-79k,Urban,3,0,0.12,10,1,0
Saskatchewan,55-64,60-79k,Urban,1,3,14.58,4,0,1
Manitoba,18-24,60-79k,Urban,5,1,6.31,7,1,0
Saskatchewan,25-34,<40k,Rural,2,3,14.45,5,0,0
Quebec,35-44,120k+,Urban,0,0,2.65,10,0,0
Ontario,18-24,60-79k,Urban,3,2,8.17,7,1,0
Nova Scotia,25-34,<40k,Rural,3,2,7.2,6,1,0
Nova Scotia,35-44,60-79k,Urban,1,2,10.81,3,0,0
Prince Edward Island,18-24,60-79k,Urban,0,1,5.5,7,0,0
Prince Edward Island,25-34,<40k,Urban,0,0,1.32,10,0,1
Quebec,35-44,60-79k,Rural,2,0,2.54,9,0,0
Quebec,45-54,80-119k,Urban,0,0,2.47,9,0,0
Ontario,65+,80-119k,Rural,3,0,0.97,10,1,0
Prince Edward Island,45-54,40-59k,Urban,4,1,6.35,6,1,0
New Brunswick,35-44,80-119k,Urban,6,1,4.38,10,1,0
New Brunswick,65+,40-59k,Urban,3,0,1.87,8,1,0
Ontario,55-64,120k+,Urban,4,1,3.77,9,1,0
New Brunswick,25-34,<40k,Urban,3,0,0.79,8,1,0
Newfoundland and Labrador,25-34,60-79k,Urban,10,0,1.34,8,1,0
Alberta,45-54,60-79k,Urban,1,0,0.94,8,0,0
Ontario,45-54,40-59k,Urban,1,2,7.65,7,0,1
Ontario,55-64,80-119k,Rural,0,2,9.41,7,0,0
British Columbia,55-64,80-119k,Rural,2,0,1.53,8,0,0
Manitoba,45-54,<40k,Urban,0,2,7.79,7,0,0
Manitoba,65+,60-79k,Rural,1,0,0.52,9,0,0
Newfoundland and Labrador,45-54,60-79k,Urban,2,4,18.21,4,0,0
Prince Edward Island,25-34,40-59k,Urban,8,3,12.18,5,1,0
Quebec,55-64,120k+,Urban,8,1,4.43,9,1,0
Quebec,25-34,120k+,Rural,4,0,0.44,9,1,0
Saskatchewan,55-64,40-59k,Urban,1,0,2.76,9,0,0
Newfoundland and Labrador,65+,60-79k,Urban,6,0,0.6,8,1,0
Ontario,45-54,40-59k,Urban,6,1,3.26,10,1,0
Newfoundland and Labrador,45-54,80-119k,Urban,7,0,1.21,10,1,0
Newfoundland and Labrador,35-44,120k+,Urban,3,0,0.58,8,1,0
Newfoundland and Labrador,35-44,40-59k,Urban,0,0,0.19,9,0,1
Manitoba,35-44,80-119k,Urban,0,0,2.26,9,0,0
Newfoundland and Labrador,45-54,60-79k,Rural,7,0,1.67,10,1,0
Alberta,55-64,40-59k,Urban,0,0,0.17,9,0,0
Quebec,45-54,120k+,Urban,1,1,4.87,10,0,0
Saskatchewan,25-34,60-79k,Urban,2,0,0.12,8,0,0
Alberta,35-44,60-79k,Urban,0,1,4.42,10,0,0
Saskatchewan,55-64,80-119k,Urban,7,1,4.45,10,1,0
British Columbia,35-44,40-59k,Urban,1,0,2.47,10,0,0
Saskatchewan,45-54,40-59k,Urban,0,0,2.21,10,0,0
Quebec,55-64,120k+,Urban,11,1,6.59,6,1,0
Quebec,45-54,80-119k,Urban,1,3,12.84,3,0,1
Newfoundland and Labrador,35-44,80-119k,Urban,6,0,1.6,9,1,0
Nova Scotia,55-64,40-59k,Rural,2,0,0.06,9,0,0
British Columbia,25-34,60-79k,Urban,4,2,11.13,5,1,0
Ontario,65+,120k+,Urban,1,2,8.83,7,0,0
New Brunswick,25-34,40-59k,Urban,2,3,12.42,5,0,1
Saskatchewan,18-24,<40k,Urban,1,0,0.97,9,0,1
Nova Scotia,55-64,60-79k,Urban,8,0,0.86,9,1,0
Newfoundland and Labrador,25-34,40-59k,Urban,0,2,10.83,4,0,0
Manitoba,55-64,<40k,Rural,1,0,0.38,9,0,0
Ontario,55-64,120k+,Urban,6,0,1.67,8,1,0
Prince Edward Island,55-64,120k+,Urban,2,1,6.18,7,0,0
Nova Scotia,65+,60-79k,Urban,3,1,5.96,6,1,0
Manitoba,25-34,80-119k,Urban,3,1,6.74,7,1,0
British Columbia,45-54,80-119k,Urban,0,0,0.0,10,0,0
Newfoundland and Labrador,25-34,80-119k,Urban,0,5,30.31,1,0,0
Ontario,35-44,<40k,Urban,7,0,1.11,8,1,0
Ontario,55-64,<40k,Urban,1,0,0.1,8,0,0
Ontario,35-44,<40k,Urban,1,1,6.27,7,0,1
British Columbia,45-54,<40k,Urban,4,3,16.13,3,1,1
Saskatchewan,35-44,40-59k,Urban,1,1,5.11,6,0,1
Prince Edward Island,45-54,40-59k,Urban,4,1,4.62,10,1,0
British Columbia,65+,40-59k,Urban,2,0,2.69,8,0,0
New Brunswick,18-24,<40k,Urban,6,0,0.79,10,1,0
Prince Edward Island,45-54,60-79k,Urban,1,1,4.34,10,0,0
Quebec,55-64,40-59k,Urban,0,0,2.86,9,0,0
Newfoundland and Labrador,35-44,80-119k,Urban,5,3,12.39,4,1,0
British Columbia,18-24,<40k,Urban,1,0,2.34,9,0,0
Manitoba,45-54,80-119k,Urban,2,0,2.15,8,0,0
Prince Edward Island,35-44,120k+,Urban,5,0,2.71,8,1,0
New Brunswick,25-34,80-119k,Urban,3,0,0.27,9,1,0
Quebec,55-64,80-119k,Urban,2,0,2.91,8,0,0
Saskatchewan,45-54,120k+,Urban,1,0,0.09,9,0,0
Manitoba,65+,40-59k,Urban,5,0,1.01,10,1,0
Prince Edward Island,55-64,120k+,Urban,0,2,7.42,6,0,0
Newfoundland and Labrador,45-54,80-119k,Rural,7,0,0.15,10,1,0
Manitoba,18-24,80-119k,Rural,0,1,6.86,6,0,0
Quebec,35-44,40-59k,Urban,5,0,2.16,9,1,0
Manitoba,25-34,60-79k,Urban,2,1,5.02,6,0,0
Alberta,65+,80-119k,Urban,0,1,3.43,10,0,0
Nova Scotia,25-34,80-119k,Urban,2,1,5.1,6,0,0
Saskatchewan,25-34,80-119k,Urban,1,0,0.96,10,0,0
Quebec,35-44,<40k,Urban,0,1,4.09,10,0,0
Manitoba,25-34,40-59k,Urban,1,0,1.85,9,0,0
Nova Scotia,25-34,60-79k,Urban,6,1,6.16,7,1,0
Nova Scotia,45-54,40-59k,Urban,0,0,1.33,8,0,0
Manitoba,18-24,<40k,Rural,9,0,1.48,8,1,0
Newfoundland and Labrador,18-24,<40k,Urban,0,1,5.61,6,0,0
Alberta,35-44,40-59k,Urban,3,0,0.37,8,1,0
British Columbia,55-64,60-79k,Urban,6,3,16.97,4,1,0
Alberta,45-54,<40k,Urban,7,0,2.51,9,1,0
Manitoba,35-44,120k+,Urban,0,5,33.12,2,0,1
Saskatchewan,45-54,80-119k,Rural,4,0,0.56,10,1,0
British Columbia,35-44,80-119k,Urban,0,0,1.5,8,0,0
Quebec,65+,<40k,Rural,1,0,0.32,8,0,0
Alberta,18-24,60-79k,Urban,4,0,2.29,9,1,0
Manitoba,45-54,60-79k,Urban,1,0,0.93,8,0,0
Alberta,55-64,120k+,Urban,1,0,0.93,10,0,0
British Columbia,55-64,80-119k,Urban,0,0,2.84,8,0,1
New Brunswick,25-34,60-79k,Urban,0,0,1.27,10,0,0
Prince Edward Island,25-34,80-119k,Urban,0,0,2.37,8,0,0
Alberta,45-54,<40k,Rural,6,0,1.91,8,1,0
Quebec,18-24,<40k,Urban,0,1,4.26,9,0,0
Quebec,55-64,80-119k,Urban,4,0,0.37,10,1,0
Ontario,45-54,<40k,Urban,5,3,16.79,3,1,0
Alberta,55-64,<40k,Urban,3,0,2.29,8,1,0
Prince Edward Island,25-34,80-119k,Urban,4,1,3.68,9,1,0
Newfoundland and Labrador,45-54,40-59k,Urban,3,0,0.75,10,1,0
Nova Scotia,45-54,80-119k,Urban,2,1,6.06,6,0,0
Prince Edward Island,55-64,120k+,Urban,1,0,2.95,9,0,1
Nova Scotia,18-24,40-59k,Rural,8,3,17.06,3,1,0
Nova Scotia,18-24,40-59k,Urban,9,3,16.1,5,1,0
New Brunswick,35-44,<40k,Urban,3,1,6.66,7,1,0
Ontario,25-34,<40k,Urban,0,2,8.43,7,0,0
Prince Edward Island,45-54,<40k,Urban,2,1,3.04,9,0,0
Prince Edward Island,65+,<40k,Rural,2,0,0.96,9,0,0
New Brunswick,35-44,60-79k,Urban,4,1,6.89,7,1,0
Alberta,55-64,40-59k,Urban,4,0,2.65,8,1,0
Alberta,18-24,80-119k,Urban,2,1,3.2,10,0,0
Alberta,25-34,120k+,Urban,4,0,1.51,9,1,0
Saskatchewan,18-24,80-119k,Urban,0,0,0.24,8,0,0
Nova Scotia,35-44,60-79k,Urban,5,0,2.37,8,1,0
Saskatchewan,65+,<40k,Urban,0,0,1.12,9,0,0
Ontario,18-24,80-119k,Urban,3,1,6.65,6,1,0
New Brunswick,45-54,40-59k,Urban,0,0,0.16,9,0,0
Prince Edward Island,35-44,<40k,Urban,0,4,23.14,2,0,1
Nova Scotia,65+,80-119k,Urban,0,0,1.2,9,0,0
Saskatchewan,25-34,40-59k,Urban,7,1,4.07,10,1,0
Saskatchewan,25-34,40-59k,Urban,3,2,9.59,7,1,0
Manitoba,18-24,120k+,Urban,1,0,1.46,9,0,0
Saskatchewan,35-44,120k+,Urban,5,2,8.74,6,1,0
Newfoundland and Labrador,25-34,40-59k,Urban,3,0,1.95,8,1,0
Prince Edward Island,55-64,40-59k,Urban,3,0,1.98,10,1,0
Newfoundland and Labrador,45-54,60-79k,Urban,2,0,0.23,10,0,1
Prince Edward Island,45-54,80-119k,Rural,0,1,5.38,7,0,0
New Brunswick,45-54,<40k,Urban,1,0,2.13,8,0,0
Prince Edward Island,18-24,60-79k,Urban,0,0,0.23,8,0,0
Newfoundland and Labrador,35-44,120k+,Urban,4,0,1.98,9,1,0
Prince Edward Island,65+,40-59k,Rural,1,0,2.41,10,0,0
New Brunswick,55-64,120k+,Urban,2,1,6.33,6,0,0
New Brunswick,55-64,120k+,Rural,1,0,0.12,8,0,0
Ontario,55-64,40-59k,Urban,0,0,2.09,9,0,1
Prince Edward Island,25-34,80-119k,Rural,8,0,2.39,10,1,0
Manitoba,25-34,40-59k,Rural,7,0,1.19,9,1,0
Alberta,18-24,80-119k,Urban,0,2,9.71,6,0,0
Quebec,25-34,80-119k,Urban,5,1,4.06,9,1,0
New Brunswick,25-34,40-59k,Urban,2,3,13.86,4,0,1
British Columbia,35-44,80-119k,Rural,5,0,1.5,10,1,0
Alberta,45-54,80-119k,Rural,0,1,3.6,9,0,0
Nova Scotia,55-64,40-59k,Urban,0,1,4.48,8,0,0
Prince Edward Island,55-64,<40k,Urban,6,1,4.21,8,1,0
Newfoundland and Labrador,65+,<40k,Rural,6,5,28.57,1,1,0
Quebec,18-24,60-79k,Urban,2,0,1.45,9,0,0
British Columbia,18-24,120k+,Rural,6,0,2.52,10,1,0
Alberta,45-54,80-119k,Rural,4,2,8.21,7,1,0
Prince Edward Island,25-34,60-79k,Rural,0,0,1.98,10,0,0
Ontario,25-34,60-79k,Urban,1,0,0.76,9,0,0
Nova Scotia,35-44,40-59k,Urban,0,0,0.43,10,0,0
Quebec,25-34,<40k,Urban,5,0,2.83,9,1,0
Manitoba,35-44,60-79k,Rural,10,0,1.9,8,1,0
Ontario,35-44,60-79k,Urban,3,5,26.57,2,1,0
British Columbia,35-44,60-79k,Urban,3,0,1.9,9,1,0
Quebec,45-54,120k+,Urban,4,1,3.71,9,1,0
Ontario,35-44,60-79k,Urban,1,0,2.66,10,0,0
Nova Scotia,25-34,60-79k,Urban,1,0,0.74,8,0,0
Manitoba,25-34,<40k,Urban,2,0,2.42,10,0,0
Ontario,35-44,120k+,Urban,3,1,3.8,8,1,0
Saskatchewan,55-64,80-119k,Urban,6,0,1.67,10,1,0
Manitoba,55-64,120k+,Rural,1,1,6.65,7,0,1
British Columbia,45-54,60-79k,Urban,2,1,4.18,9,0,0
Nova Scotia,25-34,60-79k,Urban,4,0,0.24,10,1,0
Prince Edward Island,45-54,60-79k,Urban,0,0,1.66,9,0,0
Newfoundland and Labrador,45-54,40-59k,Urban,2,0,0.52,10,0,1
Newfoundland and Labrador,35-44,80-119k,Urban,0,0,2.19,10,0,0
Newfoundland and Labrador,45-54,120k+,Urban,3,2,9.95,6,1,0
Quebec,35-44,<40k,Urban,5,1,4.39,9,1,0
British Columbia,45-54,<40k,Urban,1,0,2.12,9,0,0
Nova Scotia,45-54,80-119k,Urban,6,3,13.43,4,1,0
Manitoba,25-34,40-59k,Rural,1,0,2.75,10,0,0
Quebec,55-64,80-119k,Urban,0,0,1.04,8,0,0
British Columbia,25-34,80-119k,Urban,2,1,6.05,7,0,0
Prince Edward Island,18-24,40-59k,Urban,6,0,0.78,10,1,0
Saskatchewan,65+,80-119k,Rural,0,5,35.72,2,0,1
Nova Scotia,65+,60-79k,Urban,1,0,0.09,8,0,0
Newfoundland and Labrador,18-24,80-119k,Rural,3,0,0.89,10,1,0
Ontario,35-44,80-119k,Urban,1,0,0.28,10,0,0
Nova Scotia,25-34,80-119k,Urban,0,0,1.35,10,0,0
New Brunswick,35-44,<40k,Urban,1,1,4.74,10,0,0
British Columbia,55-64,40-59k,Urban,5,5,30.39,2,1,1
Alberta,65+,<40k,Urban,9,1,6.92,6,1,0
Prince Edward Island,45-54,60-79k,Urban,0,1,3.98,10,0,0
Saskatchewan,35-44,120k+,Urban,3,0,2.37,10,1,0
Prince Edward Island,45-54,60-79k,Urban,0,0,1.34,10,0,0
Nova Scotia,25-34,80-119k,Rural,4,1,4.34,8,1,0
Alberta,65+,40-59k,Urban,0,2,8.02,7,0,0
New Brunswick,55-64,40-59k,Urban,0,1,5.53,7,0,0
Manitoba,45-54,120k+,Urban,5,0,1.0,9,1,0
Ontario,35-44,60-79k,Urban,0,1,6.25,6,0,0
Alberta,25-34,80-119k,Urban,1,0,2.91,8,0,0
British Columbia,18-24,40-59k,Urban,8,0,0.68,10,1,0
Newfoundland and Labrador,55-64,120k+,Urban,10,1,3.51,8,1,0
New Brunswick,35-44,60-79k,Urban,0,0,0.95,9,0,0
Ontario,35-44,80-119k,Urban,3,0,1.4,9,1,0
Saskatchewan,35-44,<40k,Urban,3,1,4.2,9,1,0
Newfoundland and Labrador,55-64,60-79k,Urban,2,0,2.91,8,0,1
Nova Scotia,25-34,120k+,Urban,7,0,2.34,8,1,0
Alberta,55-64,120k+,Rural,4,1,6.86,7,1,0
Ontario,55-64,<40k,Urban,5,0,1.12,10,1,0
Quebec,65+,40-59k,Urban,1,1,4.22,10,0,0
Manitoba,35-44,60-79k,Urban,2,0,1.22,10,0,0
Manitoba,25-34,<40k,Urban,2,2,9.61,6,0,0
New Brunswick,35-44,80-119k,Urban,1,2,10.71,5,0,0
Saskatchewan,35-44,40-59k,Urban,0,0,2.64,8,0,0
New Brunswick,25-34,40-59k,Rural,0,0,1.39,9,0,0
Quebec,45-54,80-119k,Urban,0,1,4.16,10,0,1
British Columbia,35-44,60-79k,Urban,0,0,0.96,10,0,0
Saskatchewan,55-64,80-119k,Urban,1,1,5.79,7,0,0
Prince Edward Island,18-24,120k+,Rural,1,0,1.7,9,0,0
British Columbia,45-54,<40k,Urban,2,1,4.95,9,0,1
Saskatchewan,55-64,80-119k,Urban,2,0,0.61,9,0,0
Saskatchewan,55-64,40-59k,Urban,1,0,2.63,8,0,0
Quebec,55-64,60-79k,Urban,7,4,23.47,2,1,1
Nova Scotia,55-64,<40k,Rural,3,0,0.42,9,1,0
Quebec,65+,<40k,Rural,5,1,4.47,10,1,0
Saskatchewan,35-44,40-59k,Urban,7,1,5.17,7,1,0
Ontario,35-44,40-59k,Urban,0,0,1.36,10,0,1
British Columbia,18-24,120k+,Rural,2,1,4.59,8,0,0
Quebec,18-24,80-119k,Urban,2,0,2.16,10,0,0
Nova Scotia,25-34,120k+,Urban,1,2,7.27,6,0,0
Alberta,25-34,60-79k,Urban,0,1,4.89,10,0,0
New Brunswick,25-34,40-59k,Urban,5,0,0.79,8,1,0
Saskatchewan,25-34,40-59k,Rural,0,0,0.25,9,0,0
Prince Edward Island,18-24,40-59k,Urban,12,1,4.86,8,1,0
Alberta,65+,40-59k,Urban,5,1,3.69,9,1,0
Manitoba,18-24,80-119k,Urban,3,1,4.03,8,1,0
Newfoundland and Labrador,55-64,60-79k,Urban,0,0,1.52,9,0,1
Nova Scotia,25-34,40-59k,Urban,2,2,11.87,3,0,1
Prince Edward Island,65+,<40k,Urban,1,0,2.05,10,0,1
Newfoundland and Labrador,55-64,<40k,Urban,1,1,4.12,10,0,0
Nova Scotia,45-54,40-59k,Urban,5,0,1.15,10,1,0
Ontario,45-54,<40k,Urban,1,0,1.22,9,0,0
New Brunswick,18-24,80-119k,Urban,2,1,3.61,10,0,0
Alberta,65+,<40k,Urban,6,0,0.48,10,1,0
British Columbia,55-64,80-119k,Rural,0,3,12.89,3,0,0
Nova Scotia,55-64,40-59k,Urban,3,1,5.09,6,1,0
British Columbia,45-54,<40k,Rural,3,3,16.05,4,1,0
New Brunswick,35-44,80-119k,Urban,2,0,1.77,9,0,0
Saskatchewan,55-64,60-79k,Rural,5,0,2.93,8,1,0
Manitoba,25-34,40-59k,Urban,8,1,3.5,9,1,0
Alberta,45-54,120k+,Urban,2,0,2.96,9,0,0
New Brunswick,18-24,<40k,Urban,2,0,1.4,8,0,0
New Brunswick,65+,40-59k,Urban,2,1,3.87,10,0,0
Ontario,25-34,80-119k,Urban,4,1,6.77,6,1,0
Newfoundland and Labrador,25-34,80-119k,Urban,4,0,1.41,8,1,0
Manitoba,45-54,40-59k,Urban,1,2,8.74,6,0,1
Alberta,55-64,<40k,Urban,0,0,0.64,8,0,0
Saskatchewan,45-54,80-119k,Urban,8,1,4.07,9,1,0
Saskatchewan,25-34,40-59k,Urban,1,0,2.94,8,0,1
Quebec,18-24,40-59k,Urban,3,0,0.91,10,1,0
New Brunswick,55-64,60-79k,Urban,5,1,6.91,6,1,0
Nova Scotia,65+,120k+,Rural,1,2,8.65,6,0,1
Ontario,55-64,<40k,Urban,3,0,0.69,10,1,0
Manitoba,35-44,80-119k,Rural,0,1,3.73,8,0,1
Saskatchewan,65+,60-79k,Urban,9,0,1.24,9,1,0
Alberta,35-44,60-79k,Rural,0,2,8.18,7,0,0
Quebec,45-54,80-119k,Urban,2,1,5.79,6,0,0
Alberta,35-44,120k+,Urban,2,2,8.2,7,0,1
Ontario,35-44,40-59k,Urban,5,0,2.51,10,1,0
Nova Scotia,55-64,<40k,Urban,0,0,2.5,8,0,0
Quebec,45-54,120k+,Urban,2,0,0.86,9,0,0
Quebec,25-34,80-119k,Urban,1,0,2.26,10,0,0
Newfoundland and Labrador,25-34,60-79k,Urban,1,0,2.57,9,0,0
Manitoba,18-24,60-79k,Urban,5,0,1.77,8,1,0
Quebec,45-54,80-119k,Urban,0,2,8.83,7,0,0
Newfoundland and Labrador,25-34,80-119k,Urban,4,0,1.32,8,1,0
Newfoundland and Labrador,25-34,120k+,Urban,5,3,16.72,5,1,0
Ontario,45-54,60-79k,Urban,7,0,0.88,10,1,0
British Columbia,45-54,40-59k,Urban,3,4,20.34,1,1,1
Alberta,55-64,80-119k,Urban,1,5,27.41,1,0,1
Nova Scotia,35-44,60-79k,Urban,2,0,1.2,8,0,0
Prince Edward Island,55-64,60-79k,Rural,9,5,26.3,1,1,0
Alberta,65+,60-79k,Urban,6,2,8.61,6,1,0
Quebec,55-64,<40k,Urban,2,0,1.12,10,0,0
Nova Scotia,45-54,60-79k,Urban,8,4,19.79,4,1,0
Saskatchewan,25-34,80-119k,Rural,5,0,0.3,8,1,0
British Columbia,65+,80-119k,Urban,7,0,1.57,9,1,0
Saskatchewan,25-34,60-79k,Urban,4,1,6.46,6,1,0
Saskatchewan,25-34,<40k,Urban,6,0,1.01,8,1,0
Manitoba,35-44,60-79k,Urban,6,0,0.71,10,1,0
Alberta,18-24,80-119k,Urban,0,4,20.0,1,0,1
Prince Edward Island,65+,60-79k,Urban,9,5,37.93,2,1,1
Ontario,45-54,80-119k,Urban,1,2,9.64,6,0,0
Prince Edward Island,45-54,60-79k,Rural,2,0,0.39,10,0,0
Saskatchewan,45-54,40-59k,Urban,5,3,16.26,5,1,0
Quebec,35-44,80-119k,Urban,4,0,0.46,8,1,0
British Columbia,18-24,<40k,Urban,6,4,18.42,5,1,0
New Brunswick,45-54,60-79k,Urban,2,0,0.77,10,0,1
Prince Edward Island,45-54,40-59k,Urban,1,2,7.84,6,0,1
Saskatchewan,35-44,<40k,Urban,0,1,5.42,7,0,0
British Columbia,55-64,60-79k,Rural,2,4,21.39,2,0,1
Nova Scotia,25-34,60-79k,Urban,4,2,10.62,5,1,0
Alberta,25-34,80-119k,Urban,1,3,15.07,5,0,0
Newfoundland and Labrador,25-34,80-119k,Urban,2,1,4.68,8,0,0
Manitoba,35-44,80-119k,Urban,1,2,9.63,7,0,0
British Columbia,55-64,60-79k,Urban,5,2,9.17,7,1,0
Quebec,55-64,80-119k,Rural,0,0,0.11,10,0,0
Quebec,35-44,60-79k,Rural,4,1,5.72,7,1,0
British Columbia,45-54,60-79k,Urban,1,0,2.89,10,0,0
Quebec,55-64,60-79k,Urban,0,2,9.11,6,0,0
Alberta,25-34,120k+,Rural,6,0,1.27,9,1,0
Quebec,25-34,40-59k,Urban,2,5,25.69,1,0,1
Prince Edward Island,65+,120k+,Urban,3,0,2.67,10,1,0
Newfoundland and Labrador,45-54,<40k,Urban,4,0,2.79,9,1,0
Quebec,65+,40-59k,Urban,3,3,16.88,3,1,0
Newfoundland and Labrador,35-44,40-59k,Urban,4,0,0.32,10,1,0
Saskatchewan,45-54,80-119k,Urban,5,0,2.7,10,1,0
Ontario,25-34,<40k,Urban,3,2,7.12,7,1,0
Alberta,25-34,120k+,Urban,1,0,1.33,9,0,0
Ontario,35-44,80-119k,Urban,1,0,1.5,10,0,0
Saskatchewan,25-34,80-119k,Urban,7,1,6.34,7,1,0
Alberta,25-34,60-79k,Urban,9,4,23.26,1,1,0
British Columbia,25-34,120k+,Urban,1,0,2.39,9,0,0
British Columbia,18-24,80-119k,Urban,0,0,2.6,8,0,0
Newfoundland and Labrador,45-54,60-79k,Urban,1,0,1.43,8,0,0
Saskatchewan,35-44,80-119k,Urban,4,0,2.34,9,1,0
Newfoundland and Labrador,18-24,60-79k,Urban,0,0,0.2,9,0,0
Manitoba,25-34,60-79k,Urban,5,0,1.33,10,1,0
Quebec,25-34,40-59k,Urban,7,1,3.12,10,1,0
New Brunswick,45-54,60-79k,Urban,8,3,17.49,5,1,0
Manitoba,18-24,<40k,Urban,0,0,2.88,8,0,0
Quebec,55-64,40-59k,Urban,8,0,0.25,8,1,0
Alberta,18-24,80-119k,Urban,4,1,5.13,6,1,0
Newfoundland and Labrador,25-34,120k+,Urban,0,0,0.98,9,0,1
Alberta,55-64,120k+,Urban,2,1,4.37,8,0,0
Alberta,45-54,60-79k,Urban,4,0,1.35,9,1,0
Quebec,18-24,60-79k,Rural,8,0,0.38,9,1,0
Saskatchewan,55-64,40-59k,Urban,0,0,0.54,9,0,0
Quebec,35-44,80-119k,Urban,0,0,1.73,8,0,0
Nova Scotia,55-64,<40k,Urban,2,2,7.09,6,0,0
British Columbia,45-54,40-59k,Rural,9,4,22.2,2,1,1
British Columbia,45-54,80-119k,Urban,9,0,0.96,8,1,0
Manitoba,65+,40-59k,Urban,1,1,6.33,7,0,0
British Columbia,25-34,<40k,Urban,1,0,1.8,9,0,0
Quebec,45-54,80-119k,Rural,7,1,5.83,6,1,0
Prince Edward Island,35-44,40-59k,Urban,4,1,3.46,9,1,0
Newfoundland and Labrador,18-24,<40k,Rural,9,0,0.8,8,1,0
Quebec,18-24,<40k,Urban,6,0,2.99,8,1,0
Quebec,25-34,40-59k,Rural,0,0,1.3,9,0,0
New Brunswick,45-54,<40k,Rural,5,0,1.08,10,1,0
Newfoundland and Labrador,45-54,80-119k,Rural,0,1,6.5,6,0,1
Nova Scotia,45-54,40-59k,Urban,5,3,12.2,4,1,1
British Columbia,18-24,80-119k,Rural,3,2,9.67,6,1,0
Newfoundland and Labrador,35-44,<40k,Rural,8,0,0.63,10,1,0
British Columbia,65+,60-79k,Urban,8,0,1.1,10,1,0
Manitoba,35-44,80-119k,Urban,0,0,0.6,9,0,0
Newfoundland and Labrador,45-54,80-119k,Urban,0,1,3.15,9,0,0
British Columbia,55-64,60-79k,Urban,2,0,1.25,10,0,0
Nova Scotia,55-64,120k+,Urban,6,0,2.37,9,1,0
Ontario,35-44,40-59k,Urban,5,1,6.81,6,1,0
Alberta,55-64,60-79k,Urban,9,0,1.87,10,1,0
Alberta,35-44,120k+,Urban,3,0,1.17,10,1,0
Nova Scotia,55-64,<40k,Urban,1,0,2.31,10,0,0
New Brunswick,25-34,<40k,Urban,0,0,1.52,10,0,0
Ontario,25-34,40-59k,Rural,1,0,1.1,9,0,0
Manitoba,18-24,80-119k,Urban,4,0,0.54,10,1,0
Nova Scotia,55-64,40-59k,Urban,7,0,2.39,10,1,0
Alberta,35-44,40-59k,Urban,1,0,1.5,10,0,0
Alberta,25-34,60-79k,Urban,6,0,2.89,10,1,0
Alberta,25-34,60-79k,Urban,1,4,23.61,1,0,0
Saskatchewan,65+,40-59k,Urban,1,0,1.26,10,0,1
Nova Scotia,55-64,40-59k,Urban,2,0,2.22,9,0,0
Quebec,45-54,60-79k,Urban,2,1,4.81,8,0,0
Manitoba,45-54,120k+,Urban,7,0,0.24,8,1,0
Alberta,35-44,80-119k,Rural,2,1,5.07,6,0,1
British Columbia,35-44,80-119k,Urban,1,0,2.6,9,0,0
Nova Scotia,65+,40-59k,Urban,6,5,37.83,1,1,0
Saskatchewan,25-34,40-59k,Rural,13,4,22.02,2,1,1
Nova Scotia,35-44,60-79k,Rural,3,1,4.52,8,1,0
Manitoba,35-44,80-119k,Rural,1,1,3.04,9,0,0
Saskatchewan,35-44,60-79k,Rural,1,0,0.93,8,0,0
Manitoba,35-44,80-119k,Urban,0,4,24.93,1,0,1
Nova Scotia,35-44,120k+,Rural,0,0,2.18,8,0,0
Quebec,25-34,<40k,Rural,7,0,2.15,10,1,0
Manitoba,35-44,<40k,Urban,0,0,2.28,9,0,0
Saskatchewan,25-34,<40k,Urban,2,0,1.86,9,0,0
Saskatchewan,25-34,40-59k,Urban,4,1,5.34,7,1,0
Manitoba,18-24,<40k,Urban,6,0,1.36,8,1,0
Prince Edward Island,55-64,120k+,Urban,0,1,4.78,9,0,0
Nova Scotia,35-44,<40k,Urban,2,0,2.61,10,0,0
Prince Edward Island,45-54,40-59k,Urban,1,3,14.36,5,0,0
New Brunswick,55-64,40-59k,Urban,1,1,6.36,6,0,0
Nova Scotia,45-54,120k+,Urban,1,1,6.35,6,0,1
Manitoba,35-44,80-119k,Urban,3,1,6.08,7,1,0
Ontario,35-44,120k+,Urban,0,3,12.23,5,0,0
Manitoba,35-44,120k+,Urban,2,0,0.44,10,0,0
Prince Edward Island,45-54,60-79k,Urban,0,0,0.94,9,0,0
Quebec,35-44,40-59k,Urban,9,1,6.39,6,1,0
Manitoba,55-64,40-59k,Urban,3,2,11.37,4,1,0
Manitoba,55-64,40-59k,Urban,6,0,0.12,10,1,0
Quebec,25-34,80-119k,Urban,0,0,0.97,10,0,0
Manitoba,25-34,<40k,Urban,5,0,2.55,9,1,0
Alberta,45-54,<40k,Urban,2,0,0.75,9,0,0
Ontario,25-34,60-79k,Urban,0,3,17.86,4,0,0
British Columbia,18-24,80-119k,Urban,5,0,1.47,10,1,0
Ontario,55-64,80-119k,Rural,5,1,6.75,7,1,0
Manitoba,25-34,40-59k,Urban,12,2,9.14,7,1,0
Alberta,65+,80-119k,Urban,5,0,0.97,8,1,0
Nova Scotia,45-54,60-79k,Urban,0,0,1.09,8,0,0
Manitoba,55-64,<40k,Urban,1,0,2.65,9,0,0
Prince Edward Island,25-34,80-119k,Rural,2,1,4.32,8,0,0
Alberta,25-34,120k+,Urban,0,0,2.01,8,0,0
Quebec,45-54,<40k,Rural,5,0,1.41,8,1,0
Alberta,25-34,40-59k,Urban,2,0,2.83,9,0,0
Quebec,25-34,60-79k,Rural,8,0,0.48,8,1,0
New Brunswick,35-44,<40k,Urban,3,0,1.29,8,1,0
British Columbia,25-34,80-119k,Rural,2,0,0.37,10,0,0
Newfoundland and Labrador,25-34,40-59k,Urban,0,0,1.73,9,0,0
Alberta,55-64,80-119k,Urban,0,1,4.61,10,0,0
Saskatchewan,25-34,80-119k,Rural,6,0,0.18,10,1,0
Prince Edward Island,18-24,60-79k,Urban,11,1,6.4,7,1,0
Manitoba,45-54,40-59k,Urban,2,1,4.5,8,0,0
Prince Edward Island,65+,40-59k,Rural,5,3,14.96,5,1,0
Ontario,35-44,<40k,Urban,3,0,1.22,8,1,0
Newfoundland and Labrador,25-34,40-59k,Urban,8,0,1.47,8,1,0
Ontario,45-54,40-59k,Urban,1,2,7.08,6,0,0
New Brunswick,65+,80-119k,Urban,3,2,11.08,4,1,1
Newfoundland and Labrador,55-64,40-59k,Urban,2,0,1.0,10,0,0
Newfoundland and Labrador,45-54,80-119k,Urban,3,0,2.17,10,1,0
Ontario,25-34,60-79k,Urban,1,2,7.32,7,0,1
Quebec,45-54,80-119k,Urban,2,0,1.57,8,0,0
Ontario,18-24,120k+,Urban,3,3,17.45,3,1,0
Prince Edward Island,45-54,40-59k,Urban,0,4,20.79,1,0,1
Quebec,55-64,80-119k,Urban,4,0,0.59,9,1,0
Prince Edward Island,65+,80-119k,Urban,4,2,7.5,6,1,0
New Brunswick,25-34,80-119k,Urban,6,0,2.58,10,1,0
Manitoba,18-24,80-119k,Urban,2,2,8.19,7,0,0
Nova Scotia,45-54,60-79k,Urban,0,0,2.93,10,0,0
Quebec,45-54,40-59k,Rural,2,0,0.74,10,0,0
New Brunswick,55-64,<40k,Urban,0,1,4.92,9,0,0
Saskatchewan,25-34,60-79k,Rural,3,0,1.37,10,1,0
New Brunswick,25-34,120k+,Urban,0,3,12.37,3,0,1
Ontario,35-44,80-119k,Urban,1,0,1.6,8,0,0
Ontario,35-44,40-59k,Urban,0,0,2.02,9,0,0
Nova Scotia,55-64,80-119k,Rural,0,0,2.23,8,0,1
New Brunswick,35-44,80-119k,Urban,8,2,9.61,7,1,0
British Columbia,55-64,40-59k,Urban,12,0,2.44,8,1,0
Manitoba,45-54,<40k,Urban,3,2,10.76,3,1,0
Ontario,55-64,<40k,Urban,1,0,0.58,10,0,0
Nova Scotia,35-44,120k+,Urban,7,0,1.2,10,1,0
Manitoba,55-64,80-119k,Urban,7,3,12.86,3,1,0
New Brunswick,25-34,40-59k,Urban,6,0,0.4,8,1,0
New Brunswick,45-54,40-59k,Rural,3,0,2.14,9,1,0
Newfoundland and Labrador,25-34,80-119k,Urban,0,3,15.18,3,0,1
Nova Scotia,35-44,120k+,Rural,0,1,5.4,7,0,0
Ontario,25-34,80-119k,Rural,6,1,5.93,7,1,0
British Columbia,25-34,60-79k,Rural,6,2,8.39,7,1,0
New Brunswick,65+,40-59k,Rural,2,0,1.2,8,0,0
British Columbia,25-34,60-79k,Rural,1,2,10.03,5,0,0
New Brunswick,55-64,40-59k,Urban,3,1,3.39,9,1,0
Ontario,65+,80-119k,Urban,5,1,6.33,7,1,0
Manitoba,18-24,40-59k,Urban,4,0,1.03,8,1,0
Alberta,45-54,80-119k,Urban,3,3,15.95,4,1,0
Manitoba,25-34,40-59k,Urban,1,2,11.98,3,0,0
New Brunswick,18-24,80-119k,Urban,1,0,1.43,10,0,0
Prince Edward Island,35-44,40-59k,Urban,4,1,3.86,9,1,0
Alberta,65+,60-79k,Rural,5,0,0.65,9,1,0
Alberta,18-24,60-79k,Urban,0,1,3.24,10,0,0
British Columbia,45-54,<40k,Urban,0,5,36.51,2,0,1
Nova Scotia,35-44,120k+,Urban,4,0,0.88,8,1,0
British Columbia,55-64,60-79k,Urban,1,4,19.21,5,0,0
British Columbia,18-24,60-79k,Rural,3,0,2.14,10,1,0
Prince Edward Island,45-54,80-119k,Urban,3,0,0.93,9,1,0
Manitoba,45-54,80-119k,Urban,5,0,1.8,8,1,0
Manitoba,45-54,60-79k,Urban,5,0,1.25,9,1,0
Saskatchewan,65+,120k+,Urban,1,1,4.34,9,0,0
New Brunswick,55-64,<40k,Urban,3,2,9.45,7,1,0
Prince Edward Island,18-24,<40k,Urban,0,0,0.94,9,0,0
Saskatchewan,35-44,60-79k,Urban,6,0,2.61,10,1,0
Ontario,35-44,40-59k,Urban,6,1,3.29,8,1,0
New Brunswick,25-34,60-79k,Rural,1,2,7.15,7,0,0
New Brunswick,35-44,40-59k,Urban,0,4,20.84,1,0,0
Newfoundland and Labrador,35-44,60-79k,Urban,0,0,0.52,9,0,0
Newfoundland and Labrador,35-44,80-119k,Urban,3,3,16.46,4,1,0
Quebec,65+,60-79k,Urban,0,0,1.06,9,0,0
Quebec,18-24,120k+,Rural,4,0,0.78,10,1,0
British Columbia,65+,80-119k,Urban,4,4,20.52,2,1,0
Ontario,35-44,40-59k,Rural,3,0,0.66,10,1,0
Alberta,45-54,40-59k,Urban,6,1,4.2,8,1,0
Alberta,55-64,40-59k,Rural,1,2,9.84,6,0,0
Newfoundland and Labrador,35-44,80-119k,Urban,7,0,2.59,9,1,0
Newfoundland and Labrador,35-44,<40k,Urban,0,1,4.48,10,0,1
Newfoundland and Labrador,35-44,40-59k,Urban,0,1,4.28,10,0,0
Prince Edward Island,35-44,120k+,Urban,2,0,2.35,9,0,0
Nova Scotia,65+,80-119k,Urban,3,2,7.11,7,1,0
Quebec,55-64,40-59k,Urban,0,3,13.81,4,0,0
Prince Edward Island,25-34,40-59k,Urban,3,0,1.36,9,1,0
Manitoba,25-34,80-119k,Urban,1,5,34.01,1,0,1
Alberta,35-44,120k+,Urban,6,0,0.47,9,1,0
New Brunswick,18-24,40-59k,Rural,2,0,1.3,8,0,0
Quebec,45-54,60-79k,Urban,3,1,5.27,7,1,0
Saskatchewan,25-34,80-119k,Rural,8,0,1.53,9,1,0
Manitoba,45-54,80-119k,Urban,5,3,15.45,4,1,1
Quebec,18-24,80-119k,Urban,2,2,10.31,4,0,0
Prince Edward Island,25-34,60-79k,Urban,2,3,14.28,3,0,0
Ontario,45-54,120k+,Rural,3,1,3.25,10,1,0
New Brunswick,35-44,40-59k,Rural,0,3,12.33,3,0,0
Quebec,65+,<40k,Rural,0,1,6.43,6,0,0
Nova Scotia,55-64,80-119k,Urban,1,0,2.03,10,0,0
Newfoundland and Labrador,35-44,60-79k,Urban,5,3,16.59,3,1,0
Newfoundland and Labrador,18-24,80-119k,Urban,1,0,2.79,10,0,0
New Brunswick,55-64,<40k,Urban,0,0,2.25,9,0,0
Prince Edward Island,65+,80-119k,Rural,1,0,2.08,10,0,0
Newfoundland and Labrador,55-64,40-59k,Urban,4,4,22.59,1,1,0
Quebec,25-34,80-119k,Urban,3,0,0.78,9,1,0
Saskatchewan,65+,<40k,Urban,4,0,2.87,8,1,0
Alberta,25-34,60-79k,Urban,1,0,1.63,9,0,0
Alberta,55-64,80-119k,Urban,7,0,0.67,8,1,0
Manitoba,65+,40-59k,Urban,2,0,0.63,9,0,0
British Columbia,25-34,40-59k,Rural,2,1,6.26,7,0,0
Ontario,65+,60-79k,Urban,8,0,0.75,8,1,0
New Brunswick,25-34,80-119k,Urban,10,1,3.17,8,1,0
Manitoba,65+,40-59k,Urban,4,0,1.29,9,1,0
British Columbia,25-34,40-59k,Urban,8,0,2.45,8,1,0
Prince Edward Island,65+,40-59k,Urban,3,2,9.07,6,1,0
Nova Scotia,18-24,120k+,Urban,1,0,2.41,9,0,1
Nova Scotia,45-54,40-59k,Urban,1,0,2.48,10,0,0
Ontario,45-54,<40k,Urban,3,4,24.0,2,1,1
Newfoundland and Labrador,35-44,80-119k,Urban,3,0,1.77,10,1,0
Quebec,25-34,80-119k,Urban,2,0,2.1,8,0,0
Manitoba,45-54,<40k,Urban,6,0,0.79,10,1,0
Manitoba,25-34,120k+,Rural,2,0,0.3,8,0,1
New Brunswick,45-54,60-79k,Urban,1,0,1.6,9,0,1
New Brunswick,25-34,60-79k,Rural,0,2,7.05,7,0,0
Nova Scotia,65+,40-59k,Urban,9,0,1.4,9,1,0
Nova Scotia,18-24,120k+,Urban,5,0,0.31,8,1,0
Saskatchewan,25-34,40-59k,Urban,3,3,12.65,3,1,0
Saskatchewan,25-34,40-59k,Rural,5,0,2.61,8,1,0
Newfoundland and Labrador,35-44,<40k,Urban,5,0,1.92,9,1,0
Saskatchewan,25-34,80-119k,Rural,7,1,5.58,6,1,0
Quebec,35-44,60-79k,Urban,1,0,1.21,10,0,0
Quebec,55-64,60-79k,Urban,3,0,1.24,9,1,0
Manitoba,45-54,40-59k,Urban,0,1,4.21,8,0,0
Alberta,45-54,80-119k,Urban,9,4,21.04,1,1,0
Quebec,18-24,80-119k,Urban,10,0,1.76,10,1,0
British Columbia,45-54,40-59k,Urban,5,2,7.93,7,1,0
Nova Scotia,25-34,80-119k,Urban,2,0,0.79,9,0,0
New Brunswick,55-64,40-59k,Urban,2,0,1.48,10,0,0
Saskatchewan,25-34,80-119k,Urban,2,0,1.15,8,0,0
Manitoba,35-44,<40k,Urban,1,0,2.46,8,0,1
Ontario,35-44,60-79k,Urban,2,0,2.47,10,0,0
New Brunswick,55-64,120k+,Urban,0,4,20.35,2,0,0
British Columbia,25-34,120k+,Urban,11,3,14.7,3,1,1
Saskatchewan,45-54,40-59k,Rural,2,1,6.91,6,0,0
British Columbia,25-34,60-79k,Urban,7,0,2.48,9,1,0
Nova Scotia,45-54,<40k,Rural,4,1,3.86,8,1,0
Nova Scotia,65+,120k+,Urban,1,2,8.4,6,0,0
Newfoundland and Labrador,35-44,60-79k,Urban,1,0,0.25,10,0,0
Manitoba,35-44,40-59k,Urban,12,0,2.03,9,1,0
New Brunswick,65+,<40k,Urban,5,0,0.95,8,1,0
Prince Edward Island,45-54,120k+,Urban,1,0,1.61,9,0,0
Prince Edward Island,35-44,60-79k,Urban,0,0,2.3,9,0,0
New Brunswick,45-54,40-59k,Urban,4,4,23.85,2,1,0
Ontario,45-54,40-59k,Urban,1,0,0.98,8,0,1
Manitoba,25-34,40-59k,Urban,1,0,0.71,8,0,0
British Columbia,55-64,60-79k,Urban,4,4,23.94,2,1,0
Ontario,35-44,120k+,Urban,4,0,1.14,9,1,0
Alberta,18-24,80-119k,Rural,2,2,11.11,3,0,1
New Brunswick,55-64,60-79k,Urban,8,0,0.45,10,1,0
British Columbia,35-44,80-119k,Urban,4,0,2.74,10,1,0
Prince Edward Island,25-34,60-79k,Rural,6,0,1.45,8,1,0
Quebec,45-54,40-59k,Urban,0,0,0.51,10,0,0
Newfoundland and Labrador,55-64,120k+,Urban,1,1,5.14,6,0,1
Prince Edward Island,55-64,40-59k,Urban,0,0,2.61,9,0,0
Manitoba,65+,40-59k,Urban,1,0,1.17,9,0,0
Nova Scotia,55-64,120k+,Urban,9,2,7.89,7,1,0
Quebec,18-24,<40k,Urban,8,0,1.73,10,1,0
Newfoundland and Labrador,35-44,80-119k,Urban,5,1,6.34,7,1,0
Newfoundland and Labrador,55-64,120k+,Urban,2,0,0.36,10,0,0
Alberta,35-44,60-79k,Urban,5,2,7.21,6,1,0
Alberta,45-54,<40k,Urban,3,0,0.17,9,1,0
Saskatchewan,45-54,40-59k,Urban,0,0,0.69,8,0,0
Prince Edward Island,35-44,<40k,Rural,2,0,0.02,10,0,0
Prince Edward Island,65+,60-79k,Urban,3,3,14.57,5,1,1
Prince Edward Island,35-44,80-119k,Rural,1,3,16.19,3,0,0
Saskatchewan,35-44,60-79k,Urban,0,0,2.13,9,0,0
Ontario,65+,60-79k,Urban,1,2,10.18,5,0,0
Newfoundland and Labrador,35-44,60-79k,Urban,3,0,0.89,8,1,0
Quebec,25-34,60-79k,Urban,0,0,2.21,8,0,0
Manitoba,35-44,80-119k,Urban,4,2,9.88,6,1,0
Newfoundland and Labrador,55-64,40-59k,Urban,2,0,2.58,9,0,0
Alberta,55-64,80-119k,Urban,1,0,1.43,8,0,1
British Columbia,55-64,60-79k,Urban,5,1,3.72,9,1,0
Nova Scotia,45-54,40-59k,Urban,2,2,10.17,3,0,0
Saskatchewan,25-34,40-59k,Rural,1,0,0.45,10,0,0
New Brunswick,55-64,40-59k,Rural,6,0,2.89,10,1,0
British Columbia,55-64,80-119k,Urban,1,0,2.11,8,0,0
Manitoba,25-34,40-59k,Urban,6,0,2.27,10,1,0
Prince Edward Island,25-34,120k+,Urban,2,0,2.04,9,0,0
Alberta,65+,60-79k,Rural,0,4,18.68,3,0,0
Alberta,55-64,120k+,Urban,3,0,1.4,10,1,0
Alberta,55-64,<40k,Rural,1,1,5.61,6,0,0
Prince Edward Island,55-64,40-59k,Urban,0,3,13.38,5,0,0
New Brunswick,45-54,<40k,Rural,0,1,5.72,7,0,0
Saskatchewan,45-54,40-59k,Urban,1,0,2.46,8,0,0
British Columbia,45-54,80-119k,Urban,4,1,4.1,10,1,0
Prince Edward Island,18-24,<40k,Urban,5,3,13.2,3,1,1
Manitoba,55-64,60-79k,Rural,6,0,2.65,10,1,0
Saskatchewan,35-44,<40k,Rural,1,0,0.02,8,0,0
Manitoba,45-54,60-79k,Urban,4,0,0.77,9,1,0
Saskatchewan,35-44,80-119k,Urban,1,0,1.22,9,0,0
New Brunswick,35-44,80-119k,Rural,3,0,2.02,10,1,0
Nova Scotia,25-34,80-119k,Rural,6,1,6.99,7,1,0
Manitoba,25-34,40-59k,Urban,0,1,4.48,9,0,0
Prince Edward Island,25-34,120k+,Urban,10,0,2.85,9,1,0
Saskatchewan,25-34,80-119k,Urban,5,1,4.47,8,1,0
Alberta,65+,60-79k,Rural,5,0,2.09,8,1,0
Newfoundland and Labrador,25-34,60-79k,Urban,4,1,3.66,10,1,0
Alberta,25-34,120k+,Urban,5,1,4.84,9,1,0
Ontario,45-54,60-79k,Urban,12,1,6.49,7,1,0
Nova Scotia,45-54,80-119k,Urban,5,0,0.96,9,1,0
Nova Scotia,25-34,60-79k,Urban,1,1,3.42,10,0,0
Alberta,55-64,40-59k,Urban,3,0,1.57,10,1,0
British Columbia,55-64,80-119k,Urban,1,0,1.32,8,0,0
New Brunswick,25-34,60-79k,Urban,9,0,0.69,9,1,0
Manitoba,25-34,60-79k,Rural,7,0,2.72,9,1,0
Prince Edward Island,65+,80-119k,Urban,3,0,1.81,9,1,0
Nova Scotia,55-64,40-59k,Urban,5,0,1.04,8,1,0
Alberta,45-54,80-119k,Urban,7,0,2.99,8,1,0
Alberta,18-24,120k+,Urban,1,1,3.55,8,0,0
New Brunswick,35-44,120k+,Urban,3,0,2.54,9,1,0
New Brunswick,45-54,40-59k,Urban,2,0,0.69,10,0,0
Quebec,25-34,60-79k,Rural,5,0,0.72,8,1,0
Quebec,35-44,80-119k,Urban,1,1,4.99,9,0,0
British Columbia,45-54,60-79k,Urban,4,1,5.65,7,1,0
British Columbia,35-44,60-79k,Urban,2,3,16.14,3,0,0
Ontario,55-64,120k+,Rural,0,2,7.11,6,0,0
British Columbia,55-64,60-79k,Urban,0,0,0.86,9,0,0
Saskatchewan,35-44,60-79k,Rural,0,1,5.64,6,0,0
New Brunswick,55-64,<40k,Urban,0,0,2.67,9,0,0
Prince Edward Island,25-34,<40k,Urban,2,0,2.01,10,0,0
Saskatchewan,55-64,<40k,Urban,4,4,19.86,5,1,0
Manitoba,25-34,120k+,Urban,0,0,1.52,10,0,0
Alberta,18-24,60-79k,Urban,3,1,5.59,6,1,0
British Columbia,45-54,60-79k,Urban,3,4,18.95,4,1,0
Alberta,35-44,80-119k,Urban,0,0,1.63,8,0,0
Nova Scotia,65+,60-79k,Rural,2,0,1.41,10,0,1
Ontario,35-44,60-79k,Rural,4,0,1.01,9,1,0
Nova Scotia,25-34,40-59k,Urban,0,0,1.87,10,0,0
Ontario,35-44,80-119k,Urban,0,0,1.91,10,0,0
Quebec,35-44,<40k,Urban,12,5,39.57,2,1,1
Alberta,35-44,<40k,Urban,4,4,21.0,2,1,1
Ontario,45-54,40-59k,Urban,2,1,5.13,7,0,0
Newfoundland and Labrador,55-64,40-59k,Urban,3,2,7.79,7,1,0
Saskatchewan,55-64,40-59k,Urban,6,0,1.65,9,1,0
Ontario,65+,80-119k,Urban,6,1,3.14,10,1,0
Ontario,25-34,40-59k,Urban,1,0,0.45,10,0,0
Saskatchewan,45-54,80-119k,Rural,2,0,0.51,8,0,0
Alberta,35-44,<40k,Urban,3,0,1.9,10,1,0
Alberta,45-54,<40k,Urban,0,1,5.27,6,0,0
Saskatchewan,35-44,60-79k,Urban,8,0,2.39,10,1,0
Nova Scotia,65+,120k+,Urban,2,0,1.39,8,0,0
Newfoundland and Labrador,55-64,80-119k,Urban,1,1,4.9,8,0,0
Prince Edward Island,65+,120k+,Urban,7,1,3.65,8,1,0
Manitoba,55-64,80-119k,Urban,0,0,2.23,9,0,0
Newfoundland and Labrador,65+,80-119k,Rural,0,0,0.01,9,0,0
Alberta,55-64,80-119k,Urban,4,3,14.55,3,1,0
Prince Edward Island,35-44,80-119k,Urban,1,0,0.56,9,0,0
Quebec,25-34,<40k,Urban,5,1,6.08,6,1,0
British Columbia,35-44,60-79k,Urban,0,0,2.02,9,0,0
Ontario,18-24,40-59k,Rural,1,1,5.83,7,0,0
Saskatchewan,45-54,60-79k,Urban,1,1,3.59,10,0,0
Saskatchewan,35-44,60-79k,Urban,4,2,10.34,5,1,0
Ontario,45-54,<40k,Urban,1,0,2.07,8,0,0
British Columbia,65+,40-59k,Urban,2,0,0.01,9,0,0
Manitoba,65+,<40k,Urban,5,2,8.59,7,1,0
British Columbia,25-34,120k+,Urban,7,0,0.26,10,1,0
Prince Edward Island,35-44,<40k,Urban,4,2,10.41,5,1,0
British Columbia,35-44,40-59k,Urban,2,2,8.06,7,0,1
Prince Edward Island,35-44,120k+,Urban,3,0,0.79,9,1,0
British Columbia,55-64,60-79k,Urban,4,5,26.17,1,1,0
Manitoba,45-54,<40k,Rural,6,0,1.45,9,1,0
Manitoba,45-54,40-59k,Urban,6,1,3.13,10,1,0
Alberta,55-64,<40k,Urban,7,1,6.38,7,1,0
Ontario,55-64,40-59k,Urban,5,0,0.08,8,1,0
Manitoba,25-34,<40k,Urban,0,1,3.25,9,0,0
Prince Edward Island,45-54,60-79k,Urban,4,2,10.2,4,1,1
Manitoba,35-44,80-119k,Urban,5,1,6.67,7,1,0
Alberta,25-34,60-79k,Rural,6,0,2.68,9,1,0
Saskatchewan,18-24,60-79k,Urban,7,1,3.33,10,1,0
Prince Edward Island,35-44,40-59k,Urban,2,0,0.87,10,0,0
Alberta,35-44,40-59k,Urban,3,0,1.56,10,1,0
Nova Scotia,25-34,80-119k,Urban,0,0,0.08,10,0,0
Nova Scotia,45-54,<40k,Urban,3,0,1.59,8,1,0
Quebec,55-64,80-119k,Rural,2,3,14.69,5,0,0
British Columbia,25-34,60-79k,Rural,8,1,5.35,6,1,0
Ontario,18-24,80-119k,Urban,7,4,24.44,1,1,0
New Brunswick,55-64,40-59k,Urban,5,0,0.82,10,1,0
Newfoundland and Labrador,18-24,40-59k,Urban,0,1,5.56,6,0,0
Alberta,65+,80-119k,Urban,2,0,1.29,10,0,0
Saskatchewan,45-54,80-119k,Urban,4,0,1.31,9,1,0
Newfoundland and Labrador,35-44,40-59k,Urban,0,2,10.24,3,0,0
Saskatchewan,25-34,120k+,Urban,1,0,2.85,10,0,0
Newfoundland and Labrador,18-24,<40k,Urban,6,0,2.59,8,1,0
Alberta,25-34,<40k,Urban,0,0,1.92,10,0,1
New Brunswick,25-34,60-79k,Urban,0,2,9.31,7,0,0
Newfoundland and Labrador,45-54,80-119k,Urban,3,1,4.7,10,1,0
Alberta,25-34,120k+,Urban,8,0,2.36,10,1,0
Manitoba,45-54,60-79k,Urban,5,0,0.65,9,1,0
New Brunswick,45-54,<40k,Urban,9,0,1.76,9,1,0
Prince Edward Island,25-34,60-79k,Urban,4,0,1.51,8,1,0
Saskatchewan,18-24,40-59k,Urban,2,2,10.25,3,0,1
Nova Scotia,18-24,60-79k,Rural,8,3,13.12,5,1,0
British Columbia,18-24,60-79k,Urban,2,4,22.87,2,0,1
Nova Scotia,55-64,<40k,Urban,1,2,10.13,5,0,0
New Brunswick,25-34,60-79k,Rural,2,3,13.08,4,0,1
Prince Edward Island,55-64,60-79k,Urban,5,2,9.25,7,1,0
Saskatchewan,35-44,80-119k,Urban,7,4,22.75,1,1,0
Prince Edward Island,35-44,80-119k,Urban,1,2,11.51,3,0,1
Newfoundland and Labrador,35-44,40-59k,Urban,2,0,0.37,9,0,1
Saskatchewan,45-54,40-59k,Urban,6,0,0.03,9,1,0
Newfoundland and Labrador,25-34,40-59k,Urban,0,1,3.66,9,0,0
Alberta,25-34,<40k,Urban,5,1,6.96,6,1,0
New Brunswick,45-54,80-119k,Urban,2,1,6.07,7,0,0
Alberta,35-44,120k+,Urban,1,1,5.46,7,0,1
Quebec,35-44,80-119k,Urban,2,1,3.53,8,0,0
Prince Edward Island,45-54,60-79k,Urban,2,0,1.25,9,0,0
Newfoundland and Labrador,35-44,60-79k,Urban,4,0,2.15,8,1,0
Manitoba,45-54,40-59k,Urban,7,3,17.38,4,1,0
Alberta,45-54,120k+,Rural,2,1,4.53,9,0,0
Quebec,55-64,120k+,Urban,5,0,3.0,8,1,0
Ontario,45-54,60-79k,Urban,4,2,7.7,7,1,0
Nova Scotia,45-54,40-59k,Urban,1,0,1.16,9,0,1
Saskatchewan,45-54,80-119k,Urban,3,0,2.63,10,1,0
Quebec,55-64,<40k,Urban,4,0,1.95,8,1,0
New Brunswick,35-44,80-119k,Urban,0,3,16.87,3,0,1
Alberta,35-44,80-119k,Urban,1,1,6.63,7,0,0
New Brunswick,55-64,<40k,Urban,11,0,1.52,9,1,0
Nova Scotia,45-54,120k+,Urban,3,3,13.41,3,1,1
Manitoba,18-24,120k+,Urban,1,3,16.16,5,0,1
Prince Edward Island,55-64,120k+,Urban,1,1,5.25,7,0,1
Prince Edward Island,18-24,60-79k,Urban,0,3,16.64,5,0,1
New Brunswick,55-64,40-59k,Urban,2,1,5.05,6,0,0
Newfoundland and Labrador,55-64,60-79k,Urban,0,1,6.24,6,0,0
Manitoba,65+,60-79k,Urban,0,0,2.71,8,0,0
Prince Edward Island,18-24,40-59k,Urban,1,0,2.25,9,0,0
Manitoba,45-54,60-79k,Rural,3,0,2.23,9,1,0
Quebec,35-44,80-119k,Urban,0,2,9.94,6,0,0
Manitoba,35-44,<40k,Urban,0,0,1.41,10,0,0
British Columbia,18-24,40-59k,Urban,0,0,2.92,9,0,0
Nova Scotia,45-54,<40k,Urban,1,0,1.94,9,0,0
Prince Edward Island,35-44,80-119k,Urban,0,0,2.52,10,0,0
Manitoba,25-34,80-119k,Rural,3,0,1.52,9,1,0
New Brunswick,45-54,<40k,Urban,2,2,9.77,6,0,0
Ontario,55-64,120k+,Rural,1,4,22.64,1,0,0
British Columbia,55-64,<40k,Urban,5,4,23.1,1,1,1
British Columbia,65+,60-79k,Rural,2,1,4.79,10,0,1
Newfoundland and Labrador,35-44,80-119k,Urban,0,4,20.49,1,0,0
Manitoba,65+,80-119k,Urban,1,0,0.72,9,0,0
Newfoundland and Labrador,55-64,<40k,Rural,9,0,1.27,9,1,0
Newfoundland and Labrador,25-34,120k+,Urban,9,0,0.63,9,1,0
Ontario,25-34,120k+,Rural,1,3,14.5,5,0,0
Quebec,35-44,60-79k,Urban,0,0,2.62,8,0,0
Manitoba,35-44,60-79k,Rural,2,1,6.91,7,0,0
Alberta,45-54,<40k,Urban,2,2,9.89,6,0,0
Prince Edward Island,45-54,60-79k,Urban,2,1,3.58,10,0,0
Newfoundland and Labrador,55-64,60-79k,Urban,2,0,1.28,8,0,0
Nova Scotia,35-44,80-119k,Urban,1,1,5.41,6,0,0
Saskatchewan,25-34,60-79k,Urban,0,2,8.85,6,0,0
Nova Scotia,55-64,80-119k,Urban,3,0,0.62,9,1,0
Ontario,25-34,<40k,Urban,7,1,3.91,10,1,0
Ontario,65+,<40k,Urban,0,3,14.84,3,0,0
New Brunswick,25-34,<40k,Urban,4,5,28.25,1,1,1
Quebec,65+,<40k,Urban,2,0,0.75,10,0,0
Prince Edward Island,18-24,60-79k,Urban,1,0,2.62,8,0,0
Newfoundland and Labrador,25-34,80-119k,Urban,6,0,2.34,8,1,0
Nova Scotia,18-24,60-79k,Urban,2,1,3.22,10,0,0
Saskatchewan,45-54,60-79k,Urban,3,3,13.92,3,1,0
Ontario,55-64,80-119k,Rural,2,3,15.19,4,0,0
Ontario,35-44,40-59k,Urban,0,3,12.36,4,0,1
Quebec,65+,40-59k,Urban,3,1,5.73,7,1,0
Saskatchewan,45-54,40-59k,Urban,2,1,4.54,8,0,0
Saskatchewan,45-54,80-119k,Urban,0,0,1.19,10,0,0
Quebec,55-64,<40k,Urban,3,0,0.8,10,1,0
Ontario,25-34,<40k,Urban,0,3,14.0,5,0,0
Prince Edward Island,35-44,60-79k,Urban,0,1,6.45,7,0,0
Manitoba,65+,120k+,Urban,5,0,2.37,10,1,0
Manitoba,65+,60-79k,Urban,0,0,2.81,9,0,0
Quebec,65+,80-119k,Urban,3,0,2.1,10,1,0
Saskatchewan,65+,80-119k,Urban,8,1,5.31,6,1,0
Newfoundland and Labrador,25-34,60-79k,Urban,0,3,13.56,3,0,0
Quebec,55-64,80-119k,Urban,2,0,2.0,8,0,0
Prince Edward Island,35-44,80-119k,Urban,3,0,2.72,10,1,0
Quebec,65+,40-59k,Rural,2,1,3.28,9,0,0
British Columbia,35-44,40-59k,Urban,3,0,1.33,9,1,0
Nova Scotia,45-54,40-59k,Rural,2,0,0.45,9,0,0
Saskatchewan,45-54,60-79k,Rural,0,0,2.43,8,0,0
New Brunswick,35-44,120k+,Urban,0,0,1.84,9,0,0
New Brunswick,18-24,40-59k,Urban,4,1,6.52,7,1,0
Saskatchewan,55-64,40-59k,Urban,1,3,12.38,3,0,0
Prince Edward Island,55-64,80-119k,Urban,6,0,2.72,9,1,0
British Columbia,25-34,60-79k,Urban,4,1,3.27,8,1,0
British Columbia,55-64,60-79k,Urban,0,0,0.86,8,0,0
Ontario,45-54,80-119k,Urban,0,1,3.62,8,0,0
Nova Scotia,35-44,60-79k,Urban,1,1,3.58,10,0,0
Manitoba,25-34,80-119k,Urban,3,0,0.52,8,1,0
Alberta,55-64,<40k,Urban,5,1,4.92,8,1,0
Prince Edward Island,45-54,<40k,Urban,0,0,2.35,8,0,0
Alberta,45-54,60-79k,Urban,1,1,6.59,7,0,0
Alberta,45-54,60-79k,Rural,1,1,5.27,7,0,1
Saskatchewan,18-24,120k+,Urban,0,1,3.63,8,0,0
New Brunswick,35-44,120k+,Urban,3,3,12.48,5,1,0
New Brunswick,25-34,80-119k,Urban,2,4,21.46,2,0,1
Manitoba,25-34,40-59k,Rural,1,2,10.83,4,0,1
Saskatchewan,45-54,120k+,Urban,2,3,15.72,5,0,0
Alberta,65+,80-119k,Urban,1,0,1.75,8,0,0
Newfoundland and Labrador,35-44,40-59k,Urban,1,0,0.14,8,0,0
New Brunswick,25-34,80-119k,Urban,1,0,1.23,9,0,0
Prince Edward Island,45-54,<40k,Rural,3,0,1.65,10,1,0
Prince Edward Island,55-64,<40k,Urban,2,0,1.79,9,0,0
Ontario,55-64,80-119k,Urban,0,2,7.02,7,0,0
Quebec,55-64,80-119k,Urban,0,0,0.6,8,0,0
Newfoundland and Labrador,45-54,40-59k,Rural,0,1,6.8,6,0,0
New Brunswick,55-64,60-79k,Urban,0,0,1.53,10,0,0
British Columbia,25-34,120k+,Urban,2,1,5.81,7,0,1
New Brunswick,35-44,80-119k,Urban,1,2,8.54,6,0,0
Ontario,35-44,40-59k,Rural,2,0,1.76,9,0,0
Prince Edward Island,35-44,<40k,Urban,1,3,14.14,5,0,0
Alberta,65+,40-59k,Urban,2,0,0.89,10,0,0
British Columbia,55-64,120k+,Urban,4,3,14.47,5,1,0
Saskatchewan,25-34,60-79k,Urban,2,0,1.38,10,0,0
Nova Scotia,25-34,60-79k,Urban,0,0,0.99,9,0,0
Alberta,35-44,60-79k,Urban,0,5,28.87,1,0,1
Nova Scotia,25-34,120k+,Urban,0,1,5.5,7,0,0
Newfoundland and Labrador,45-54,60-79k,Rural,2,1,4.52,10,0,0
Quebec,65+,80-119k,Urban,0,1,3.81,8,0,0
British Columbia,65+,40-59k,Urban,1,0,2.28,9,0,0
Manitoba,45-54,<40k,Urban,6,0,2.17,9,1,0
British Columbia,55-64,120k+,Urban,0,0,2.66,9,0,1
New Brunswick,45-54,120k+,Urban,8,0,1.67,10,1,0
Prince Edward Island,25-34,120k+,Rural,6,3,13.68,4,1,1
New Brunswick,45-54,120k+,Urban,5,2,11.32,5,1,1
New Brunswick,45-54,80-119k,Urban,6,0,0.84,10,1,0
Newfoundland and Labrador,55-64,80-119k,Urban,0,2,10.28,3,0,1
Alberta,25-34,80-119k,Urban,0,0,0.57,8,0,0
Manitoba,35-44,60-79k,Urban,0,0,1.89,8,0,0
Manitoba,35-44,<40k,Urban,0,2,11.2,5,0,1
New Brunswick,65+,40-59k,Rural,1,0,1.62,9,0,0
Nova Scotia,35-44,120k+,Rural,5,0,1.41,9,1,0
Newfoundland and Labrador,55-64,40-59k,Urban,1,1,6.97,6,0,0
New Brunswick,55-64,80-119k,Urban,1,5,25.34,2,0,0
Quebec,25-34,<40k,Urban,4,1,4.33,8,1,0
Prince Edward Island,45-54,40-59k,Rural,0,0,2.76,8,0,0
Alberta,55-64,40-59k,Urban,1,0,1.93,9,0,0
Saskatchewan,35-44,<40k,Urban,1,1,5.17,7,0,0
Quebec,65+,<40k,Urban,6,1,5.55,7,1,0
Nova Scotia,25-34,40-59k,Urban,2,3,13.93,5,0,0
British Columbia,18-24,80-119k,Urban,3,3,12.43,4,1,1
British Columbia,55-64,<40k,Urban,0,2,8.38,7,0,0
Quebec,55-64,40-59k,Urban,7,1,4.35,8,1,0
New Brunswick,65+,<40k,Urban,1,0,1.44,10,0,1
Saskatchewan,45-54,80-119k,Urban,4,1,4.58,9,1,0
Ontario,65+,80-119k,Urban,8,1,5.08,7,1,0
Ontario,55-64,80-119k,Urban,2,0,0.59,10,0,1
Nova Scotia,55-64,40-59k,Urban,2,0,0.55,10,0,0
New Brunswick,45-54,40-59k,Urban,0,0,1.06,8,0,0
Manitoba,35-44,80-119k,Urban,1,3,14.84,3,0,0
Manitoba,65+,80-119k,Urban,6,0,1.03,9,1,0
Alberta,35-44,<40k,Urban,0,2,9.88,6,0,0
Saskatchewan,45-54,60-79k,Urban,7,0,0.93,10,1,0
Saskatchewan,35-44,40-59k,Urban,4,2,7.89,7,1,0
British Columbia,45-54,<40k,Urban,2,0,2.59,8,0,0
Newfoundland and Labrador,35-44,80-119k,Rural,3,2,8.0,6,1,0
Nova Scotia,18-24,60-79k,Urban,0,0,2.9,10,0,0
Ontario,55-64,40-59k,Rural,0,0,2.96,10,0,0
Nova Scotia,35-44,40-59k,Rural,1,0,2.09,8,0,1
Manitoba,45-54,120k+,Urban,1,0,1.51,8,0,0
Manitoba,25-34,80-119k,Rural,7,2,10.98,3,1,0
Quebec,18-24,120k+,Urban,1,2,11.37,5,0,1
Alberta,25-34,60-79k,Urban,2,0,2.13,10,0,0
Saskatchewan,45-54,80-119k,Urban,0,0,0.31,8,0,0
Prince Edward Island,18-24,40-59k,Urban,4,2,7.01,7,1,0
Nova Scotia,65+,<40k,Urban,3,1,3.77,10,1,0
Manitoba,25-34,60-79k,Urban,2,0,0.57,8,0,0
Newfoundland and Labrador,25-34,60-79k,Urban,8,0,0.55,10,1,0
British Columbia,25-34,40-59k,Urban,6,1,5.04,6,1,0
Ontario,18-24,80-119k,Urban,4,0,1.56,8,1,0
Alberta,55-64,<40k,Urban,7,1,5.89,6,1,0
Newfoundland and Labrador,55-64,40-59k,Rural,3,1,3.81,9,1,0
Alberta,45-54,<40k,Urban,5,0,0.28,9,1,0
Quebec,25-34,60-79k,Urban,2,1,5.66,6,0,1
Prince Edward Island,25-34,<40k,Urban,0,2,9.42,7,0,0
Manitoba,35-44,40-59k,Urban,12,0,2.0,10,1,0
British Columbia,65+,60-79k,Urban,0,0,1.14,9,0,0
Newfoundland and Labrador,25-34,60-79k,Rural,1,1,6.0,7,0,0
Alberta,55-64,60-79k,Urban,0,0,2.05,8,0,0
Saskatchewan,35-44,40-59k,Urban,1,2,10.25,4,0,0
Quebec,25-34,60-79k,Rural,1,4,18.19,4,0,0
Saskatchewan,35-44,60-79k,Rural,3,4,24.01,1,1,0
British Columbia,18-24,40-59k,Urban,12,0,1.13,10,1,0
Newfoundland and Labrador,55-64,80-119k,Urban,0,1,3.54,9,0,0
Quebec,25-34,60-79k,Urban,5,2,10.78,5,1,0
Newfoundland and Labrador,55-64,40-59k,Urban,0,0,1.46,9,0,0
Manitoba,18-24,120k+,Urban,0,0,0.1,9,0,0
New Brunswick,65+,80-119k,Urban,3,0,2.35,10,1,0
Quebec,25-34,120k+,Urban,6,3,14.61,5,1,0
Saskatchewan,55-64,80-119k,Urban,0,0,2.26,8,0,0
British Columbia,55-64,40-59k,Urban,1,0,2.27,8,0,0
Prince Edward Island,65+,40-59k,Rural,0,1,3.4,9,0,0
Manitoba,35-44,80-119k,Urban,7,1,5.45,7,1,0
New Brunswick,55-64,120k+,Urban,1,0,1.08,9,0,0
Prince Edward Island,35-44,80-119k,Urban,2,1,5.19,6,0,0
Ontario,25-34,120k+,Rural,6,1,3.35,8,1,0
Manitoba,35-44,40-59k,Rural,3,1,5.35,7,1,0
British Columbia,25-34,60-79k,Urban,7,1,6.11,6,1,0
Alberta,65+,120k+,Urban,7,0,2.96,10,1,0
Quebec,18-24,80-119k,Rural,2,3,13.92,4,0,0
Newfoundland and Labrador,45-54,120k+,Rural,3,0,0.47,9,1,0
British Columbia,45-54,80-119k,Urban,1,0,1.1,9,0,0
Quebec,45-54,60-79k,Urban,11,2,7.1,7,1,0
Prince Edward Island,45-54,60-79k,Urban,1,2,9.04,6,0,0
Newfoundland and Labrador,25-34,120k+,Urban,5,1,6.66,6,1,0
Nova Scotia,45-54,60-79k,Rural,1,0,0.58,9,0,0
Saskatchewan,25-34,40-59k,Urban,1,0,1.43,9,0,1
Ontario,65+,60-79k,Urban,0,0,1.72,9,0,0
Manitoba,55-64,60-79k,Urban,3,0,0.54,9,1,0
British Columbia,65+,<40k,Urban,1,1,4.32,10,0,0
Ontario,18-24,80-119k,Urban,0,2,11.56,3,0,1
Alberta,25-34,<40k,Urban,1,1,4.18,10,0,0
Quebec,25-34,60-79k,Urban,1,0,1.91,9,0,0
Quebec,18-24,80-119k,Rural,2,0,0.41,9,0,0
British Columbia,25-34,60-79k,Urban,1,1,5.68,6,0,1
New Brunswick,45-54,80-119k,Urban,0,1,4.12,9,0,0
New Brunswick,25-34,40-59k,Urban,2,2,8.16,6,0,0
Nova Scotia,35-44,120k+,Urban,5,4,18.87,5,1,0
Saskatchewan,55-64,40-59k,Urban,3,3,12.28,3,1,0
Newfoundland and Labrador,45-54,<40k,Rural,9,0,2.9,8,1,0
Alberta,35-44,120k+,Urban,0,1,4.66,8,0,0
Ontario,35-44,80-119k,Urban,5,0,2.33,8,1,0
New Brunswick,35-44,40-59k,Urban,2,0,2.76,10,0,0
Nova Scotia,25-34,120k+,Urban,2,0,0.61,9,0,0
Nova Scotia,45-54,60-79k,Urban,2,0,2.61,10,0,0
British Columbia,35-44,120k+,Urban,1,0,2.12,9,0,0
Alberta,55-64,60-79k,Urban,1,2,9.89,6,0,1
Prince Edward Island,55-64,60-79k,Urban,3,0,2.43,9,1,0
Newfoundland and Labrador,45-54,60-79k,Urban,0,2,7.55,7,0,0
Saskatchewan,35-44,40-59k,Urban,3,3,13.58,5,1,0
Manitoba,25-34,60-79k,Urban,4,5,26.97,1,1,0
British Columbia,55-64,60-79k,Urban,1,3,17.38,5,0,1
Newfoundland and Labrador,35-44,<40k,Urban,0,1,3.4,9,0,0
Manitoba,25-34,40-59k,Urban,0,0,2.94,9,0,0
Manitoba,25-34,40-59k,Urban,0,1,3.44,9,0,0
Alberta,25-34,80-119k,Urban,0,2,10.31,5,0,1
Alberta,55-64,60-79k,Urban,0,3,15.96,5,0,0
Ontario,25-34,80-119k,Urban,0,4,24.52,2,0,1
Nova Scotia,45-54,120k+,Urban,1,1,4.29,10,0,0
Newfoundland and Labrador,35-44,80-119k,Urban,1,0,1.0,8,0,1
British Columbia,45-54,120k+,Rural,12,4,23.92,2,1,1
Quebec,55-64,40-59k,Urban,11,4,24.85,1,1,0
British Columbia,55-64,40-59k,Urban,0,0,0.09,10,0,0
Ontario,35-44,60-79k,Rural,0,1,5.54,6,0,0
Saskatchewan,18-24,60-79k,Urban,2,2,8.22,6,0,0
Nova Scotia,35-44,120k+,Urban,0,0,2.18,10,0,0
Quebec,45-54,60-79k,Urban,2,2,10.86,5,0,1
New Brunswick,45-54,40-59k,Urban,2,0,2.29,10,0,0
Saskatchewan,45-54,80-119k,Urban,1,0,1.31,8,0,0
Alberta,25-34,60-79k,Urban,5,0,0.47,10,1,0
Manitoba,45-54,<40k,Rural,5,1,5.34,7,1,0
New Brunswick,25-34,60-79k,Urban,10,0,2.37,8,1,0
British Columbia,55-64,120k+,Rural,1,0,2.74,8,0,0
British Columbia,35-44,80-119k,Urban,6,3,14.72,4,1,0
Alberta,45-54,60-79k,Urban,2,0,0.74,9,0,0
Ontario,18-24,40-59k,Rural,3,0,0.36,8,1,0
Newfoundland and Labrador,35-44,<40k,Urban,6,2,10.99,3,1,1
New Brunswick,45-54,60-79k,Urban,8,0,1.61,10,1,0
New Brunswick,25-34,80-119k,Urban,4,2,10.37,3,1,0
Prince Edward Island,55-64,40-59k,Urban,1,0,0.48,10,0,0
Saskatchewan,45-54,40-59k,Rural,2,2,7.03,6,0,0
Nova Scotia,45-54,120k+,Urban,3,0,2.9,9,1,0
Saskatchewan,35-44,80-119k,Urban,5,3,16.87,3,1,0
Newfoundland and Labrador,35-44,80-119k,Urban,3,0,1.2,10,1,0
British Columbia,45-54,<40k,Urban,1,0,1.37,8,0,0
British Columbia,35-44,<40k,Urban,2,4,24.5,1,0,0
British Columbia,45-54,<40k,Urban,0,1,3.83,9,0,0
Prince Edward Island,35-44,60-79k,Urban,7,2,11.01,5,1,1
British Columbia,25-34,<40k,Urban,0,0,0.05,9,0,0
Newfoundland and Labrador,25-34,80-119k,Urban,3,0,2.63,9,1,0
Alberta,18-24,120k+,Urban,6,0,1.77,9,1,0
Nova Scotia,25-34,40-59k,Urban,2,0,1.43,9,0,1
Newfoundland and Labrador,55-64,60-79k,Urban,5,0,2.12,9,1,0
Nova Scotia,55-64,80-119k,Rural,5,5,26.01,1,1,1
Newfoundland and Labrador,25-34,120k+,Urban,0,0,0.59,8,0,0
British Columbia,65+,120k+,Urban,2,0,1.22,10,0,0
Alberta,35-44,<40k,Urban,4,0,1.85,9,1,0
New Brunswick,65+,<40k,Urban,2,2,7.72,7,0,1
Saskatchewan,45-54,80-119k,Urban,3,0,1.14,8,1,0
Manitoba,55-64,80-119k,Urban,3,0,0.78,8,1,0
Alberta,18-24,<40k,Urban,0,2,10.23,4,0,0
New Brunswick,25-34,60-79k,Urban,2,0,2.76,8,0,0
Ontario,18-24,80-119k,Rural,0,0,0.5,8,0,0
Newfoundland and Labrador,45-54,40-59k,Urban,0,0,0.57,9,0,0
Ontario,35-44,120k+,Rural,2,0,1.8,9,0,0
New Brunswick,55-64,<40k,Urban,3,0,1.36,9,1,0
Alberta,35-44,80-119k,Urban,0,0,2.15,10,0,0
Newfoundland and Labrador,55-64,60-79k,Urban,4,0,0.86,9,1,0
Manitoba,25-34,40-59k,Urban,1,0,1.63,10,0,0
British Columbia,25-34,80-119k,Urban,7,0,1.16,8,1,0
Newfoundland and Labrador,35-44,80-119k,Rural,1,0,0.84,9,0,0
Newfoundland and Labrador,35-44,120k+,Urban,0,0,2.19,8,0,0
Alberta,35-44,40-59k,Urban,4,0,2.39,8,1,0
Alberta,55-64,80-119k,Urban,3,0,0.99,10,1,0
New Brunswick,18-24,60-79k,Urban,1,5,34.34,2,0,0
Quebec,35-44,60-79k,Urban,1,1,3.71,10,0,0
Newfoundland and Labrador,55-64,120k+,Urban,0,2,10.95,3,0,0
Saskatchewan,18-24,<40k,Urban,1,2,8.41,7,0,0
Newfoundland and Labrador,65+,40-59k,Urban,0,1,3.68,10,0,0
New Brunswick,65+,60-79k,Rural,2,1,6.76,7,0,1
Nova Scotia,18-24,<40k,Urban,6,1,4.69,9,1,0
Ontario,25-34,120k+,Urban,5,1,5.57,6,1,0
British Columbia,35-44,80-119k,Urban,0,3,16.86,4,0,0
Quebec,55-64,60-79k,Urban,6,0,2.06,10,1,0
Manitoba,45-54,80-119k,Urban,2,0,1.69,10,0,0
Manitoba,45-54,60-79k,Urban,0,0,1.11,8,0,0
Manitoba,55-64,60-79k,Rural,4,2,11.59,3,1,1
Alberta,25-34,<40k,Urban,1,0,0.4,10,0,0
Manitoba,55-64,40-59k,Urban,1,3,17.3,3,0,0
British Columbia,45-54,<40k,Rural,0,0,2.13,10,0,0
Ontario,45-54,80-119k,Urban,2,0,1.71,10,0,0
Manitoba,55-64,60-79k,Urban,0,0,0.97,10,0,0
Newfoundland and Labrador,45-54,40-59k,Urban,5,1,3.58,10,1,0
Newfoundland and Labrador,25-34,60-79k,Urban,2,2,9.22,7,0,0
Alberta,35-44,40-59k,Urban,2,0,2.35,8,0,0
British Columbia,35-44,120k+,Urban,0,1,5.98,6,0,0
Ontario,18-24,<40k,Urban,5,0,1.94,9,1,0
Quebec,65+,80-119k,Urban,2,1,6.97,7,0,0
New Brunswick,25-34,60-79k,Urban,2,0,2.92,8,0,0
Ontario,45-54,60-79k,Urban,5,3,14.4,5,1,0
New Brunswick,35-44,40-59k,Urban,0,3,13.16,3,0,0
Nova Scotia,18-24,120k+,Urban,1,0,1.39,9,0,0
New Brunswick,65+,40-59k,Rural,3,0,2.53,9,1,0
Saskatchewan,55-64,60-79k,Urban,2,2,9.29,7,0,1
Newfoundland and Labrador,45-54,120k+,Urban,0,0,1.01,10,0,0
British Columbia,25-34,120k+,Rural,1,0,2.22,9,0,0
Prince Edward Island,25-34,60-79k,Urban,1,0,1.95,10,0,0
Alberta,35-44,120k+,Rural,11,0,2.91,10,1,0
Saskatchewan,25-34,80-119k,Urban,1,1,5.2,7,0,1
New Brunswick,35-44,40-59k,Rural,0,0,2.9,8,0,0
Manitoba,65+,60-79k,Urban,5,3,13.75,5,1,0
British Columbia,45-54,40-59k,Urban,2,1,6.46,7,0,0
Saskatchewan,55-64,40-59k,Rural,2,1,4.4,10,0,0
Alberta,45-54,80-119k,Urban,3,0,2.43,10,1,0
Newfoundland and Labrador,35-44,60-79k,Urban,3,0,2.78,10,1,0
British Columbia,55-64,<40k,Urban,3,1,5.49,6,1,0
Alberta,35-44,120k+,Urban,0,1,5.91,6,0,0
Nova Scotia,55-64,40-59k,Urban,5,0,2.88,10,1,0
Nova Scotia,25-34,120k+,Urban,0,0,1.13,8,0,0
Alberta,25-34,120k+,Rural,1,0,1.53,8,0,0
Saskatchewan,55-64,120k+,Urban,0,1,6.59,6,0,0
British Columbia,45-54,80-119k,Urban,5,1,5.69,6,1,0
Saskatchewan,55-64,40-59k,Urban,3,1,6.49,6,1,0
Quebec,65+,60-79k,Urban,4,3,15.71,5,1,0
New Brunswick,18-24,40-59k,Urban,3,1,5.96,7,1,0
Quebec,35-44,40-59k,Urban,0,0,0.04,9,0,0
Nova Scotia,35-44,60-79k,Urban,1,1,4.36,8,0,0
Newfoundland and Labrador,45-54,<40k,Rural,2,1,6.08,7,0,0
Ontario,55-64,120k+,Urban,1,0,1.21,10,0,0
New Brunswick,25-34,120k+,Urban,0,0,1.09,10,0,0
Nova Scotia,45-54,40-59k,Urban,6,1,6.81,6,1,0
Saskatchewan,45-54,60-79k,Urban,4,1,5.21,7,1,0
Saskatchewan,25-34,60-79k,Urban,1,3,13.15,3,0,0
Saskatchewan,55-64,120k+,Urban,5,2,9.36,7,1,0
Newfoundland and Labrador,45-54,80-119k,Urban,3,0,1.56,8,1,0
Quebec,65+,40-59k,Urban,0,1,6.95,6,0,1
Ontario,35-44,60-79k,Urban,1,1,5.87,6,0,0
Saskatchewan,25-34,60-79k,Urban,1,0,1.56,9,0,0
Prince Edward Island,35-44,120k+,Urban,0,0,1.3,9,0,1
New Brunswick,18-24,<40k,Urban,1,0,2.75,8,0,0
British Columbia,65+,<40k,Urban,8,0,1.94,8,1,0
Prince Edward Island,18-24,120k+,Urban,2,2,8.78,7,0,0
Ontario,55-64,120k+,Urban,6,0,1.39,8,1,0
Newfoundland and Labrador,45-54,120k+,Urban,0,0,0.83,10,0,0
Ontario,35-44,60-79k,Urban,0,0,2.88,10,0,0
British Columbia,18-24,80-119k,Urban,6,1,5.81,7,1,0
New Brunswick,45-54,60-79k,Urban,2,0,1.18,8,0,0
British Columbia,45-54,<40k,Urban,6,0,0.55,8,1,0
Alberta,25-34,60-79k,Urban,0,0,0.53,10,0,0
New Brunswick,65+,<40k,Urban,7,0,1.43,8,1,0
Ontario,25-34,40-59k,Urban,2,0,1.4,10,0,0
Saskatchewan,35-44,120k+,Urban,0,2,9.09,6,0,1
Ontario,45-54,40-59k,Urban,4,0,2.56,8,1,0
Ontario,25-34,120k+,Rural,5,0,2.94,8,1,0
New Brunswick,65+,40-59k,Urban,0,0,1.06,10,0,0
Alberta,35-44,40-59k,Urban,10,3,13.77,3,1,1
Ontario,18-24,80-119k,Rural,4,0,2.31,8,1,0
Prince Edward Island,35-44,80-119k,Urban,1,5,31.75,2,0,1
Nova Scotia,45-54,60-79k,Urban,0,2,8.09,7,0,0
Manitoba,35-44,120k+,Urban,1,0,0.54,10,0,0
Manitoba,45-54,<40k,Urban,1,1,4.12,10,0,0
Ontario,18-24,120k+,Rural,2,0,0.0,10,0,0
Prince Edward Island,25-34,40-59k,Rural,5,1,6.77,7,1,0
Saskatchewan,55-64,120k+,Urban,4,1,4.72,10,1,0
Newfoundland and Labrador,18-24,60-79k,Urban,2,1,3.33,10,0,0
Newfoundland and Labrador,55-64,80-119k,Urban,0,0,0.49,9,0,0
New Brunswick,18-24,80-119k,Urban,8,1,4.29,10,1,0
Manitoba,55-64,<40k,Urban,1,1,5.21,7,0,0
Ontario,35-44,120k+,Urban,1,0,2.11,8,0,0
Newfoundland and Labrador,45-54,40-59k,Urban,3,4,20.15,2,1,0
Ontario,25-34,40-59k,Rural,5,0,2.87,10,1,0
New Brunswick,18-24,80-119k,Urban,10,3,16.56,5,1,0
Manitoba,25-34,<40k,Urban,9,1,6.3,7,1,0
British Columbia,25-34,40-59k,Urban,7,1,4.29,8,1,0
Nova Scotia,25-34,60-79k,Rural,2,3,14.29,4,0,1
Nova Scotia,35-44,80-119k,Rural,0,2,9.69,6,0,0
Newfoundland and Labrador,45-54,<40k,Urban,3,0,1.36,8,1,0
Nova Scotia,55-64,60-79k,Urban,0,1,4.04,10,0,0
British Columbia,45-54,80-119k,Rural,0,0,2.99,10,0,0
Ontario,45-54,80-119k,Rural,0,0,2.55,10,0,0
New Brunswick,35-44,120k+,Urban,0,3,13.43,3,0,1
British Columbia,35-44,80-119k,Urban,2,0,2.68,9,0,0
New Brunswick,35-44,80-119k,Urban,1,0,1.76,10,0,0
New Brunswick,55-64,60-79k,Urban,1,1,3.05,8,0,0
Manitoba,25-34,<40k,Rural,5,0,1.04,10,1,0
Ontario,18-24,80-119k,Urban,4,0,0.08,8,1,0
Prince Edward Island,45-54,120k+,Urban,7,1,3.35,9,1,0
Nova Scotia,25-34,80-119k,Urban,2,1,3.72,8,0,1
Prince Edward Island,55-64,<40k,Urban,1,0,1.45,9,0,1
Manitoba,55-64,60-79k,Urban,0,0,1.14,8,0,1
New Brunswick,18-24,60-79k,Urban,4,5,27.23,2,1,0
Newfoundland and Labrador,25-34,80-119k,Urban,6,4,20.76,2,1,1
Nova Scotia,35-44,80-119k,Urban,0,1,4.22,9,0,0
Nova Scotia,45-54,60-79k,Urban,6,0,1.23,9,1,0
Ontario,25-34,40-59k,Rural,2,0,0.52,9,0,0
Alberta,45-54,120k+,Urban,0,3,15.66,5,0,0
Quebec,45-54,80-119k,Urban,3,0,0.13,10,1,0
Quebec,35-44,40-59k,Urban,2,4,20.72,1,0,1
Quebec,18-24,40-59k,Urban,0,0,2.68,10,0,0
Alberta,55-64,120k+,Urban,2,2,9.1,7,0,1
Ontario,25-34,120k+,Urban,5,0,1.32,10,1,0
Alberta,55-64,60-79k,Rural,3,0,0.2,9,1,0
Quebec,35-44,<40k,Urban,1,1,5.42,6,0,0
Manitoba,45-54,<40k,Urban,7,2,11.68,3,1,0
British Columbia,55-64,40-59k,Urban,1,1,4.17,8,0,0
New Brunswick,55-64,80-119k,Urban,1,0,1.18,9,0,0
Alberta,35-44,60-79k,Urban,1,3,15.53,4,0,0
Ontario,25-34,80-119k,Rural,6,1,3.37,10,1,0
Ontario,55-64,80-119k,Urban,2,0,2.85,10,0,1
Prince Edward Island,35-44,<40k,Urban,4,0,1.4,9,1,0
British Columbia,25-34,<40k,Urban,9,1,3.46,8,1,0
Newfoundland and Labrador,65+,40-59k,Urban,5,0,1.01,8,1,0
Nova Scotia,25-34,<40k,Rural,0,3,14.24,4,0,0
Quebec,18-24,<40k,Urban,5,0,1.04,8,1,0
Newfoundland and Labrador,18-24,80-119k,Urban,4,1,5.77,7,1,0
Prince Edward Island,45-54,80-119k,Rural,1,0,1.04,10,0,0
Quebec,45-54,80-119k,Urban,1,0,0.97,8,0,0
British Columbia,25-34,80-119k,Urban,4,0,0.97,8,1,0
Prince Edward Island,35-44,80-119k,Rural,1,0,2.33,9,0,0
Quebec,35-44,80-119k,Urban,0,0,0.93,10,0,0
British Columbia,45-54,40-59k,Urban,4,0,0.04,8,1,0
Saskatchewan,18-24,120k+,Urban,6,0,1.1,8,1,0
Newfoundland and Labrador,65+,40-59k,Urban,0,0,0.83,10,0,0
Newfoundland and Labrador,25-34,40-59k,Urban,2,0,2.73,10,0,0
Nova Scotia,65+,40-59k,Urban,3,0,1.43,9,1,0
British Columbia,25-34,120k+,Urban,4,4,19.64,3,1,1
Alberta,55-64,120k+,Urban,12,0,2.94,8,1,0
Saskatchewan,25-34,80-119k,Urban,4,0,0.74,10,1,0
Manitoba,18-24,80-119k,Urban,3,0,2.29,10,1,0
Quebec,55-64,60-79k,Urban,11,0,1.95,8,1,0
Saskatchewan,55-64,120k+,Urban,0,1,4.85,10,0,1
British Columbia,35-44,80-119k,Urban,0,0,1.22,9,0,0
New Brunswick,45-54,120k+,Urban,3,0,2.62,9,1,0
Quebec,45-54,40-59k,Urban,1,1,4.9,10,0,0
Ontario,55-64,40-59k,Rural,0,4,20.63,1,0,1
Newfoundland and Labrador,25-34,80-119k,Rural,1,3,14.13,5,0,0
British Columbia,45-54,<40k,Urban,4,0,0.83,8,1,0
Ontario,35-44,120k+,Urban,6,1,4.64,9,1,0
Nova Scotia,35-44,60-79k,Urban,0,0,0.36,9,0,0
Prince Edward Island,55-64,120k+,Urban,3,1,3.26,9,1,0
Manitoba,25-34,40-59k,Urban,1,0,1.62,8,0,0
Manitoba,25-34,80-119k,Urban,4,0,1.36,10,1,0
Ontario,45-54,60-79k,Urban,3,1,3.69,8,1,0
Newfoundland and Labrador,45-54,80-119k,Urban,7,1,3.43,8,1,0
Nova Scotia,25-34,60-79k,Urban,0,1,3.57,9,0,0
New Brunswick,35-44,120k+,Urban,2,0,0.95,10,0,0
Newfoundland and Labrador,65+,80-119k,Urban,0,1,4.81,8,0,0
Saskatchewan,25-34,40-59k,Urban,2,2,7.97,6,0,0
Manitoba,45-54,120k+,Urban,6,0,2.27,8,1,0
Saskatchewan,55-64,40-59k,Urban,7,0,0.58,8,1,0
Quebec,35-44,40-59k,Urban,1,2,7.62,7,0,0
Alberta,65+,<40k,Urban,5,0,2.98,9,1,0
British Columbia,55-64,120k+,Urban,1,1,4.79,9,0,0
Nova Scotia,35-44,40-59k,Urban,0,0,0.51,10,0,0
Newfoundland and Labrador,45-54,40-59k,Urban,6,4,24.26,1,1,0
Manitoba,45-54,120k+,Urban,0,3,13.39,4,0,0
Saskatchewan,45-54,80-119k,Rural,0,0,2.78,10,0,0
Prince Edward Island,55-64,<40k,Urban,1,0,0.36,10,0,0
Quebec,35-44,80-119k,Urban,1,0,2.53,8,0,0
British Columbia,25-34,120k+,Urban,0,0,0.55,9,0,0
British Columbia,25-34,<40k,Urban,5,0,2.82,9,1,0
Newfoundland and Labrador,18-24,80-119k,Urban,2,2,9.87,7,0,0
Nova Scotia,18-24,60-79k,Urban,2,2,7.95,7,0,0
New Brunswick,55-64,80-119k,Urban,1,3,17.07,4,0,1
Prince Edward Island,45-54,60-79k,Rural,2,0,1.17,10,0,0
Newfoundland and Labrador,45-54,80-119k,Urban,5,2,10.66,4,1,0
Saskatchewan,45-54,<40k,Rural,7,0,1.93,9,1,0
Alberta,55-64,80-119k,Urban,9,0,2.14,10,1,0
Ontario,35-44,<40k,Rural,2,0,1.03,8,0,0
New Brunswick,55-64,60-79k,Rural,11,2,11.69,3,1,0
Nova Scotia,35-44,<40k,Urban,1,0,1.68,10,0,0
Quebec,65+,80-119k,Urban,0,5,26.16,1,0,1
New Brunswick,45-54,40-59k,Urban,5,1,3.27,9,1,0
Manitoba,25-34,60-79k,Urban,0,0,2.21,8,0,0
Nova Scotia,45-54,60-79k,Rural,0,0,2.55,8,0,1
Alberta,45-54,80-119k,Urban,7,0,2.09,9,1,0
Manitoba,25-34,60-79k,Urban,5,1,4.11,9,1,0
New Brunswick,45-54,80-119k,Urban,0,1,3.9,9,0,0
Ontario,25-34,<40k,Urban,5,0,1.7,9,1,0
Ontario,18-24,40-59k,Urban,6,0,0.59,10,1,0
Alberta,65+,60-79k,Urban,7,2,8.9,6,1,0
British Columbia,45-54,120k+,Urban,3,0,1.89,9,1,0
Prince Edward Island,55-64,<40k,Urban,4,1,4.14,8,1,0
Quebec,45-54,<40k,Rural,5,1,4.5,8,1,0
British Columbia,35-44,<40k,Urban,4,0,1.08,8,1,0
Ontario,35-44,80-119k,Rural,3,3,14.76,3,1,0
Ontario,45-54,40-59k,Urban,3,1,5.7,6,1,0
Saskatchewan,65+,80-119k,Urban,2,0,2.35,9,0,0
Manitoba,25-34,<40k,Urban,12,2,10.33,3,1,0
New Brunswick,55-64,40-59k,Urban,1,3,12.16,5,0,0
Quebec,65+,40-59k,Urban,0,2,11.48,5,0,0
Alberta,45-54,80-119k,Urban,5,0,1.74,8,1,0
New Brunswick,65+,80-119k,Urban,0,5,38.8,1,0,1
Saskatchewan,35-44,<40k,Urban,2,0,2.89,9,0,0
Ontario,65+,120k+,Rural,0,0,1.4,8,0,1
Alberta,45-54,40-59k,Urban,3,0,2.75,9,1,0
Ontario,18-24,80-119k,Urban,8,0,1.1,10,1,0
Quebec,65+,60-79k,Urban,4,3,13.56,3,1,1
Manitoba,35-44,40-59k,Rural,0,2,7.37,7,0,1
New Brunswick,35-44,80-119k,Rural,9,2,9.26,7,1,0
New Brunswick,45-54,80-119k,Rural,1,0,2.07,9,0,0
British Columbia,25-34,40-59k,Urban,2,3,17.86,4,0,1
Alberta,35-44,60-79k,Rural,2,0,1.56,9,0,0
Prince Edward Island,55-64,40-59k,Urban,11,0,2.2,10,1,0
Saskatchewan,18-24,80-119k,Rural,0,1,6.58,6,0,0
Prince Edward Island,25-34,40-59k,Urban,4,0,1.63,9,1,0
British Columbia,18-24,80-119k,Rural,1,0,0.5,9,0,0
Quebec,35-44,40-59k,Urban,0,3,17.09,5,0,0
Saskatchewan,55-64,<40k,Urban,7,1,5.3,7,1,0
Manitoba,55-64,40-59k,Urban,3,4,23.31,1,1,0
Prince Edward Island,65+,40-59k,Urban,4,1,5.63,6,1,0
Manitoba,45-54,60-79k,Urban,1,0,0.18,8,0,0
Prince Edward Island,25-34,40-59k,Urban,5,0,0.51,8,1,0
Manitoba,65+,80-119k,Urban,5,3,13.72,3,1,1
Prince Edward Island,55-64,40-59k,Urban,2,0,0.85,10,0,0
Manitoba,45-54,80-119k,Urban,3,1,6.36,7,1,0
British Columbia,45-54,60-79k,Urban,9,0,1.79,8,1,0
Nova Scotia,65+,120k+,Rural,6,1,3.33,8,1,0
Saskatchewan,45-54,120k+,Urban,2,0,1.16,9,0,1
Alberta,35-44,80-119k,Urban,4,0,1.67,9,1,0
Quebec,45-54,80-119k,Urban,5,1,4.01,8,1,0
Newfoundland and Labrador,18-24,40-59k,Urban,0,0,0.12,10,0,0
Ontario,35-44,80-119k,Urban,3,1,4.52,9,1,0
Alberta,35-44,120k+,Urban,10,2,9.31,7,1,0
Ontario,25-34,<40k,Urban,8,1,6.62,7,1,0
Saskatchewan,18-24,60-79k,Urban,5,0,2.73,10,1,0
Alberta,25-34,40-59k,Urban,0,1,5.0,7,0,0
Manitoba,45-54,60-79k,Rural,12,3,14.83,4,1,0
Manitoba,55-64,60-79k,Urban,3,1,5.56,6,1,0
Newfoundland and Labrador,65+,60-79k,Urban,1,1,4.03,9,0,0
Ontario,35-44,60-79k,Rural,4,2,8.43,7,1,0
Quebec,45-54,120k+,Urban,6,2,7.01,7,1,0
Saskatchewan,65+,60-79k,Urban,0,0,0.23,10,0,0
Manitoba,25-34,80-119k,Urban,7,5,27.68,2,1,0
Nova Scotia,45-54,40-59k,Urban,7,0,1.92,10,1,0
British Columbia,55-64,60-79k,Urban,0,5,28.19,1,0,0
British Columbia,18-24,60-79k,Rural,7,0,0.37,10,1,0
Prince Edward Island,55-64,40-59k,Urban,8,0,1.85,9,1,0
Quebec,55-64,40-59k,Urban,0,3,15.91,5,0,1
British Columbia,18-24,60-79k,Rural,1,0,0.18,8,0,0
Prince Edward Island,18-24,60-79k,Rural,1,0,2.32,9,0,0
Ontario,18-24,80-119k,Urban,1,1,5.42,7,0,0
Manitoba,35-44,40-59k,Rural,5,1,4.59,10,1,0
Manitoba,35-44,40-59k,Urban,1,0,2.95,10,0,0
Nova Scotia,45-54,60-79k,Urban,8,0,0.03,10,1,0
Alberta,25-34,<40k,Urban,12,0,1.63,10,1,0
British Columbia,65+,40-59k,Urban,1,0,0.48,8,0,0
Ontario,35-44,<40k,Urban,2,0,0.99,9,0,1
New Brunswick,18-24,<40k,Urban,3,0,0.4,10,1,0
British Columbia,25-34,40-59k,Urban,3,0,2.0,8,1,0
Quebec,45-54,<40k,Urban,1,1,4.61,10,0,0
Alberta,35-44,40-59k,Urban,0,3,17.92,3,0,0
British Columbia,25-34,80-119k,Rural,0,1,5.62,7,0,1
Ontario,25-34,<40k,Urban,0,0,2.75,8,0,0
British Columbia,55-64,60-79k,Urban,7,1,3.96,10,1,0
Quebec,65+,120k+,Rural,1,3,13.91,4,0,0
New Brunswick,35-44,80-119k,Urban,0,0,1.09,10,0,0
Saskatchewan,35-44,40-59k,Urban,3,0,2.52,9,1,0
Newfoundland and Labrador,45-54,120k+,Urban,0,5,28.18,1,0,0
New Brunswick,45-54,40-59k,Urban,0,1,6.79,6,0,0
Prince Edward Island,35-44,<40k,Urban,3,2,7.22,7,1,0
British Columbia,65+,120k+,Rural,3,1,6.56,7,1,0
Manitoba,45-54,120k+,Urban,0,0,1.35,8,0,0
Nova Scotia,35-44,60-79k,Urban,2,0,1.58,8,0,0
Manitoba,45-54,80-119k,Urban,2,1,6.99,7,0,0
New Brunswick,65+,80-119k,Urban,3,0,2.61,10,1,0
Manitoba,55-64,40-59k,Urban,4,0,2.71,9,1,0
Ontario,18-24,40-59k,Urban,1,0,1.76,8,0,0
Manitoba,35-44,60-79k,Urban,2,3,17.74,5,0,0
Alberta,35-44,120k+,Rural,5,3,16.13,5,1,0
Saskatchewan,25-34,<40k,Urban,7,0,2.46,8,1,0
British Columbia,45-54,80-119k,Rural,6,1,5.88,7,1,0
Manitoba,55-64,<40k,Urban,2,0,2.34,8,0,0
Quebec,55-64,60-79k,Urban,2,0,1.91,8,0,1
Saskatchewan,65+,80-119k,Urban,2,0,2.18,10,0,0
Saskatchewan,25-34,80-119k,Urban,6,1,4.74,9,1,0
Manitoba,55-64,<40k,Urban,6,0,2.12,10,1,0
Saskatchewan,55-64,60-79k,Urban,1,0,0.83,8,0,0
Nova Scotia,35-44,60-79k,Rural,0,0,1.9,10,0,0
Manitoba,55-64,<40k,Urban,1,0,1.57,9,0,0
Ontario,25-34,<40k,Rural,1,3,17.39,5,0,1
New Brunswick,55-64,80-119k,Rural,8,0,2.02,10,1,0
Alberta,45-54,60-79k,Urban,1,0,1.79,10,0,0
Newfoundland and Labrador,25-34,<40k,Urban,0,0,0.94,10,0,0
Prince Edward Island,45-54,60-79k,Rural,7,0,2.59,10,1,0
Saskatchewan,45-54,120k+,Urban,0,1,3.22,8,0,0
Ontario,25-34,<40k,Rural,1,0,2.7,9,0,0
British Columbia,18-24,80-119k,Urban,2,0,1.96,8,0,0
British Columbia,35-44,<40k,Urban,3,0,0.57,10,1,0
Prince Edward Island,45-54,<40k,Urban,1,0,2.71,10,0,0
Alberta,55-64,<40k,Urban,2,0,0.98,10,0,0
Saskatchewan,65+,60-79k,Urban,0,2,7.84,7,0,0
Nova Scotia,45-54,80-119k,Urban,3,0,0.96,8,1,0
Prince Edward Island,55-64,40-59k,Urban,2,1,6.84,6,0,0
Alberta,35-44,80-119k,Urban,6,2,10.76,5,1,1
Saskatchewan,55-64,60-79k,Rural,2,0,2.75,8,0,0
Ontario,25-34,40-59k,Urban,2,1,4.2,9,0,0
New Brunswick,35-44,60-79k,Rural,3,1,3.33,8,1,0
Nova Scotia,45-54,80-119k,Urban,0,1,5.25,6,0,0
Newfoundland and Labrador,18-24,80-119k,Urban,0,3,14.9,3,0,1
British Columbia,55-64,80-119k,Urban,5,0,2.16,8,1,0
Quebec,55-64,40-59k,Urban,1,0,1.63,8,0,0
Ontario,35-44,80-119k,Urban,4,0,1.19,8,1,0
British Columbia,35-44,40-59k,Urban,0,0,0.01,9,0,0
Manitoba,55-64,80-119k,Rural,5,0,1.4,10,1,0
Quebec,55-64,120k+,Urban,10,3,12.72,3,1,0
British Columbia,25-34,<40k,Rural,1,0,2.77,8,0,0
Alberta,35-44,60-79k,Urban,2,0,2.77,8,0,0
Nova Scotia,45-54,80-119k,Rural,2,0,2.41,9,0,1
British Columbia,45-54,80-119k,Urban,6,0,0.47,10,1,0
Newfoundland and Labrador,25-34,<40k,Urban,0,0,0.44,9,0,0
New Brunswick,25-34,120k+,Urban,3,2,9.82,7,1,0
Alberta,55-64,60-79k,Rural,3,5,35.91,1,1,1
Ontario,45-54,<40k,Urban,1,0,2.71,8,0,0
Ontario,65+,<40k,Urban,1,0,2.68,10,0,0
Ontario,55-64,80-119k,Urban,1,2,7.78,6,0,0
Ontario,65+,<40k,Urban,5,3,17.97,5,1,0
New Brunswick,25-34,<40k,Rural,0,3,12.94,3,0,0
British Columbia,55-64,60-79k,Urban,3,1,6.36,7,1,0
Saskatchewan,18-24,60-79k,Urban,1,0,1.76,8,0,0
British Columbia,45-54,80-119k,Urban,1,1,5.71,7,0,1
Manitoba,35-44,40-59k,Rural,2,0,1.81,9,0,0
Nova Scotia,35-44,80-119k,Rural,6,1,6.48,7,1,0
Quebec,55-64,120k+,Urban,3,1,5.55,7,1,0
Saskatchewan,55-64,40-59k,Urban,5,1,6.39,7,1,0
Saskatchewan,18-24,80-119k,Urban,3,1,3.62,9,1,0
British Columbia,45-54,120k+,Urban,4,1,6.47,7,1,0
Saskatchewan,35-44,80-119k,Urban,2,1,6.97,7,0,1
Prince Edward Island,35-44,80-119k,Urban,7,0,1.98,9,1,0
Prince Edward Island,55-64,40-59k,Urban,2,3,17.86,3,0,1
Manitoba,25-34,60-79k,Urban,3,1,3.88,8,1,0
Quebec,65+,60-79k,Urban,2,1,6.32,7,0,0
Newfoundland and Labrador,25-34,80-119k,Urban,1,0,0.51,9,0,0
New Brunswick,45-54,120k+,Urban,1,3,15.1,5,0,0
British Columbia,45-54,<40k,Urban,0,0,1.99,8,0,0
New Brunswick,25-34,<40k,Urban,4,1,5.64,7,1,0
Newfoundland and Labrador,35-44,<40k,Urban,1,4,22.7,2,0,0
British Columbia,55-64,80-119k,Rural,1,3,13.93,4,0,1
British Columbia,55-64,<40k,Urban,7,1,6.89,7,1,0
Quebec,35-44,80-119k,Rural,3,0,0.02,10,1,0
New Brunswick,45-54,40-59k,Urban,0,4,22.35,1,0,1
Prince Edward Island,18-24,60-79k,Urban,5,5,37.99,2,1,1
Ontario,25-34,40-59k,Urban,1,0,2.67,10,0,0
New Brunswick,35-44,80-119k,Urban,3,0,2.16,8,1,0
Nova Scotia,18-24,60-79k,Urban,2,0,1.72,9,0,1
Nova Scotia,55-64,120k+,Urban,1,0,1.37,8,0,1
British Columbia,45-54,60-79k,Rural,0,0,1.35,9,0,0
Ontario,65+,<40k,Urban,0,0,1.28,8,0,0
Alberta,45-54,<40k,Urban,0,4,22.9,2,0,0
Newfoundland and Labrador,65+,120k+,Urban,1,0,2.19,8,0,0
Manitoba,45-54,80-119k,Urban,13,3,15.09,5,1,0
Ontario,45-54,<40k,Urban,2,3,16.44,4,0,0
Manitoba,65+,80-119k,Urban,6,2,9.64,7,1,0
New Brunswick,45-54,60-79k,Urban,3,0,0.29,9,1,0
New Brunswick,18-24,40-59k,Urban,4,0,2.55,9,1,0
Manitoba,55-64,<40k,Urban,0,0,2.61,9,0,0
Newfoundland and Labrador,65+,80-119k,Urban,1,4,19.87,3,0,0
Ontario,55-64,<40k,Urban,2,0,2.36,9,0,0
Alberta,45-54,40-59k,Urban,6,0,1.53,10,1,0
British Columbia,45-54,40-59k,Urban,0,0,0.37,8,0,0
Quebec,65+,<40k,Urban,2,0,1.19,9,0,0
New Brunswick,18-24,60-79k,Rural,0,4,18.54,4,0,0
Nova Scotia,45-54,<40k,Rural,2,1,6.15,7,0,0
Newfoundland and Labrador,25-34,40-59k,Urban,3,1,3.78,8,1,0
Quebec,45-54,120k+,Urban,4,0,0.49,8,1,0
Alberta,45-54,40-59k,Urban,0,3,13.25,4,0,0
Saskatchewan,25-34,40-59k,Urban,0,0,0.68,8,0,0
British Columbia,25-34,60-79k,Urban,2,3,16.04,5,0,0
New Brunswick,45-54,60-79k,Rural,13,0,1.92,9,1,0
British Columbia,25-34,80-119k,Urban,1,1,3.52,9,0,1
Quebec,25-34,40-59k,Urban,2,0,2.17,8,0,0
British Columbia,55-64,120k+,Urban,2,0,1.05,10,0,0
Saskatchewan,35-44,80-119k,Rural,0,0,1.37,10,0,0
Quebec,35-44,80-119k,Urban,5,0,0.37,9,1,0
New Brunswick,65+,<40k,Rural,1,0,2.13,10,0,0
Ontario,25-34,<40k,Urban,4,1,4.5,10,1,0
Nova Scotia,35-44,60-79k,Urban,2,0,1.9,10,0,0
Quebec,45-54,80-119k,Rural,3,0,1.28,9,1,0
Prince Edward Island,55-64,60-79k,Rural,0,0,0.15,9,0,0
Saskatchewan,65+,40-59k,Urban,6,0,2.11,10,1,0
Quebec,65+,<40k,Rural,1,0,1.66,10,0,0
Quebec,55-64,80-119k,Urban,4,0,1.3,9,1,0
Prince Edward Island,25-34,80-119k,Urban,5,0,0.6,9,1,0
New Brunswick,18-24,<40k,Urban,3,0,1.87,8,1,0
Quebec,35-44,<40k,Urban,1,1,4.1,8,0,0
Nova Scotia,25-34,60-79k,Urban,9,0,1.29,10,1,0
British Columbia,45-54,60-79k,Urban,1,3,12.34,4,0,0
New Brunswick,45-54,80-119k,Urban,8,3,16.66,4,1,0
Nova Scotia,18-24,80-119k,Urban,0,1,3.36,9,0,0
New Brunswick,55-64,60-79k,Urban,1,0,2.67,10,0,0
Nova Scotia,25-34,<40k,Urban,0,1,6.47,6,0,1
Saskatchewan,35-44,80-119k,Urban,0,1,6.88,7,0,1
Nova Scotia,45-54,120k+,Urban,1,0,2.73,9,0,0
Manitoba,35-44,120k+,Urban,0,0,2.91,8,0,0
Nova Scotia,35-44,120k+,Urban,10,0,2.66,9,1,0
Ontario,18-24,40-59k,Urban,5,0,0.34,9,1,0
Ontario,35-44,80-119k,Urban,0,1,4.75,8,0,0
Newfoundland and Labrador,55-64,80-119k,Rural,1,3,12.46,3,0,1
Manitoba,65+,80-119k,Urban,4,0,1.64,9,1,0
Manitoba,35-44,40-59k,Urban,1,0,1.59,9,0,0
British Columbia,35-44,120k+,Urban,5,0,2.77,9,1,0
Manitoba,45-54,60-79k,Urban,2,0,2.91,8,0,0
British Columbia,65+,<40k,Urban,3,0,0.78,9,1,0
Newfoundland and Labrador,25-34,<40k,Rural,3,0,1.75,8,1,0
Newfoundland and Labrador,35-44,80-119k,Urban,3,0,1.39,9,1,0
Saskatchewan,55-64,60-79k,Urban,1,1,5.19,6,0,0
Ontario,45-54,<40k,Urban,1,1,5.13,7,0,1
Nova Scotia,25-34,80-119k,Urban,0,3,17.48,4,0,0
Nova Scotia,45-54,80-119k,Rural,3,1,6.58,7,1,0
Prince Edward Island,25-34,80-119k,Urban,2,0,0.37,10,0,0
Prince Edward Island,35-44,40-59k,Urban,5,2,8.73,6,1,0
Alberta,45-54,80-119k,Urban,0,0,2.26,9,0,0
New Brunswick,55-64,<40k,Urban,2,1,5.74,6,0,0
Saskatchewan,35-44,40-59k,Urban,0,0,1.89,8,0,0
Alberta,25-34,40-59k,Urban,3,0,2.98,10,1,0
Alberta,25-34,80-119k,Urban,6,0,1.01,10,1,0
Quebec,55-64,40-59k,Urban,5,0,1.55,9,1,0
Quebec,25-34,<40k,Urban,8,0,2.94,9,1,0
Alberta,35-44,40-59k,Rural,9,0,2.09,10,1,0
Manitoba,25-34,60-79k,Urban,5,2,10.24,5,1,1
New Brunswick,55-64,120k+,Urban,1,0,0.46,9,0,0
Saskatchewan,35-44,120k+,Urban,1,0,0.74,9,0,0
Alberta,35-44,40-59k,Urban,2,2,8.89,7,0,0
Nova Scotia,35-44,40-59k,Urban,11,0,1.39,8,1,0
New Brunswick,55-64,<40k,Urban,2,2,9.49,7,0,1
Quebec,45-54,80-119k,Urban,0,2,11.51,5,0,0
Nova Scotia,45-54,<40k,Urban,8,5,26.61,2,1,1
Quebec,55-64,<40k,Urban,1,0,0.75,8,0,0
Quebec,65+,60-79k,Urban,4,0,0.43,8,1,0
New Brunswick,35-44,40-59k,Urban,5,1,5.94,6,1,0
Quebec,65+,<40k,Urban,6,0,2.91,8,1,0
Newfoundland and Labrador,18-24,40-59k,Rural,5,0,2.68,8,1,0
Ontario,35-44,40-59k,Urban,5,0,2.17,8,1,0
Newfoundland and Labrador,55-64,60-79k,Urban,4,1,3.09,10,1,0
Ontario,25-34,120k+,Urban,2,0,1.04,10,0,0
Prince Edward Island,25-34,<40k,Urban,4,1,6.45,7,1,0
Prince Edward Island,25-34,40-59k,Urban,5,0,1.96,10,1,0
Quebec,45-54,120k+,Urban,1,1,3.84,10,0,0
Saskatchewan,35-44,120k+,Urban,1,0,1.4,9,0,0
Saskatchewan,55-64,40-59k,Urban,1,0,0.26,8,0,0
Ontario,55-64,80-119k,Rural,3,0,1.56,10,1,0
Nova Scotia,45-54,<40k,Urban,0,0,2.7,10,0,0
New Brunswick,25-34,80-119k,Urban,5,0,0.12,8,1,0
Quebec,65+,120k+,Urban,0,0,1.84,8,0,0
New Brunswick,25-34,60-79k,Urban,0,4,19.63,5,0,1
Newfoundland and Labrador,25-34,60-79k,Urban,0,1,6.96,7,0,0
Saskatchewan,18-24,40-59k,Urban,3,2,7.33,6,1,0
Manitoba,45-54,80-119k,Urban,1,5,34.26,2,0,1
Newfoundland and Labrador,25-34,60-79k,Urban,1,0,0.77,10,0,1
Newfoundland and Labrador,25-34,80-119k,Rural,7,0,2.65,8,1,0
Ontario,25-34,<40k,Rural,6,3,12.73,4,1,1
British Columbia,25-34,60-79k,Urban,6,1,4.72,10,1,0
Newfoundland and Labrador,45-54,60-79k,Rural,3,4,19.3,3,1,1
Quebec,55-64,40-59k,Rural,6,1,6.2,6,1,0
Alberta,55-64,40-59k,Rural,5,2,8.76,7,1,0
Alberta,25-34,40-59k,Urban,8,3,13.12,3,1,0
Quebec,25-34,80-119k,Urban,0,2,10.63,3,0,1
British Columbia,65+,60-79k,Urban,0,1,6.27,7,0,0
British Columbia,18-24,80-119k,Urban,0,0,1.39,8,0,0
Ontario,55-64,40-59k,Urban,7,2,8.89,6,1,0
Saskatchewan,25-34,120k+,Urban,3,2,10.16,4,1,0
New Brunswick,65+,80-119k,Urban,2,0,1.95,9,0,0
British Columbia,35-44,40-59k,Rural,2,0,1.98,9,0,0
Manitoba,35-44,<40k,Urban,5,1,4.1,10,1,0
Ontario,45-54,40-59k,Urban,7,0,2.82,8,1,0
Prince Edward Island,45-54,120k+,Urban,4,0,0.64,10,1,0
Nova Scotia,25-34,40-59k,Rural,5,0,1.12,9,1,0
Prince Edward Island,45-54,40-59k,Rural,1,3,13.7,4,0,1
Ontario,55-64,40-59k,Urban,2,0,2.79,9,0,0
Newfoundland and Labrador,18-24,80-119k,Urban,6,0,2.49,10,1,0
New Brunswick,18-24,40-59k,Urban,5,2,11.06,5,1,0
Nova Scotia,35-44,40-59k,Urban,4,0,0.01,8,1,0
Prince Edward Island,25-34,60-79k,Urban,0,0,2.06,10,0,0
Nova Scotia,45-54,60-79k,Urban,0,4,19.61,3,0,0
Manitoba,25-34,60-79k,Urban,0,1,6.87,6,0,0
Manitoba,35-44,60-79k,Urban,3,0,1.59,8,1,0
Manitoba,25-34,80-119k,Rural,2,2,9.82,7,0,0
Ontario,45-54,80-119k,Urban,8,2,8.78,7,1,0
New Brunswick,25-34,80-119k,Urban,4,2,9.68,7,1,0
Ontario,18-24,<40k,Urban,1,0,2.25,8,0,0
Alberta,18-24,80-119k,Urban,0,0,1.69,10,0,0
Newfoundland and Labrador,65+,<40k,Urban,6,1,5.57,6,1,0
Newfoundland and Labrador,25-34,<40k,Urban,2,0,1.42,9,0,0
Manitoba,45-54,120k+,Urban,3,0,2.15,9,1,0
Alberta,18-24,80-119k,Urban,3,0,2.7,9,1,0
British Columbia,25-34,60-79k,Rural,0,1,3.2,10,0,0
British Columbia,35-44,120k+,Rural,0,0,0.32,10,0,1
Manitoba,35-44,120k+,Urban,1,0,2.06,8,0,0
Prince Edward Island,65+,60-79k,Urban,1,2,8.89,6,0,1
Ontario,65+,60-79k,Rural,4,0,0.84,9,1,0
Manitoba,55-64,80-119k,Urban,3,0,0.54,8,1,0
Saskatchewan,45-54,40-59k,Urban,9,1,5.29,6,1,0
Nova Scotia,35-44,<40k,Urban,6,0,1.04,9,1,0
Newfoundland and Labrador,35-44,80-119k,Urban,2,1,5.03,6,0,1
British Columbia,65+,40-59k,Urban,2,0,2.88,9,0,0
Quebec,45-54,<40k,Urban,4,0,2.27,9,1,0
British Columbia,45-54,40-59k,Urban,0,1,6.18,7,0,0
Newfoundland and Labrador,25-34,40-59k,Urban,14,5,26.86,1,1,1
Nova Scotia,18-24,120k+,Urban,2,0,0.97,9,0,1
Newfoundland and Labrador,65+,80-119k,Rural,7,1,3.42,9,1,0
Quebec,25-34,60-79k,Urban,9,0,2.91,8,1,0
Manitoba,35-44,120k+,Urban,3,0,2.05,8,1,0
Alberta,25-34,120k+,Urban,0,0,0.06,9,0,0
Quebec,55-64,60-79k,Urban,3,3,14.85,3,1,0
Newfoundland and Labrador,18-24,120k+,Urban,3,0,0.79,10,1,0
Newfoundland and Labrador,55-64,60-79k,Urban,5,0,1.62,10,1,0
Saskatchewan,25-34,40-59k,Urban,0,1,3.71,8,0,0
Saskatchewan,55-64,40-59k,Urban,2,0,0.17,8,0,0
New Brunswick,55-64,80-119k,Urban,7,0,0.97,8,1,0
Saskatchewan,25-34,60-79k,Urban,11,0,0.89,8,1,0
Ontario,45-54,80-119k,Urban,0,4,23.02,1,0,1
Alberta,25-34,80-119k,Urban,6,0,1.42,10,1,0
Nova Scotia,25-34,<40k,Urban,0,5,29.37,2,0,1
Quebec,55-64,<40k,Rural,6,0,1.71,8,1,0
Newfoundland and Labrador,35-44,60-79k,Urban,1,0,0.21,9,0,0
New Brunswick,35-44,40-59k,Rural,8,3,15.97,3,1,1
New Brunswick,25-34,80-119k,Urban,4,1,3.59,9,1,0
Nova Scotia,35-44,60-79k,Urban,2,0,0.84,8,0,0
Alberta,55-64,60-79k,Urban,1,0,0.85,8,0,0
Quebec,35-44,40-59k,Urban,1,0,1.4,10,0,0
British Columbia,65+,80-119k,Urban,4,1,6.81,6,1,0
Saskatchewan,65+,80-119k,Urban,6,1,4.3,10,1,0
Manitoba,25-34,120k+,Urban,4,0,0.84,10,1,0
New Brunswick,25-34,80-119k,Urban,5,3,13.01,3,1,0
Saskatchewan,55-64,60-79k,Urban,5,0,1.18,10,1,0
Saskatchewan,35-44,40-59k,Urban,10,0,0.55,9,1,0
Ontario,18-24,80-119k,Rural,4,0,0.41,10,1,0
Alberta,25-34,120k+,Urban,0,2,11.29,4,0,0
Manitoba,45-54,40-59k,Urban,5,0,0.16,9,1,0
British Columbia,55-64,40-59k,Urban,1,1,5.84,6,0,0
Newfoundland and Labrador,25-34,<40k,Rural,12,4,19.42,5,1,1
Ontario,25-34,80-119k,Urban,1,1,3.05,10,0,0
Saskatchewan,65+,60-79k,Urban,1,1,6.18,7,0,1
Saskatchewan,55-64,<40k,Urban,1,0,2.11,9,0,1
Prince Edward Island,45-54,120k+,Urban,3,1,4.34,10,1,0
Manitoba,55-64,60-79k,Rural,0,0,0.24,9,0,0
Manitoba,35-44,40-59k,Urban,8,3,14.16,3,1,1
Prince Edward Island,55-64,40-59k,Urban,1,0,0.54,10,0,0
Manitoba,35-44,40-59k,Urban,1,0,2.8,8,0,0
Saskatchewan,25-34,60-79k,Urban,0,0,1.59,8,0,0
New Brunswick,55-64,40-59k,Rural,1,0,2.89,10,0,0
Quebec,35-44,60-79k,Rural,2,0,1.05,10,0,0
Saskatchewan,65+,80-119k,Urban,1,2,9.78,7,0,0
Ontario,35-44,80-119k,Urban,1,3,13.14,3,0,1
Alberta,65+,40-59k,Urban,0,1,6.23,6,0,1
Prince Edward Island,65+,60-79k,Urban,1,0,0.12,10,0,0
British Columbia,25-34,80-119k,Rural,5,0,2.09,8,1,0
Newfoundland and Labrador,55-64,<40k,Urban,2,4,20.74,2,0,1
British Columbia,35-44,<40k,Urban,1,0,1.74,10,0,0
Saskatchewan,65+,60-79k,Urban,1,1,5.37,6,0,0
Ontario,35-44,80-119k,Urban,3,0,2.13,8,1,0
Saskatchewan,55-64,40-59k,Rural,1,5,28.06,2,0,1
Alberta,35-44,80-119k,Urban,3,0,1.59,10,1,0
New Brunswick,25-34,80-119k,Urban,11,0,1.28,8,1,0
Newfoundland and Labrador,25-34,120k+,Urban,0,1,4.13,9,0,0
Alberta,35-44,<40k,Rural,0,0,1.49,10,0,0
Prince Edward Island,55-64,80-119k,Urban,0,1,6.81,7,0,0
Prince Edward Island,45-54,<40k,Urban,2,0,2.85,10,0,0
Saskatchewan,45-54,60-79k,Urban,0,0,0.84,10,0,0
Ontario,25-34,60-79k,Urban,2,0,2.65,10,0,0
Alberta,35-44,40-59k,Rural,7,0,2.63,10,1,0
Nova Scotia,18-24,80-119k,Rural,0,2,8.25,7,0,1
Ontario,55-64,<40k,Urban,1,4,22.19,1,0,1
New Brunswick,65+,60-79k,Urban,5,2,11.35,4,1,0
Prince Edward Island,35-44,40-59k,Rural,0,2,9.57,6,0,0
Saskatchewan,18-24,80-119k,Urban,0,0,1.11,9,0,1
Manitoba,25-34,<40k,Urban,3,0,1.95,10,1,0
Prince Edward Island,45-54,80-119k,Urban,0,1,3.69,9,0,0
Newfoundland and Labrador,45-54,80-119k,Rural,5,0,0.49,8,1,0
Quebec,55-64,80-119k,Urban,0,0,2.5,10,0,0
Manitoba,25-34,<40k,Urban,2,1,3.17,8,0,0
Saskatchewan,55-64,80-119k,Urban,4,1,6.21,6,1,0
Nova Scotia,45-54,<40k,Urban,1,0,0.87,10,0,0
Manitoba,35-44,80-119k,Urban,0,2,9.42,6,0,0
Newfoundland and Labrador,45-54,80-119k,Rural,0,3,15.26,3,0,1
Ontario,25-34,60-79k,Urban,6,0,2.3,8,1,0
Nova Scotia,35-44,80-119k,Urban,4,1,6.54,7,1,0
Prince Edward Island,55-64,<40k,Rural,0,0,2.41,8,0,0
Nova Scotia,35-44,60-79k,Urban,4,4,22.01,2,1,0
Alberta,55-64,40-59k,Rural,4,0,1.04,8,1,0
Newfoundland and Labrador,45-54,120k+,Urban,13,3,15.16,5,1,0
Manitoba,25-34,80-119k,Urban,1,3,12.18,4,0,0
Alberta,45-54,80-119k,Urban,6,1,3.98,9,1,0
Nova Scotia,35-44,120k+,Rural,2,2,8.83,7,0,1
Alberta,35-44,40-59k,Urban,6,0,0.96,9,1,0
British Columbia,25-34,120k+,Rural,0,3,12.57,3,0,1
Newfoundland and Labrador,35-44,40-59k,Urban,0,1,3.2,9,0,0
New Brunswick,18-24,80-119k,Urban,6,0,1.26,10,1,0
Ontario,18-24,80-119k,Urban,5,0,0.22,8,1,0
Nova Scotia,35-44,<40k,Rural,1,0,0.86,10,0,0
Newfoundland and Labrador,25-34,40-59k,Urban,3,2,9.37,7,1,0
New Brunswick,65+,<40k,Urban,1,2,8.05,7,0,0
New Brunswick,35-44,120k+,Urban,0,2,7.4,7,0,1
Saskatchewan,55-64,<40k,Urban,0,0,1.3,8,0,0
Alberta,45-54,60-79k,Urban,0,0,1.35,8,0,0
New Brunswick,45-54,80-119k,Urban,3,1,6.66,7,1,0
British Columbia,25-34,40-59k,Urban,1,1,3.51,9,0,0
Newfoundland and Labrador,65+,60-79k,Urban,0,0,1.84,10,0,0
Quebec,45-54,60-79k,Rural,8,1,4.28,10,1,0
Quebec,55-64,<40k,Urban,0,1,3.49,10,0,0
Nova Scotia,35-44,80-119k,Urban,4,1,4.57,8,1,0
Prince Edward Island,25-34,40-59k,Urban,6,1,4.71,9,1,0
Alberta,45-54,40-59k,Urban,0,1,4.45,8,0,0
Prince Edward Island,18-24,60-79k,Rural,0,0,2.3,9,0,0
New Brunswick,35-44,60-79k,Urban,3,3,17.04,5,1,0
Newfoundland and Labrador,25-34,120k+,Urban,2,0,0.45,10,0,0
Nova Scotia,45-54,120k+,Urban,2,1,3.67,10,0,1
Manitoba,65+,60-79k,Urban,3,0,1.26,10,1,0
New Brunswick,35-44,40-59k,Urban,8,1,4.28,8,1,0
Alberta,55-64,40-59k,Urban,0,3,16.92,4,0,0
Quebec,35-44,40-59k,Urban,5,0,2.99,10,1,0
Saskatchewan,35-44,60-79k,Urban,1,4,19.27,4,0,1
Newfoundland and Labrador,65+,80-119k,Urban,1,0,2.29,9,0,0
Ontario,55-64,40-59k,Urban,0,0,1.82,8,0,0
Prince Edward Island,55-64,40-59k,Urban,2,2,10.22,3,0,0
Nova Scotia,25-34,60-79k,Urban,5,1,4.06,8,1,0
Prince Edward Island,45-54,<40k,Urban,0,0,0.29,8,0,1
Newfoundland and Labrador,25-34,80-119k,Urban,1,3,15.26,4,0,0
Prince Edward Island,35-44,60-79k,Urban,1,1,5.45,6,0,0
Newfoundland and Labrador,35-44,60-79k,Urban,0,0,2.89,10,0,0
Prince Edward Island,55-64,40-59k,Urban,5,2,10.38,4,1,0
British Columbia,55-64,120k+,Urban,5,0,1.33,10,1,0
Manitoba,35-44,<40k,Rural,5,0,2.98,9,1,0
New Brunswick,18-24,80-119k,Urban,3,2,8.87,7,1,0
New Brunswick,55-64,40-59k,Urban,2,1,3.65,10,0,0
Alberta,25-34,120k+,Urban,1,1,5.47,6,0,0
Ontario,45-54,80-119k,Rural,3,3,13.6,3,1,0
Ontario,18-24,<40k,Urban,2,2,11.61,5,0,0
Alberta,35-44,80-119k,Urban,9,0,1.28,8,1,0
Saskatchewan,65+,80-119k,Urban,9,3,12.9,5,1,0
New Brunswick,25-34,<40k,Rural,7,0,0.42,10,1,0
Saskatchewan,35-44,<40k,Urban,1,0,1.95,10,0,0
Newfoundland and Labrador,25-34,80-119k,Urban,1,4,20.56,1,0,0
Newfoundland and Labrador,65+,80-119k,Urban,6,2,8.82,7,1,0
Quebec,55-64,80-119k,Urban,4,0,1.84,9,1,0
Prince Edward Island,25-34,80-119k,Urban,4,1,3.89,8,1,0
Ontario,18-24,80-119k,Urban,1,0,0.44,8,0,0
Quebec,45-54,80-119k,Rural,5,0,1.97,9,1,0
Manitoba,35-44,60-79k,Urban,3,3,12.03,4,1,0
Alberta,45-54,40-59k,Urban,2,2,11.54,4,0,0
Alberta,18-24,120k+,Urban,6,2,7.91,7,1,0
Newfoundland and Labrador,25-34,<40k,Rural,1,1,4.79,10,0,0
New Brunswick,45-54,40-59k,Rural,3,0,0.63,10,1,0
Saskatchewan,25-34,80-119k,Urban,2,3,13.31,4,0,1
Ontario,55-64,60-79k,Urban,3,0,2.51,10,1,0
Quebec,18-24,<40k,Urban,0,0,1.76,9,0,1
Saskatchewan,25-34,<40k,Urban,2,5,29.67,1,0,0
Quebec,65+,80-119k,Urban,3,2,8.26,7,1,0
Prince Edward Island,35-44,120k+,Rural,2,1,3.85,10,0,0
Manitoba,45-54,60-79k,Urban,6,0,1.66,10,1,0
Manitoba,25-34,60-79k,Urban,1,0,2.19,8,0,0
Saskatchewan,45-54,40-59k,Urban,6,0,0.76,9,1,0
Saskatchewan,55-64,40-59k,Urban,2,1,4.33,10,0,0
Saskatchewan,25-34,<40k,Urban,4,1,5.88,6,1,0
Quebec,55-64,40-59k,Rural,0,2,10.69,5,0,1
Prince Edward Island,45-54,60-79k,Urban,0,1,3.83,9,0,0
British Columbia,35-44,40-59k,Rural,5,1,4.53,10,1,0
Saskatchewan,45-54,<40k,Urban,0,2,11.35,3,0,0
New Brunswick,45-54,80-119k,Urban,9,1,5.96,7,1,0
Ontario,25-34,120k+,Urban,0,4,19.14,5,0,0
Ontario,35-44,120k+,Urban,7,3,14.32,3,1,1
Quebec,35-44,60-79k,Urban,2,0,2.92,8,0,0
Saskatchewan,35-44,<40k,Urban,3,4,21.68,2,1,0
Newfoundland and Labrador,55-64,80-119k,Rural,0,0,2.16,9,0,1
Alberta,35-44,<40k,Urban,1,5,26.38,2,0,1
British Columbia,65+,80-119k,Urban,0,1,6.33,7,0,1
New Brunswick,25-34,80-119k,Urban,2,1,5.42,6,0,0
Prince Edward Island,35-44,80-119k,Urban,3,0,0.53,8,1,0
Newfoundland and Labrador,55-64,120k+,Urban,4,0,1.14,8,1,0
Manitoba,45-54,80-119k,Urban,6,0,0.25,9,1,0
Newfoundland and Labrador,45-54,80-119k,Urban,2,2,10.89,5,0,0
Quebec,18-24,40-59k,Urban,1,0,2.23,10,0,1
British Columbia,35-44,120k+,Urban,1,1,4.96,8,0,0
Nova Scotia,25-34,<40k,Urban,6,3,14.71,5,1,0
Nova Scotia,65+,120k+,Urban,0,0,1.39,10,0,0
Saskatchewan,25-34,40-59k,Urban,3,2,7.19,7,1,0
Saskatchewan,55-64,<40k,Rural,0,0,1.1,8,0,1
Quebec,45-54,80-119k,Urban,1,0,0.39,9,0,0
Prince Edward Island,35-44,<40k,Urban,3,2,7.92,7,1,0
Saskatchewan,45-54,80-119k,Rural,2,1,6.85,6,0,1
Alberta,55-64,40-59k,Urban,2,0,0.79,9,0,0
British Columbia,55-64,120k+,Urban,4,0,1.45,10,1,0
Quebec,25-34,80-119k,Urban,1,2,11.44,4,0,0
Ontario,35-44,80-119k,Rural,1,0,1.24,10,0,0
Manitoba,35-44,40-59k,Urban,4,0,1.59,10,1,0
Quebec,18-24,<40k,Urban,2,2,7.84,6,0,0
Quebec,45-54,80-119k,Urban,0,2,8.43,6,0,0
Nova Scotia,55-64,<40k,Urban,4,2,9.53,7,1,0
New Brunswick,35-44,40-59k,Urban,3,0,1.09,10,1,0
Prince Edward Island,55-64,60-79k,Urban,0,0,0.11,8,0,0
New Brunswick,45-54,60-79k,Urban,4,1,4.6,10,1,0
Alberta,35-44,40-59k,Urban,2,0,2.45,8,0,0
Ontario,25-34,<40k,Urban,0,1,3.46,10,0,0
Nova Scotia,45-54,<40k,Urban,3,1,3.07,9,1,0
Ontario,55-64,80-119k,Urban,3,2,7.59,7,1,0
Alberta,45-54,<40k,Urban,7,0,2.06,9,1,0
New Brunswick,18-24,120k+,Urban,4,0,2.38,9,1,0
Quebec,25-34,40-59k,Urban,1,0,0.15,8,0,0
Saskatchewan,18-24,<40k,Urban,0,1,6.55,6,0,0
Saskatchewan,45-54,60-79k,Urban,6,1,5.51,7,1,0
Newfoundland and Labrador,55-64,<40k,Rural,6,0,1.55,8,1,0
Manitoba,25-34,60-79k,Rural,0,0,0.76,9,0,0
Prince Edward Island,55-64,80-119k,Urban,0,1,4.49,10,0,0
Alberta,45-54,<40k,Urban,4,3,17.68,5,1,0
Manitoba,45-54,80-119k,Urban,4,2,11.56,5,1,0
Prince Edward Island,65+,40-59k,Urban,0,1,5.5,7,0,0
Manitoba,18-24,<40k,Urban,4,4,22.05,1,1,0
New Brunswick,65+,<40k,Urban,1,0,0.63,8,0,0
Prince Edward Island,25-34,120k+,Rural,1,0,2.86,9,0,0
New Brunswick,35-44,<40k,Rural,1,0,2.27,8,0,0
Quebec,55-64,80-119k,Urban,2,4,20.68,2,0,1
Nova Scotia,65+,60-79k,Urban,5,1,6.26,6,1,0
New Brunswick,35-44,<40k,Urban,2,0,0.64,9,0,0
Saskatchewan,45-54,60-79k,Urban,1,0,0.64,8,0,0
Manitoba,45-54,80-119k,Urban,6,0,2.37,9,1,0
Newfoundland and Labrador,55-64,80-119k,Urban,0,0,1.68,10,0,0
British Columbia,25-34,60-79k,Urban,5,0,1.67,8,1,0
Prince Edward Island,55-64,80-119k,Urban,5,4,22.02,1,1,1
Alberta,35-44,<40k,Rural,1,0,0.38,9,0,1
Newfoundland and Labrador,35-44,120k+,Urban,0,0,1.05,10,0,0
Saskatchewan,35-44,80-119k,Urban,6,0,1.72,9,1,0
New Brunswick,35-44,80-119k,Urban,3,2,8.24,6,1,0
Nova Scotia,65+,80-119k,Rural,0,1,5.02,7,0,1
Quebec,45-54,60-79k,Rural,6,0,1.67,9,1,0
British Columbia,65+,80-119k,Urban,1,2,11.71,5,0,0
Ontario,25-34,60-79k,Rural,1,2,8.23,7,0,1
Newfoundland and Labrador,55-64,40-59k,Urban,3,4,21.08,2,1,1
Nova Scotia,55-64,60-79k,Urban,4,0,2.94,10,1,0
Ontario,45-54,40-59k,Urban,1,0,0.56,9,0,0
British Columbia,45-54,60-79k,Urban,0,5,36.7,1,0,1
Alberta,45-54,40-59k,Urban,3,2,7.89,6,1,0
Alberta,55-64,<40k,Urban,3,2,11.25,5,1,0
Manitoba,55-64,40-59k,Urban,6,1,4.95,10,1,0
British Columbia,25-34,80-119k,Urban,2,1,6.89,7,0,0
British Columbia,55-64,40-59k,Urban,3,2,7.85,7,1,0
Ontario,35-44,80-119k,Urban,0,0,2.06,9,0,0
Nova Scotia,25-34,<40k,Urban,6,1,5.78,7,1,0
Prince Edward Island,55-64,60-79k,Urban,1,2,10.59,4,0,1
Ontario,35-44,<40k,Urban,3,0,0.3,8,1,0
Quebec,55-64,<40k,Rural,7,0,0.87,10,1,0
Alberta,25-34,60-79k,Urban,5,0,1.01,8,1,0
Alberta,18-24,60-79k,Urban,3,2,8.62,7,1,0
Manitoba,35-44,40-59k,Urban,4,2,10.38,5,1,0
Quebec,25-34,60-79k,Rural,7,1,3.22,8,1,0
Alberta,55-64,80-119k,Urban,5,2,10.65,4,1,0
Ontario,25-34,<40k,Rural,3,0,1.58,9,1,0
Quebec,35-44,<40k,Urban,3,3,13.04,3,1,0
Ontario,18-24,80-119k,Rural,0,0,0.68,10,0,0
Prince Edward Island,25-34,<40k,Urban,2,1,3.39,8,0,0
Prince Edward Island,55-64,120k+,Rural,1,0,1.38,9,0,0
Alberta,25-34,60-79k,Urban,2,0,1.78,10,0,0
Alberta,45-54,60-79k,Rural,4,0,1.74,10,1,0
Nova Scotia,65+,60-79k,Urban,0,0,2.89,8,0,0
Prince Edward Island,45-54,60-79k,Urban,0,2,8.48,7,0,0
Newfoundland and Labrador,55-64,<40k,Urban,1,0,2.29,8,0,1
Newfoundland and Labrador,25-34,120k+,Urban,1,0,2.17,8,0,0
Manitoba,25-34,80-119k,Urban,2,5,25.92,2,0,1
Prince Edward Island,55-64,40-59k,Urban,7,0,2.79,10,1,0
Ontario,45-54,60-79k,Urban,4,5,38.97,2,1,0
Ontario,45-54,<40k,Rural,1,3,14.38,5,0,0
Saskatchewan,45-54,<40k,Urban,0,0,1.25,8,0,0
Quebec,35-44,80-119k,Urban,3,0,2.46,10,1,0
New Brunswick,18-24,80-119k,Rural,3,1,4.98,9,1,0
Newfoundland and Labrador,55-64,60-79k,Urban,2,2,11.0,5,0,0
Alberta,45-54,40-59k,Urban,0,0,0.11,9,0,1
Manitoba,35-44,60-79k,Rural,0,0,0.75,10,0,0
New Brunswick,55-64,<40k,Urban,1,2,7.46,6,0,0
British Columbia,35-44,60-79k,Urban,2,0,1.36,9,0,0
Manitoba,25-34,60-79k,Rural,5,0,2.56,9,1,0
British Columbia,55-64,80-119k,Rural,6,4,21.99,2,1,0
Prince Edward Island,55-64,120k+,Urban,2,4,21.64,1,0,0
British Columbia,35-44,80-119k,Urban,5,0,1.1,8,1,0
British Columbia,25-34,120k+,Urban,11,0,0.19,10,1,0
Nova Scotia,25-34,120k+,Urban,4,1,6.07,7,1,0
Nova Scotia,45-54,80-119k,Urban,4,0,1.71,8,1,0
Nova Scotia,35-44,120k+,Urban,7,0,2.79,9,1,0
Prince Edward Island,55-64,80-119k,Urban,1,3,14.59,5,0,0
New Brunswick,65+,80-119k,Urban,0,5,31.02,2,0,1
Manitoba,55-64,<40k,Urban,10,0,2.92,10,1,0
Manitoba,35-44,<40k,Rural,2,1,3.56,8,0,0
Alberta,55-64,80-119k,Rural,5,0,0.76,8,1,0
Nova Scotia,35-44,60-79k,Urban,5,0,1.46,9,1,0
Prince Edward Island,25-34,80-119k,Urban,1,0,1.57,8,0,1
Alberta,18-24,40-59k,Urban,3,0,1.65,10,1,0
Quebec,35-44,40-59k,Urban,3,1,3.85,10,1,0
Alberta,65+,80-119k,Urban,1,2,11.63,4,0,0
New Brunswick,25-34,120k+,Urban,0,0,2.11,9,0,0
Newfoundland and Labrador,25-34,<40k,Urban,3,0,0.78,9,1,0
British Columbia,65+,80-119k,Urban,0,0,0.88,9,0,0
Nova Scotia,18-24,80-119k,Urban,1,1,6.52,6,0,0
Newfoundland and Labrador,55-64,40-59k,Urban,0,0,1.14,9,0,0
Alberta,35-44,40-59k,Urban,4,0,1.67,8,1,0
Prince Edward Island,18-24,<40k,Urban,6,0,0.36,8,1,0
British Columbia,65+,<40k,Urban,3,0,0.76,8,1,0
Manitoba,25-34,60-79k,Urban,2,0,1.25,8,0,0
Ontario,45-54,<40k,Urban,12,0,1.97,9,1,0
British Columbia,25-34,40-59k,Rural,0,2,8.4,6,0,1
New Brunswick,18-24,80-119k,Urban,1,3,17.7,3,0,1
New Brunswick,18-24,60-79k,Urban,1,0,0.66,8,0,0
Alberta,25-34,80-119k,Rural,1,0,2.34,8,0,0
Quebec,18-24,40-59k,Urban,1,0,1.09,8,0,0
New Brunswick,55-64,80-119k,Urban,1,5,37.5,2,0,1
New Brunswick,35-44,80-119k,Urban,1,0,2.77,8,0,0
Prince Edward Island,35-44,60-79k,Urban,2,1,3.75,8,0,0
Alberta,35-44,120k+,Urban,1,0,1.47,8,0,0
British Columbia,65+,80-119k,Urban,3,0,0.46,10,1,0
Quebec,65+,80-119k,Rural,2,0,2.12,10,0,0
Newfoundland and Labrador,45-54,80-119k,Urban,0,0,2.5,8,0,0
Ontario,55-64,<40k,Rural,5,0,1.17,10,1,0
Nova Scotia,25-34,40-59k,Rural,2,0,1.19,8,0,0
Manitoba,35-44,<40k,Rural,0,0,0.61,8,0,0
New Brunswick,45-54,<40k,Urban,0,1,4.23,8,0,0
Alberta,45-54,<40k,Urban,5,1,4.3,8,1,0
Nova Scotia,35-44,120k+,Urban,4,1,3.62,9,1,0
Manitoba,35-44,40-59k,Urban,2,0,0.93,8,0,0
Manitoba,65+,120k+,Rural,1,0,2.72,10,0,0
Newfoundland and Labrador,55-64,60-79k,Urban,2,2,8.63,7,0,1
Newfoundland and Labrador,35-44,40-59k,Urban,3,0,0.82,10,1,0
Newfoundland and Labrador,55-64,60-79k,Rural,6,3,14.31,4,1,0
Saskatchewan,25-34,40-59k,Urban,3,3,17.76,3,1,0
Saskatchewan,25-34,120k+,Urban,1,0,2.29,8,0,1
Manitoba,35-44,80-119k,Urban,0,3,13.21,3,0,0
Newfoundland and Labrador,35-44,<40k,Urban,0,1,6.01,6,0,0
Prince Edward Island,18-24,120k+,Urban,3,1,6.06,7,1,0
New Brunswick,55-64,80-119k,Urban,0,2,11.75,5,0,0
Nova Scotia,35-44,<40k,Rural,2,0,2.67,8,0,1
Nova Scotia,45-54,80-119k,Urban,4,1,3.38,8,1,0
Saskatchewan,18-24,80-119k,Urban,1,1,4.82,8,0,0
Manitoba,25-34,40-59k,Urban,4,2,10.51,3,1,0
Alberta,55-64,80-119k,Urban,3,1,6.89,6,1,0
British Columbia,45-54,<40k,Urban,2,0,0.26,9,0,0
British Columbia,65+,60-79k,Urban,6,0,1.1,8,1,0
Saskatchewan,65+,<40k,Urban,4,3,14.95,3,1,0
Alberta,35-44,120k+,Urban,1,0,1.24,10,0,0
Saskatchewan,25-34,80-119k,Urban,5,0,1.37,10,1,0
British Columbia,55-64,<40k,Urban,4,0,1.11,10,1,0
Alberta,65+,40-59k,Urban,5,0,2.91,9,1,0
Newfoundland and Labrador,45-54,<40k,Urban,3,0,2.41,8,1,0
Manitoba,55-64,80-119k,Urban,1,0,2.21,10,0,0
Nova Scotia,55-64,<40k,Rural,1,0,1.23,9,0,0
Prince Edward Island,35-44,80-119k,Urban,3,3,17.29,4,1,0
Quebec,45-54,120k+,Urban,0,0,0.28,10,0,1
Manitoba,55-64,80-119k,Rural,5,1,3.57,8,1,0
Newfoundland and Labrador,45-54,40-59k,Urban,1,0,2.86,10,0,0
British Columbia,18-24,40-59k,Rural,3,3,15.4,5,1,0
Newfoundland and Labrador,35-44,60-79k,Urban,2,1,3.64,10,0,0
Saskatchewan,25-34,60-79k,Rural,2,0,2.85,9,0,0
Alberta,25-34,80-119k,Urban,4,0,2.92,9,1,0
Nova Scotia,65+,60-79k,Urban,3,2,11.41,4,1,0
New Brunswick,18-24,40-59k,Rural,1,1,3.95,9,0,0
Saskatchewan,25-34,120k+,Rural,0,3,13.67,5,0,0
Manitoba,25-34,<40k,Urban,6,0,1.22,8,1,0
Saskatchewan,45-54,60-79k,Rural,6,4,22.06,2,1,1
Manitoba,45-54,80-119k,Urban,0,0,2.98,10,0,0
New Brunswick,25-34,<40k,Urban,1,0,2.87,9,0,0
Ontario,25-34,80-119k,Urban,1,0,2.76,8,0,0
Nova Scotia,25-34,80-119k,Urban,7,0,0.27,10,1,0
Prince Edward Island,35-44,80-119k,Urban,0,1,6.03,7,0,0
Prince Edward Island,25-34,<40k,Urban,0,3,17.26,3,0,0
Quebec,65+,40-59k,Urban,0,3,14.0,5,0,0
Newfoundland and Labrador,35-44,40-59k,Urban,4,1,3.88,9,1,0
Ontario,18-24,40-59k,Urban,6,0,2.25,9,1,0
Prince Edward Island,55-64,120k+,Urban,1,5,26.36,2,0,1
Saskatchewan,35-44,80-119k,Urban,0,1,6.76,7,0,0
Newfoundland and Labrador,45-54,40-59k,Rural,3,3,12.94,4,1,0
Ontario,25-34,120k+,Urban,0,3,14.75,3,0,0
Alberta,45-54,80-119k,Urban,0,0,2.95,10,0,0
Alberta,55-64,40-59k,Urban,6,0,2.96,9,1,0
Newfoundland and Labrador,65+,40-59k,Urban,6,0,2.33,9,1,0
Manitoba,25-34,40-59k,Urban,9,2,11.2,3,1,0
Manitoba,35-44,120k+,Urban,2,2,11.84,3,0,1
Saskatchewan,35-44,60-79k,Urban,1,1,6.71,7,0,1
Ontario,65+,120k+,Rural,5,0,1.87,8,1,0
Ontario,65+,40-59k,Urban,0,0,2.2,8,0,0
Newfoundland and Labrador,18-24,80-119k,Rural,1,4,22.16,2,0,1
British Columbia,25-34,<40k,Urban,1,0,1.52,9,0,1
Alberta,35-44,120k+,Urban,8,1,6.52,7,1,0
Ontario,25-34,120k+,Urban,4,3,16.43,4,1,0
Newfoundland and Labrador,35-44,40-59k,Urban,0,2,11.3,4,0,1
New Brunswick,25-34,80-119k,Urban,0,1,3.38,10,0,1
Quebec,45-54,80-119k,Rural,6,0,1.73,10,1,0
New Brunswick,65+,120k+,Urban,5,1,4.32,10,1,0
Nova Scotia,65+,40-59k,Urban,4,0,1.54,8,1,0
Saskatchewan,35-44,60-79k,Urban,0,1,5.45,6,0,0
Ontario,45-54,80-119k,Urban,2,0,2.54,8,0,0
Nova Scotia,55-64,80-119k,Urban,3,2,7.16,7,1,0
Prince Edward Island,25-34,40-59k,Rural,7,5,27.46,2,1,1
Nova Scotia,45-54,80-119k,Urban,0,4,24.45,1,0,1
Newfoundland and Labrador,35-44,<40k,Urban,2,0,2.9,8,0,0
Ontario,25-34,80-119k,Urban,0,0,0.17,10,0,0
Quebec,35-44,40-59k,Urban,2,0,1.0,10,0,0
Newfoundland and Labrador,18-24,40-59k,Urban,0,0,0.03,10,0,0
Newfoundland and Labrador,45-54,60-79k,Urban,5,0,2.27,10,1,0
Saskatchewan,25-34,60-79k,Urban,1,1,5.73,6,0,1
Saskatchewan,25-34,60-79k,Urban,2,0,1.69,9,0,1
Alberta,25-34,60-79k,Urban,2,0,2.07,8,0,0
Alberta,55-64,40-59k,Rural,6,1,5.15,7,1,0
Manitoba,35-44,<40k,Urban,4,0,0.72,8,1,0
British Columbia,45-54,80-119k,Urban,0,0,2.26,9,0,0
Ontario,45-54,40-59k,Urban,0,0,2.35,10,0,0
Ontario,35-44,60-79k,Rural,3,1,6.42,6,1,0
Nova Scotia,25-34,80-119k,Urban,2,1,6.82,6,0,0
Ontario,55-64,120k+,Urban,1,0,2.24,10,0,0
Ontario,25-34,80-119k,Rural,5,0,0.16,10,1,0
British Columbia,25-34,<40k,Urban,0,0,0.06,8,0,0
Prince Edward Island,45-54,80-119k,Urban,9,0,2.22,9,1,0
Alberta,25-34,120k+,Urban,0,0,0.17,8,0,0
Alberta,25-34,60-79k,Urban,0,2,8.58,7,0,0
Quebec,35-44,120k+,Rural,1,0,0.41,9,0,1
Ontario,35-44,60-79k,Rural,2,0,2.91,9,0,0
British Columbia,45-54,60-79k,Rural,0,0,0.95,8,0,0
Alberta,45-54,40-59k,Rural,4,0,0.17,10,1,0
British Columbia,45-54,80-119k,Urban,1,0,2.85,9,0,0
New Brunswick,45-54,40-59k,Urban,0,0,1.83,10,0,0
Prince Edward Island,25-34,<40k,Urban,6,0,0.11,9,1,0
Ontario,35-44,<40k,Urban,8,3,17.0,3,1,1
Quebec,35-44,40-59k,Urban,3,3,12.92,3,1,1
Nova Scotia,25-34,40-59k,Urban,5,2,11.01,3,1,1
Alberta,65+,60-79k,Rural,0,0,1.81,10,0,0
New Brunswick,55-64,40-59k,Urban,1,0,0.53,8,0,0
British Columbia,25-34,120k+,Rural,1,1,6.01,7,0,0
Saskatchewan,18-24,40-59k,Urban,8,0,1.36,8,1,0
Newfoundland and Labrador,18-24,60-79k,Urban,2,0,1.91,10,0,0
Ontario,25-34,<40k,Rural,0,1,6.48,7,0,0
Ontario,25-34,40-59k,Rural,1,0,0.78,9,0,0
New Brunswick,45-54,<40k,Urban,0,0,1.1,10,0,0
British Columbia,55-64,60-79k,Urban,1,0,2.99,9,0,0
Manitoba,55-64,80-119k,Urban,2,2,9.54,7,0,0
Ontario,25-34,40-59k,Urban,1,1,5.23,7,0,0
Manitoba,35-44,40-59k,Urban,0,1,4.14,8,0,1
Saskatchewan,35-44,<40k,Urban,0,0,1.25,9,0,0
New Brunswick,55-64,80-119k,Urban,3,2,9.51,7,1,0
British Columbia,55-64,80-119k,Urban,4,4,19.81,3,1,0
British Columbia,65+,<40k,Urban,2,1,3.95,8,0,0
Prince Edward Island,35-44,40-59k,Rural,4,0,1.8,8,1,0
Newfoundland and Labrador,45-54,120k+,Rural,0,2,7.92,6,0,0
Alberta,25-34,40-59k,Rural,0,1,5.21,6,0,0
Alberta,45-54,60-79k,Urban,6,3,16.24,5,1,0
Nova Scotia,25-34,40-59k,Rural,1,1,3.79,10,0,0
Quebec,35-44,60-79k,Urban,2,2,10.73,5,0,0
New Brunswick,45-54,120k+,Urban,8,1,4.44,8,1,0
Saskatchewan,25-34,120k+,Urban,2,0,2.98,8,0,0
British Columbia,18-24,80-119k,Urban,0,0,2.94,8,0,0
Newfoundland and Labrador,18-24,60-79k,Urban,7,0,2.4,8,1,0
Manitoba,18-24,60-79k,Urban,0,0,1.03,9,0,0
New Brunswick,18-24,40-59k,Urban,4,1,6.75,6,1,0
Nova Scotia,25-34,120k+,Urban,1,0,3.0,9,0,1
New Brunswick,25-34,80-119k,Urban,2,0,1.39,9,0,0
Nova Scotia,25-34,60-79k,Urban,3,0,1.84,9,1,0
British Columbia,65+,<40k,Rural,2,0,0.02,10,0,0
Quebec,25-34,60-79k,Urban,5,2,7.22,7,1,0
Nova Scotia,25-34,120k+,Urban,7,2,9.5,6,1,0
British Columbia,45-54,60-79k,Urban,0,2,10.05,3,0,1
British Columbia,55-64,40-59k,Urban,5,0,0.94,9,1,0
Quebec,45-54,<40k,Urban,0,0,0.3,8,0,0
Alberta,25-34,40-59k,Urban,0,3,16.69,5,0,0
New Brunswick,45-54,120k+,Urban,8,0,1.26,8,1,0
Ontario,45-54,120k+,Urban,2,1,5.6,6,0,1
Ontario,55-64,120k+,Urban,0,2,10.25,5,0,0
Manitoba,45-54,80-119k,Urban,3,0,1.64,9,1,0
Manitoba,55-64,60-79k,Rural,1,0,0.54,9,0,0
Ontario,55-64,60-79k,Urban,2,0,1.85,10,0,0
Saskatchewan,45-54,60-79k,Urban,3,3,13.93,4,1,0
Ontario,35-44,80-119k,Rural,6,0,2.46,9,1,0
Manitoba,45-54,60-79k,Urban,0,0,0.58,9,0,0
Newfoundland and Labrador,55-64,80-119k,Urban,0,0,0.87,9,0,0
Manitoba,18-24,<40k,Urban,0,0,1.32,10,0,0
Saskatchewan,65+,40-59k,Urban,0,1,5.96,7,0,0
New Brunswick,25-34,80-119k,Urban,8,0,2.16,9,1,0
Ontario,35-44,120k+,Urban,7,0,1.01,10,1,0
Quebec,55-64,60-79k,Rural,4,0,1.53,8,1,0
Newfoundland and Labrador,25-34,<40k,Rural,3,0,0.7,10,1,0
British Columbia,35-44,120k+,Urban,6,0,2.31,9,1,0
Saskatchewan,25-34,80-119k,Urban,0,0,0.59,10,0,0
Manitoba,35-44,60-79k,Rural,0,2,11.1,5,0,1
Quebec,25-34,60-79k,Urban,1,0,2.81,10,0,0
Nova Scotia,35-44,60-79k,Urban,5,0,2.97,10,1,0
Alberta,35-44,60-79k,Urban,2,0,2.57,8,0,0
Ontario,65+,120k+,Urban,2,1,3.89,10,0,0
Alberta,65+,<40k,Urban,1,2,9.08,7,0,0
Saskatchewan,25-34,<40k,Urban,3,3,12.53,3,1,1
Nova Scotia,55-64,<40k,Urban,6,0,0.49,10,1,0
Nova Scotia,18-24,40-59k,Rural,1,0,0.15,9,0,0
Nova Scotia,18-24,<40k,Urban,3,0,1.92,9,1,0
British Columbia,25-34,40-59k,Urban,1,0,1.6,9,0,0
Saskatchewan,65+,<40k,Urban,5,2,11.59,4,1,0
New Brunswick,65+,40-59k,Urban,2,1,4.85,8,0,0
Alberta,25-34,40-59k,Urban,1,0,1.93,9,0,0
New Brunswick,25-34,<40k,Urban,2,2,9.01,7,0,1
Quebec,25-34,60-79k,Urban,0,2,11.15,4,0,0
Prince Edward Island,35-44,60-79k,Urban,6,3,17.56,4,1,0
Newfoundland and Labrador,45-54,<40k,Urban,8,0,1.3,8,1,0
Newfoundland and Labrador,25-34,60-79k,Rural,2,0,0.25,10,0,0
New Brunswick,55-64,120k+,Urban,1,0,0.49,10,0,0
Prince Edward Island,25-34,120k+,Urban,4,0,2.16,10,1,0
Prince Edward Island,65+,<40k,Urban,2,0,0.98,8,0,0
Ontario,45-54,80-119k,Rural,1,2,10.93,5,0,0
Quebec,35-44,40-59k,Urban,0,0,2.25,9,0,1
Saskatchewan,55-64,<40k,Urban,6,1,5.78,6,1,0
Prince Edward Island,55-64,40-59k,Urban,5,2,11.07,5,1,0
Manitoba,25-34,40-59k,Urban,5,0,2.27,10,1,0
Newfoundland and Labrador,35-44,60-79k,Urban,2,0,1.9,10,0,0
Manitoba,65+,80-119k,Urban,4,1,3.02,8,1,0
Quebec,25-34,80-119k,Urban,3,1,5.06,6,1,0
Prince Edward Island,18-24,40-59k,Urban,1,4,22.17,2,0,1
Alberta,35-44,40-59k,Urban,6,2,11.8,3,1,0
Newfoundland and Labrador,55-64,40-59k,Urban,13,2,10.25,3,1,0
Ontario,55-64,40-59k,Urban,7,1,5.3,7,1,0
Ontario,65+,120k+,Urban,5,0,1.62,10,1,0
Nova Scotia,45-54,80-119k,Urban,4,2,7.52,6,1,0
British Columbia,25-34,120k+,Urban,3,3,14.57,3,1,0
Prince Edward Island,45-54,80-119k,Urban,6,0,0.4,9,1,0
Quebec,55-64,60-79k,Rural,2,0,0.16,10,0,0
Newfoundland and Labrador,18-24,40-59k,Urban,0,0,0.99,9,0,0
British Columbia,25-34,60-79k,Urban,5,4,22.52,2,1,0
Quebec,18-24,60-79k,Urban,7,0,2.6,8,1,0
New Brunswick,45-54,80-119k,Urban,1,1,6.24,7,0,0
Prince Edward Island,55-64,60-79k,Rural,5,2,8.47,6,1,0
Saskatchewan,45-54,40-59k,Urban,1,2,7.23,7,0,0
Saskatchewan,65+,80-119k,Urban,8,1,4.61,10,1,0
Prince Edward Island,18-24,80-119k,Urban,4,3,13.89,5,1,0
Nova Scotia,65+,60-79k,Urban,3,0,1.11,10,1,0
Nova Scotia,55-64,80-119k,Urban,5,0,1.68,10,1,0
Saskatchewan,25-34,<40k,Urban,5,0,0.09,9,1,0
Alberta,65+,60-79k,Urban,6,0,1.11,10,1,0
Newfoundland and Labrador,25-34,<40k,Rural,7,0,1.68,9,1,0
Saskatchewan,55-64,<40k,Rural,0,0,1.29,8,0,0
Alberta,55-64,60-79k,Urban,0,1,5.67,6,0,0
British Columbia,55-64,40-59k,Urban,5,0,0.56,9,1,0
Alberta,45-54,80-119k,Rural,8,1,3.62,8,1,0
British Columbia,25-34,120k+,Urban,1,0,0.92,8,0,0
Quebec,45-54,<40k,Urban,0,0,0.31,10,0,0
Manitoba,35-44,80-119k,Rural,1,0,0.71,9,0,0
Quebec,55-64,60-79k,Urban,1,0,0.26,9,0,1
Saskatchewan,55-64,<40k,Rural,5,0,1.21,10,1,0
British Columbia,65+,80-119k,Urban,0,0,2.13,8,0,0
Saskatchewan,18-24,60-79k,Urban,0,1,4.15,10,0,0
Prince Edward Island,55-64,60-79k,Urban,6,0,0.01,9,1,0
Newfoundland and Labrador,65+,120k+,Urban,0,0,1.67,10,0,0
Ontario,55-64,60-79k,Urban,5,0,2.08,9,1,0
Saskatchewan,25-34,120k+,Urban,1,3,14.35,4,0,0
Newfoundland and Labrador,18-24,60-79k,Urban,4,0,0.89,8,1,0
Alberta,18-24,<40k,Urban,0,0,1.47,9,0,0
Quebec,45-54,60-79k,Urban,1,0,0.3,8,0,0
Alberta,45-54,40-59k,Urban,2,2,10.22,5,0,0
Ontario,65+,60-79k,Urban,6,0,2.2,8,1,0
British Columbia,35-44,80-119k,Rural,3,0,2.11,10,1,0
Prince Edward Island,35-44,60-79k,Rural,0,1,4.31,10,0,0
Newfoundland and Labrador,45-54,<40k,Urban,5,1,6.37,7,1,0
Prince Edward Island,55-64,60-79k,Urban,0,0,2.84,10,0,0
Manitoba,65+,<40k,Rural,7,0,0.89,9,1,0
Saskatchewan,55-64,80-119k,Urban,0,4,19.84,3,0,0
British Columbia,35-44,80-119k,Urban,2,0,2.11,10,0,0
Manitoba,45-54,120k+,Urban,0,0,2.12,10,0,0
New Brunswick,55-64,<40k,Urban,3,0,1.53,8,1,0
Saskatchewan,35-44,60-79k,Urban,2,2,11.62,5,0,0
Alberta,25-34,60-79k,Urban,2,0,0.44,9,0,0
Quebec,25-34,120k+,Urban,0,0,1.43,8,0,0
Newfoundland and Labrador,18-24,80-119k,Rural,6,0,0.11,10,1,0
Ontario,45-54,<40k,Rural,5,0,0.16,8,1,0
Ontario,25-34,60-79k,Urban,3,5,25.81,2,1,0
Alberta,25-34,80-119k,Urban,3,0,1.48,9,1,0
Nova Scotia,25-34,80-119k,Urban,4,0,1.77,10,1,0
Ontario,45-54,80-119k,Urban,0,0,0.01,8,0,0
Newfoundland and Labrador,35-44,40-59k,Urban,7,1,5.53,7,1,0
Alberta,45-54,120k+,Urban,1,0,1.47,8,0,0
British Columbia,18-24,<40k,Urban,3,1,3.9,8,1,0
Ontario,25-34,120k+,Urban,3,0,0.05,10,1,0
Prince Edward Island,35-44,80-119k,Rural,3,1,3.62,9,1,0
Alberta,35-44,80-119k,Rural,6,0,1.8,10,1,0
Newfoundland and Labrador,25-34,80-119k,Urban,1,0,1.98,8,0,0
Prince Edward Island,18-24,<40k,Urban,4,0,1.94,10,1,0
Saskatchewan,55-64,<40k,Urban,3,0,0.46,10,1,0
Saskatchewan,45-54,<40k,Urban,0,2,11.56,4,0,0
Ontario,25-34,<40k,Rural,2,0,1.23,8,0,0
Prince Edward Island,18-24,60-79k,Urban,5,3,16.61,5,1,0
Quebec,65+,40-59k,Urban,1,0,0.5,8,0,0
Saskatchewan,45-54,80-119k,Urban,2,0,1.41,10,0,0
Quebec,35-44,60-79k,Rural,2,0,1.56,9,0,0
British Columbia,45-54,80-119k,Urban,3,0,2.31,10,1,0
Alberta,55-64,80-119k,Urban,6,0,1.86,9,1,0
Manitoba,55-64,40-59k,Rural,0,0,1.2,10,0,0
Newfoundland and Labrador,35-44,40-59k,Urban,2,2,8.41,6,0,0
Alberta,35-44,40-59k,Urban,2,1,6.89,7,0,0
Newfoundland and Labrador,18-24,80-119k,Urban,1,0,0.85,10,0,0
Prince Edward Island,65+,60-79k,Rural,7,2,7.65,7,1,0
British Columbia,45-54,40-59k,Rural,0,0,0.9,10,0,0
New Brunswick,25-34,80-119k,Urban,0,2,8.63,7,0,0
Ontario,65+,<40k,Urban,4,0,0.38,10,1,0
Newfoundland and Labrador,65+,80-119k,Urban,1,0,2.12,8,0,0
Newfoundland and Labrador,65+,60-79k,Urban,4,2,10.1,5,1,0
Prince Edward Island,55-64,80-119k,Urban,5,0,0.95,9,1,0
Quebec,65+,120k+,Urban,1,1,6.97,6,0,0
Alberta,25-34,80-119k,Urban,0,3,15.93,3,0,0
New Brunswick,55-64,60-79k,Rural,0,3,16.22,3,0,0
Nova Scotia,55-64,<40k,Urban,0,3,15.34,5,0,1
Ontario,25-34,80-119k,Urban,1,0,1.65,10,0,0
Manitoba,18-24,60-79k,Urban,6,1,3.08,9,1,0
Nova Scotia,65+,<40k,Urban,5,0,2.31,10,1,0
Alberta,25-34,80-119k,Urban,0,2,11.55,4,0,0
Ontario,55-64,40-59k,Urban,6,0,0.37,8,1,0
Newfoundland and Labrador,18-24,<40k,Urban,0,0,2.39,8,0,0
Manitoba,18-24,120k+,Rural,3,3,15.21,3,1,0
Quebec,35-44,60-79k,Urban,0,2,8.43,7,0,0
New Brunswick,25-34,40-59k,Urban,0,4,24.45,1,0,0
Quebec,45-54,80-119k,Urban,5,0,0.05,10,1,0
British Columbia,45-54,120k+,Urban,2,0,0.82,10,0,0
Prince Edward Island,18-24,<40k,Urban,3,3,17.32,4,1,0
Ontario,25-34,80-119k,Urban,2,0,1.44,9,0,0
Quebec,35-44,80-119k,Rural,0,3,15.59,3,0,0
Nova Scotia,25-34,40-59k,Urban,4,1,6.0,7,1,0
Prince Edward Island,55-64,60-79k,Rural,5,3,12.89,5,1,0
Quebec,35-44,<40k,Rural,0,1,3.86,9,0,0
Saskatchewan,18-24,80-119k,Urban,1,2,11.99,3,0,1
British Columbia,35-44,80-119k,Urban,3,0,0.71,9,1,0
Alberta,18-24,<40k,Urban,3,4,21.77,1,1,0
New Brunswick,25-34,80-119k,Rural,3,0,0.9,9,1,0
British Columbia,25-34,80-119k,Urban,4,0,2.55,8,1,0
Prince Edward Island,55-64,40-59k,Urban,9,0,2.89,10,1,0
Saskatchewan,65+,80-119k,Urban,1,1,3.57,9,0,1
Ontario,55-64,<40k,Urban,3,1,5.4,6,1,0
Nova Scotia,35-44,120k+,Urban,4,0,2.43,9,1,0
New Brunswick,25-34,60-79k,Urban,3,2,11.12,4,1,0
New Brunswick,45-54,80-119k,Urban,1,2,9.2,6,0,0
British Columbia,55-64,80-119k,Urban,3,1,3.9,10,1,0
Prince Edward Island,65+,60-79k,Urban,3,0,1.16,10,1,0
Ontario,25-34,80-119k,Urban,3,1,6.0,7,1,0
Newfoundland and Labrador,18-24,60-79k,Urban,0,2,11.97,3,0,0
Saskatchewan,45-54,120k+,Urban,2,3,15.33,4,0,0
Newfoundland and Labrador,55-64,60-79k,Urban,6,0,0.59,8,1,0
Nova Scotia,55-64,<40k,Urban,6,0,0.13,10,1,0
Ontario,45-54,120k+,Urban,4,0,2.83,8,1,0
Ontario,65+,80-119k,Rural,4,0,1.45,8,1,0
Saskatchewan,35-44,80-119k,Urban,0,0,2.15,10,0,0
Manitoba,65+,120k+,Urban,2,0,1.98,9,0,0
Newfoundland and Labrador,65+,<40k,Rural,0,1,6.56,6,0,0
Quebec,55-64,60-79k,Rural,5,0,0.8,9,1,0
New Brunswick,25-34,40-59k,Urban,1,0,1.33,10,0,0
Manitoba,25-34,80-119k,Urban,5,0,2.74,9,1,0
Quebec,45-54,80-119k,Urban,5,0,1.76,9,1,0
Prince Edward Island,35-44,120k+,Urban,6,2,7.36,7,1,0
Saskatchewan,55-64,60-79k,Urban,4,0,0.58,9,1,0
Prince Edward Island,25-34,80-119k,Rural,3,1,3.95,8,1,0
New Brunswick,25-34,120k+,Rural,3,0,2.98,8,1,0
Alberta,55-64,80-119k,Urban,1,1,3.9,10,0,0
Quebec,18-24,40-59k,Rural,0,0,2.61,10,0,0
Manitoba,35-44,60-79k,Urban,0,0,0.23,10,0,0
Quebec,35-44,120k+,Urban,0,1,3.73,8,0,0
Quebec,45-54,120k+,Urban,7,0,2.62,8,1,0
Saskatchewan,25-34,80-119k,Urban,0,0,2.7,8,0,1
Prince Edward Island,55-64,120k+,Urban,4,1,3.7,9,1,0
Newfoundland and Labrador,35-44,40-59k,Urban,0,0,0.69,8,0,0
Alberta,65+,40-59k,Urban,9,1,5.12,6,1,0
Saskatchewan,35-44,120k+,Urban,1,0,0.16,8,0,0
Nova Scotia,25-34,<40k,Rural,2,0,2.84,10,0,0
Saskatchewan,25-34,40-59k,Urban,2,0,1.09,10,0,0
New Brunswick,18-24,60-79k,Urban,5,0,1.47,10,1,0
Alberta,45-54,60-79k,Rural,0,0,0.32,8,0,0
Ontario,25-34,60-79k,Urban,5,0,0.1,8,1,0
Nova Scotia,35-44,40-59k,Urban,3,2,9.34,7,1,0
British Columbia,45-54,120k+,Urban,1,2,7.61,7,0,0
Saskatchewan,25-34,120k+,Rural,0,1,5.52,7,0,0
Quebec,25-34,40-59k,Rural,5,0,2.38,10,1,0
Newfoundland and Labrador,55-64,60-79k,Urban,0,0,0.1,9,0,0
Ontario,65+,80-119k,Urban,6,0,1.84,10,1,0
Saskatchewan,25-34,80-119k,Urban,0,0,2.45,9,0,0
Saskatchewan,25-34,40-59k,Urban,3,1,4.76,9,1,0
Manitoba,65+,60-79k,Urban,4,2,11.8,3,1,1
Manitoba,18-24,40-59k,Urban,3,0,0.33,8,1,0
Ontario,65+,40-59k,Urban,1,0,0.97,8,0,0
Prince Edward Island,18-24,60-79k,Urban,6,3,13.38,4,1,0
Manitoba,55-64,80-119k,Rural,5,0,2.99,9,1,0
Quebec,25-34,80-119k,Urban,2,3,13.77,5,0,1
Nova Scotia,65+,80-119k,Urban,3,2,8.94,6,1,0
British Columbia,25-34,40-59k,Urban,3,0,2.54,10,1,0
Alberta,45-54,80-119k,Urban,8,0,2.79,10,1,0
British Columbia,18-24,<40k,Urban,6,4,24.56,2,1,0
British Columbia,25-34,60-79k,Urban,1,1,5.23,7,0,0
Alberta,55-64,80-119k,Urban,1,0,1.99,8,0,0
Manitoba,45-54,80-119k,Rural,10,0,1.05,8,1,0
Ontario,65+,60-79k,Urban,1,1,5.43,6,0,0
Alberta,35-44,80-119k,Urban,8,0,0.91,9,1,0
New Brunswick,55-64,120k+,Urban,3,0,2.24,8,1,0
Prince Edward Island,35-44,60-79k,Rural,0,0,0.92,10,0,0
Nova Scotia,65+,80-119k,Rural,1,0,2.64,10,0,0
Newfoundland and Labrador,65+,120k+,Urban,2,0,0.43,8,0,0
Manitoba,35-44,80-119k,Urban,5,0,1.72,8,1,0
Prince Edward Island,55-64,60-79k,Urban,1,0,1.56,10,0,0
Alberta,55-64,<40k,Urban,1,0,0.79,8,0,0
New Brunswick,25-34,40-59k,Urban,7,3,12.17,3,1,0
Newfoundland and Labrador,45-54,60-79k,Urban,0,1,3.59,8,0,0
Nova Scotia,18-24,80-119k,Rural,3,0,2.9,9,1,0
Nova Scotia,55-64,60-79k,Urban,2,1,6.77,6,0,0
Manitoba,25-34,120k+,Rural,0,0,0.36,10,0,0
Alberta,18-24,40-59k,Urban,0,3,14.25,4,0,0
Prince Edward Island,35-44,80-119k,Urban,1,0,1.4,10,0,0
Ontario,45-54,60-79k,Urban,0,0,1.43,10,0,0
Prince Edward Island,55-64,60-79k,Urban,2,4,20.09,1,0,1
Prince Edward Island,65+,80-119k,Urban,3,1,6.65,7,1,0
Nova Scotia,35-44,40-59k,Urban,4,0,2.73,10,1,0
Ontario,18-24,<40k,Urban,3,3,12.11,3,1,0
Ontario,55-64,60-79k,Urban,1,2,10.25,4,0,0
Manitoba,45-54,60-79k,Urban,0,4,18.52,3,0,0
Newfoundland and Labrador,35-44,80-119k,Rural,1,0,1.79,8,0,0
Saskatchewan,25-34,120k+,Rural,2,4,24.07,1,0,1
British Columbia,35-44,<40k,Urban,7,0,1.95,8,1,0
British Columbia,35-44,60-79k,Rural,0,1,4.88,8,0,0
Nova Scotia,55-64,80-119k,Urban,2,0,2.87,9,0,0
Saskatchewan,45-54,120k+,Urban,4,0,2.24,8,1,0
Newfoundland and Labrador,55-64,120k+,Urban,4,0,0.75,9,1,0
Saskatchewan,45-54,80-119k,Urban,9,0,1.16,10,1,0
Manitoba,25-34,60-79k,Urban,0,0,2.28,8,0,0
Prince Edward Island,55-64,<40k,Urban,0,0,0.06,10,0,0
Nova Scotia,45-54,40-59k,Urban,1,4,18.45,4,0,0
Ontario,25-34,60-79k,Urban,0,1,6.44,6,0,0
Nova Scotia,45-54,80-119k,Urban,3,0,0.13,8,1,0
British Columbia,35-44,80-119k,Urban,6,1,5.71,7,1,0
Newfoundland and Labrador,55-64,80-119k,Urban,4,1,4.28,10,1,0
Saskatchewan,35-44,60-79k,Urban,0,0,2.48,10,0,0
Newfoundland and Labrador,55-64,80-119k,Rural,0,1,6.39,7,0,0
Manitoba,18-24,<40k,Urban,7,1,6.81,6,1,0
Nova Scotia,35-44,<40k,Urban,2,0,0.29,9,0,0
Alberta,65+,<40k,Rural,7,0,1.27,9,1,0
Nova Scotia,55-64,120k+,Rural,4,0,1.72,8,1,0
Ontario,25-34,<40k,Urban,11,1,6.66,6,1,0
Nova Scotia,25-34,80-119k,Urban,6,0,0.8,9,1,0
New Brunswick,35-44,40-59k,Urban,2,1,3.29,9,0,0
Manitoba,45-54,60-79k,Urban,4,0,0.61,9,1,0
Quebec,55-64,120k+,Urban,2,1,4.98,10,0,1
Manitoba,55-64,60-79k,Urban,1,3,16.09,4,0,0
Saskatchewan,35-44,40-59k,Urban,1,2,10.45,4,0,1
Quebec,55-64,40-59k,Urban,1,1,3.3,10,0,0
Saskatchewan,35-44,120k+,Urban,0,0,2.28,9,0,1
Saskatchewan,25-34,60-79k,Rural,0,1,5.64,6,0,1
Ontario,45-54,60-79k,Urban,2,1,4.63,10,0,0
Ontario,65+,60-79k,Urban,8,2,9.86,7,1,0
Prince Edward Island,55-64,40-59k,Urban,3,2,10.84,5,1,1
British Columbia,45-54,40-59k,Urban,2,0,0.79,8,0,0
Prince Edward Island,45-54,80-119k,Urban,1,1,6.76,6,0,0
Prince Edward Island,65+,80-119k,Urban,0,0,0.41,8,0,0
British Columbia,35-44,40-59k,Urban,3,0,2.71,8,1,0
Alberta,35-44,80-119k,Urban,6,0,2.22,10,1,0
Quebec,65+,80-119k,Urban,1,0,1.98,8,0,0
Newfoundland and Labrador,55-64,120k+,Urban,3,1,3.33,8,1,0
Prince Edward Island,35-44,<40k,Urban,4,2,11.6,4,1,0
Nova Scotia,35-44,40-59k,Urban,0,1,4.18,10,0,0
Nova Scotia,35-44,80-119k,Urban,1,4,23.22,1,0,0
Saskatchewan,25-34,40-59k,Urban,4,1,6.54,6,1,0
British Columbia,65+,<40k,Rural,4,5,28.66,1,1,0
Saskatchewan,35-44,120k+,Urban,0,1,6.66,7,0,0
New Brunswick,55-64,40-59k,Urban,1,0,1.84,10,0,0
New Brunswick,25-34,60-79k,Urban,4,0,1.98,9,1,0
Newfoundland and Labrador,45-54,60-79k,Rural,1,1,6.66,7,0,0
Ontario,18-24,80-119k,Urban,5,1,5.11,7,1,0
Ontario,55-64,40-59k,Urban,0,1,4.76,10,0,0
British Columbia,45-54,120k+,Rural,0,1,5.53,7,0,0
British Columbia,45-54,60-79k,Rural,1,3,15.32,4,0,0
Prince Edward Island,18-24,60-79k,Urban,7,0,0.18,10,1,0
New Brunswick,25-34,40-59k,Urban,5,1,3.72,9,1,0
Prince Edward Island,18-24,40-59k,Urban,6,1,3.05,8,1,0
Ontario,25-34,80-119k,Urban,2,0,0.32,9,0,1
Quebec,45-54,60-79k,Urban,5,5,35.95,1,1,0
Quebec,45-54,120k+,Urban,6,2,7.02,7,1,0
British Columbia,45-54,60-79k,Urban,2,0,0.91,9,0,0
Saskatchewan,45-54,60-79k,Urban,12,0,1.35,10,1,0
Ontario,25-34,60-79k,Urban,6,1,6.75,6,1,0
Quebec,25-34,80-119k,Rural,9,0,0.98,8,1,0
Ontario,25-34,60-79k,Rural,6,0,2.35,8,1,0
Manitoba,55-64,40-59k,Urban,5,0,1.23,10,1,0
Nova Scotia,45-54,80-119k,Urban,8,2,7.49,7,1,0
New Brunswick,25-34,60-79k,Urban,2,2,7.49,7,0,1
Prince Edward Island,25-34,60-79k,Urban,5,0,1.3,8,1,0
Ontario,55-64,60-79k,Urban,0,2,7.29,6,0,0
Nova Scotia,55-64,80-119k,Urban,4,3,15.43,4,1,1
Manitoba,45-54,40-59k,Urban,5,1,4.97,10,1,0
Prince Edward Island,35-44,<40k,Urban,4,0,2.11,10,1,0
Ontario,25-34,80-119k,Urban,6,2,7.93,7,1,0
British Columbia,65+,<40k,Urban,2,0,1.78,9,0,0
Nova Scotia,55-64,80-119k,Urban,3,0,0.52,9,1,0
Prince Edward Island,25-34,<40k,Urban,0,0,2.17,9,0,1
Ontario,55-64,40-59k,Urban,0,0,0.92,10,0,1
Nova Scotia,55-64,<40k,Urban,3,0,1.84,10,1,0
Manitoba,25-34,60-79k,Rural,3,1,6.53,6,1,0
Ontario,35-44,80-119k,Urban,0,0,1.46,9,0,0
Ontario,25-34,<40k,Urban,1,1,3.77,10,0,0
Ontario,25-34,40-59k,Urban,1,2,11.43,5,0,0
Newfoundland and Labrador,55-64,120k+,Urban,4,0,1.08,9,1,0
British Columbia,25-34,60-79k,Urban,3,1,5.92,7,1,0
Manitoba,55-64,80-119k,Urban,0,0,0.96,8,0,0
Prince Edward Island,65+,120k+,Rural,5,1,4.19,9,1,0
Newfoundland and Labrador,18-24,120k+,Urban,1,0,1.93,10,0,0
Saskatchewan,35-44,120k+,Urban,4,1,3.63,9,1,0
Newfoundland and Labrador,55-64,40-59k,Urban,0,0,2.6,8,0,0
New Brunswick,55-64,120k+,Urban,13,0,1.16,8,1,0
New Brunswick,55-64,80-119k,Urban,0,0,0.06,10,0,0
Ontario,35-44,80-119k,Urban,4,2,8.53,7,1,0
Newfoundland and Labrador,35-44,<40k,Urban,3,1,6.14,7,1,0
Saskatchewan,45-54,120k+,Urban,0,5,37.89,1,0,0
Newfoundland and Labrador,65+,80-119k,Urban,0,2,9.84,7,0,0
British Columbia,35-44,80-119k,Urban,1,2,8.47,7,0,0
British Columbia,65+,<40k,Rural,5,1,5.11,6,1,0
Saskatchewan,25-34,40-59k,Urban,0,0,2.51,10,0,1
Newfoundland and Labrador,65+,120k+,Urban,4,3,13.9,4,1,0
Nova Scotia,45-54,60-79k,Urban,3,0,1.16,9,1,0
British Columbia,35-44,40-59k,Urban,1,0,1.62,10,0,0
British Columbia,45-54,80-119k,Urban,0,2,11.44,4,0,0
Quebec,25-34,<40k,Urban,7,0,1.75,8,1,0
Newfoundland and Labrador,25-34,60-79k,Urban,1,0,0.62,8,0,0
British Columbia,25-34,40-59k,Urban,0,0,0.27,9,0,0
Manitoba,25-34,40-59k,Urban,4,5,26.43,1,1,1
Newfoundland and Labrador,35-44,40-59k,Urban,0,5,39.25,1,0,0
New Brunswick,55-64,40-59k,Urban,2,1,6.29,7,0,0
Quebec,45-54,<40k,Urban,0,3,16.6,3,0,1
British Columbia,25-34,80-119k,Rural,11,0,1.49,10,1,0
Quebec,55-64,120k+,Urban,2,0,2.02,9,0,0
New Brunswick,45-54,60-79k,Urban,14,0,0.38,9,1,0
Saskatchewan,65+,40-59k,Urban,1,0,1.86,9,0,1
Saskatchewan,45-54,<40k,Urban,1,0,2.43,9,0,0
Newfoundland and Labrador,25-34,80-119k,Urban,7,0,0.19,8,1,0
New Brunswick,35-44,120k+,Rural,1,0,0.89,9,0,0
Alberta,45-54,40-59k,Urban,2,0,0.33,9,0,0
Alberta,18-24,40-59k,Rural,0,0,0.78,8,0,1
Newfoundland and Labrador,18-24,60-79k,Urban,8,2,10.86,3,1,0
Ontario,25-34,80-119k,Urban,0,0,1.0,10,0,0
Quebec,25-34,60-79k,Urban,5,0,2.07,8,1,0
Quebec,35-44,80-119k,Urban,2,0,2.32,9,0,0
Saskatchewan,35-44,80-119k,Urban,0,2,11.08,3,0,0
Alberta,25-34,120k+,Rural,0,1,6.49,7,0,0
Prince Edward Island,45-54,<40k,Rural,7,1,5.39,7,1,0
British Columbia,45-54,120k+,Urban,4,0,0.84,8,1,0
British Columbia,25-34,40-59k,Rural,4,0,0.45,10,1,0
British Columbia,18-24,80-119k,Urban,2,0,1.51,10,0,0
Saskatchewan,18-24,60-79k,Urban,1,0,0.31,10,0,0
New Brunswick,35-44,60-79k,Urban,4,1,6.64,6,1,0
Nova Scotia,25-34,80-119k,Urban,3,3,14.65,5,1,0
Alberta,35-44,40-59k,Urban,4,0,2.62,8,1,0
Alberta,45-54,<40k,Urban,1,2,10.55,4,0,1
Prince Edward Island,45-54,60-79k,Urban,10,0,2.57,8,1,0
Quebec,25-34,60-79k,Urban,0,0,2.65,10,0,0
Ontario,35-44,40-59k,Rural,0,0,0.16,10,0,0
Newfoundland and Labrador,45-54,120k+,Urban,7,3,16.35,4,1,0
Quebec,55-64,40-59k,Urban,3,0,0.68,10,1,0
New Brunswick,55-64,60-79k,Urban,1,1,6.96,6,0,0
Newfoundland and Labrador,45-54,<40k,Urban,5,0,2.34,10,1,0
Alberta,35-44,60-79k,Urban,2,0,0.01,10,0,0
New Brunswick,35-44,40-59k,Urban,0,0,2.78,9,0,0
Newfoundland and Labrador,55-64,60-79k,Urban,3,0,0.88,10,1,0
Prince Edward Island,18-24,40-59k,Urban,1,2,9.08,7,0,0
Prince Edward Island,65+,<40k,Urban,0,2,10.06,3,0,0
Manitoba,45-54,80-119k,Urban,1,0,2.75,10,0,0
Nova Scotia,45-54,80-119k,Urban,2,1,6.71,7,0,0
Prince Edward Island,18-24,40-59k,Rural,0,0,1.69,8,0,0
Alberta,45-54,<40k,Urban,6,2,8.58,6,1,0
Ontario,35-44,80-119k,Urban,3,1,4.12,8,1,0
British Columbia,25-34,<40k,Urban,1,0,1.09,10,0,0
Manitoba,25-34,120k+,Urban,4,2,7.9,7,1,0
British Columbia,55-64,60-79k,Urban,5,0,2.01,8,1,0
Nova Scotia,45-54,40-59k,Urban,3,0,1.58,10,1,0
Newfoundland and Labrador,35-44,80-119k,Urban,0,1,6.09,6,0,0
Saskatchewan,18-24,120k+,Urban,0,0,0.28,10,0,0
Prince Edward Island,45-54,40-59k,Urban,6,0,1.2,9,1,0
Ontario,45-54,60-79k,Urban,1,0,0.72,9,0,1
Nova Scotia,45-54,60-79k,Rural,0,2,9.68,7,0,0
British Columbia,35-44,120k+,Urban,3,0,1.4,8,1,0
Manitoba,35-44,80-119k,Urban,0,0,1.35,9,0,0
Prince Edward Island,45-54,40-59k,Urban,11,0,0.95,8,1,0
Alberta,25-34,40-59k,Urban,6,0,2.18,8,1,0
Prince Edward Island,65+,40-59k,Urban,3,1,4.93,9,1,0
Manitoba,45-54,40-59k,Urban,5,0,0.61,8,1,0
Manitoba,25-34,40-59k,Urban,2,2,9.74,6,0,0
Saskatchewan,35-44,80-119k,Urban,5,1,5.39,6,1,0
Prince Edward Island,55-64,<40k,Rural,3,0,0.06,8,1,0
Prince Edward Island,25-34,40-59k,Urban,0,0,0.61,9,0,0
Saskatchewan,25-34,80-119k,Urban,8,1,3.97,8,1,0
New Brunswick,45-54,40-59k,Urban,6,0,0.74,9,1,0
New Brunswick,25-34,<40k,Rural,8,2,8.19,7,1,0
Newfoundland and Labrador,55-64,<40k,Urban,4,3,13.63,3,1,0
New Brunswick,25-34,<40k,Rural,2,1,4.05,8,0,0
Quebec,55-64,80-119k,Urban,0,5,38.26,2,0,0
Prince Edward Island,18-24,80-119k,Urban,0,1,4.28,9,0,0
Ontario,18-24,<40k,Rural,0,0,1.05,9,0,0
Prince Edward Island,55-64,40-59k,Rural,1,0,0.8,8,0,0
Quebec,45-54,40-59k,Urban,3,0,2.9,8,1,0
Quebec,35-44,60-79k,Urban,4,0,1.61,10,1,0
British Columbia,25-34,60-79k,Urban,1,0,1.83,8,0,0
Prince Edward Island,45-54,60-79k,Urban,3,0,2.21,8,1,0
Nova Scotia,35-44,40-59k,Urban,1,0,1.0,9,0,0
Quebec,65+,<40k,Urban,4,0,2.91,8,1,0
Ontario,65+,80-119k,Urban,10,0,0.46,10,1,0
Saskatchewan,45-54,120k+,Urban,4,0,1.37,9,1,0
Newfoundland and Labrador,35-44,120k+,Rural,0,2,7.73,6,0,0
British Columbia,35-44,<40k,Urban,2,0,2.37,8,0,0
Saskatchewan,45-54,80-119k,Urban,5,2,7.54,7,1,0
British Columbia,25-34,80-119k,Rural,3,3,15.32,5,1,0
Ontario,35-44,120k+,Urban,8,2,7.52,7,1,0
Manitoba,18-24,40-59k,Rural,0,0,1.36,8,0,0
Prince Edward Island,18-24,80-119k,Urban,1,1,4.12,9,0,0
Alberta,25-34,<40k,Urban,1,0,2.71,10,0,0
Nova Scotia,35-44,80-119k,Urban,5,1,3.21,8,1,0
Saskatchewan,55-64,40-59k,Urban,2,0,1.95,9,0,0
Prince Edward Island,35-44,80-119k,Urban,0,1,5.78,7,0,0
Nova Scotia,35-44,80-119k,Urban,1,2,11.44,4,0,0
Manitoba,18-24,40-59k,Urban,2,1,6.51,6,0,1
Alberta,45-54,60-79k,Urban,12,1,6.91,7,1,0
Nova Scotia,25-34,<40k,Urban,1,0,0.76,8,0,0
Nova Scotia,45-54,60-79k,Urban,0,1,4.1,10,0,0
Saskatchewan,65+,40-59k,Urban,2,0,1.19,8,0,0
New Brunswick,25-34,40-59k,Urban,1,0,1.61,8,0,0
Alberta,25-34,120k+,Urban,3,0,1.1,8,1,0
Prince Edward Island,35-44,<40k,Urban,2,0,2.22,10,0,0
Manitoba,65+,80-119k,Urban,4,0,0.03,8,1,0
Alberta,55-64,120k+,Urban,7,1,3.07,10,1,0
Ontario,55-64,120k+,Urban,0,1,5.86,6,0,0
New Brunswick,35-44,80-119k,Urban,5,0,2.65,10,1,0
Ontario,65+,<40k,Urban,8,0,2.33,10,1,0
Manitoba,25-34,80-119k,Urban,1,1,3.47,9,0,0
Saskatchewan,18-24,40-59k,Urban,0,2,11.67,5,0,0
Saskatchewan,55-64,120k+,Urban,5,0,1.57,9,1,0
Manitoba,65+,80-119k,Rural,4,0,2.23,10,1,0
British Columbia,18-24,80-119k,Urban,0,2,8.01,6,0,0
Manitoba,25-34,<40k,Urban,2,0,1.65,9,0,0
New Brunswick,18-24,60-79k,Rural,3,0,0.99,9,1,0
Quebec,25-34,80-119k,Urban,0,3,17.85,3,0,0
Saskatchewan,25-34,80-119k,Urban,4,0,1.42,9,1,0
Newfoundland and Labrador,65+,<40k,Urban,4,1,6.02,7,1,0
New Brunswick,45-54,120k+,Urban,6,0,1.81,9,1,0
New Brunswick,55-64,<40k,Urban,3,0,0.28,9,1,0
New Brunswick,55-64,60-79k,Urban,3,0,1.63,8,1,0
Nova Scotia,45-54,80-119k,Urban,3,0,1.62,8,1,0
New Brunswick,55-64,<40k,Urban,1,1,5.86,6,0,0
Saskatchewan,45-54,<40k,Urban,4,0,0.97,10,1,0
Quebec,25-34,80-119k,Urban,4,1,6.44,6,1,0
Quebec,45-54,40-59k,Urban,6,0,1.87,9,1,0
New Brunswick,45-54,<40k,Urban,5,0,0.12,8,1,0
Ontario,55-64,80-119k,Urban,3,1,5.83,6,1,0
Saskatchewan,65+,80-119k,Urban,0,0,2.72,8,0,0
Saskatchewan,35-44,60-79k,Urban,7,0,2.05,8,1,0
Alberta,55-64,<40k,Urban,1,0,1.14,8,0,0
Prince Edward Island,18-24,<40k,Urban,9,0,1.77,10,1,0
British Columbia,55-64,80-119k,Urban,2,0,0.51,9,0,0
British Columbia,35-44,60-79k,Urban,0,1,5.41,6,0,0
Ontario,18-24,80-119k,Rural,6,1,5.0,7,1,0
British Columbia,35-44,80-119k,Urban,5,1,3.1,10,1,0
Alberta,45-54,60-79k,Urban,5,3,13.93,3,1,0
Manitoba,25-34,<40k,Urban,0,5,27.87,2,0,1
British Columbia,65+,120k+,Urban,6,1,4.56,10,1,0
Saskatchewan,18-24,60-79k,Urban,3,0,0.73,9,1,0
Manitoba,65+,60-79k,Rural,2,2,11.17,4,0,0
British Columbia,45-54,120k+,Urban,7,0,2.09,9,1,0
Saskatchewan,35-44,120k+,Urban,4,0,2.22,8,1,0
Saskatchewan,35-44,60-79k,Urban,0,0,1.08,10,0,0
New Brunswick,55-64,40-59k,Urban,2,5,25.05,2,0,1
Quebec,45-54,120k+,Urban,3,5,28.29,1,1,0
Ontario,45-54,80-119k,Urban,6,2,10.78,5,1,0
Alberta,35-44,60-79k,Urban,1,0,1.81,10,0,0
Nova Scotia,35-44,60-79k,Urban,5,0,1.62,9,1,0
Prince Edward Island,65+,60-79k,Urban,5,0,0.84,10,1,0
British Columbia,25-34,120k+,Rural,0,2,7.38,7,0,0
British Columbia,35-44,60-79k,Urban,0,1,6.14,6,0,0
Manitoba,25-34,80-119k,Urban,3,2,7.19,6,1,0
Manitoba,55-64,80-119k,Urban,5,0,0.18,10,1,0
Prince Edward Island,55-64,80-119k,Urban,3,0,0.88,9,1,0
British Columbia,25-34,80-119k,Urban,5,0,1.72,10,1,0
Newfoundland and Labrador,18-24,80-119k,Urban,3,0,2.98,9,1,0
Alberta,18-24,40-59k,Rural,3,0,0.27,8,1,0
British Columbia,35-44,<40k,Urban,0,0,1.42,10,0,1
Quebec,35-44,80-119k,Urban,0,4,22.21,1,0,0
Prince Edward Island,65+,60-79k,Urban,4,2,11.12,3,1,1
Newfoundland and Labrador,35-44,<40k,Urban,5,1,5.76,7,1,0
Alberta,25-34,<40k,Urban,3,0,2.42,9,1,0
British Columbia,55-64,<40k,Urban,3,0,1.57,9,1,0
Nova Scotia,35-44,80-119k,Urban,3,0,1.3,10,1,0
New Brunswick,45-54,80-119k,Urban,0,0,1.86,8,0,0
Quebec,18-24,40-59k,Urban,4,2,11.5,4,1,0
Nova Scotia,35-44,80-119k,Urban,2,0,1.65,10,0,0
Manitoba,65+,40-59k,Urban,3,0,1.82,8,1,0
Manitoba,45-54,80-119k,Urban,3,0,1.01,10,1,0
British Columbia,35-44,60-79k,Rural,5,1,5.38,6,1,0
Manitoba,45-54,80-119k,Urban,1,3,15.77,3,0,1
Quebec,65+,40-59k,Urban,1,2,10.77,5,0,1
Alberta,25-34,40-59k,Urban,1,0,1.72,8,0,0
Saskatchewan,35-44,80-119k,Urban,5,0,0.59,9,1,0
Ontario,65+,<40k,Rural,2,2,9.91,6,0,0
Prince Edward Island,25-34,120k+,Urban,0,0,0.89,8,0,0
Alberta,45-54,80-119k,Urban,10,0,0.26,8,1,0
Saskatchewan,45-54,60-79k,Urban,2,0,2.48,8,0,0
Newfoundland and Labrador,45-54,80-119k,Rural,0,0,0.2,8,0,1
Quebec,35-44,<40k,Rural,4,0,1.9,8,1,0
Nova Scotia,25-34,60-79k,Rural,4,2,11.94,5,1,1
Saskatchewan,45-54,120k+,Urban,2,0,0.26,10,0,0
Quebec,25-34,40-59k,Urban,3,2,8.1,7,1,0
New Brunswick,35-44,80-119k,Urban,0,2,10.8,4,0,1
Nova Scotia,25-34,60-79k,Urban,1,0,0.29,9,0,0
Manitoba,18-24,80-119k,Urban,0,0,2.5,10,0,0
Manitoba,65+,40-59k,Urban,1,1,3.0,10,0,0
Nova Scotia,35-44,60-79k,Urban,3,2,11.45,3,1,0
Newfoundland and Labrador,65+,120k+,Urban,2,0,0.2,9,0,0
Newfoundland and Labrador,25-34,40-59k,Rural,3,2,11.61,4,1,0
Newfoundland and Labrador,45-54,80-119k,Urban,2,1,6.46,7,0,0
Saskatchewan,25-34,60-79k,Urban,1,5,33.09,1,0,1
Prince Edward Island,55-64,60-79k,Urban,0,2,10.89,4,0,1
Saskatchewan,55-64,60-79k,Urban,1,0,0.22,8,0,1
British Columbia,25-34,60-79k,Urban,0,0,0.41,8,0,0
Ontario,65+,<40k,Rural,4,0,1.11,8,1,0
Nova Scotia,25-34,120k+,Urban,5,0,1.61,8,1,0
Alberta,45-54,80-119k,Rural,4,1,6.47,7,1,0
Ontario,65+,<40k,Rural,3,3,15.26,5,1,0
New Brunswick,55-64,60-79k,Urban,1,4,22.66,2,0,1
Saskatchewan,65+,80-119k,Rural,4,0,2.04,10,1,0
Saskatchewan,35-44,120k+,Rural,3,0,2.63,9,1,0
Quebec,25-34,120k+,Rural,0,1,6.11,6,0,0
Ontario,25-34,120k+,Rural,7,0,2.93,8,1,0
Quebec,35-44,<40k,Rural,0,0,0.06,10,0,0
Alberta,55-64,120k+,Urban,2,2,8.04,6,0,1
Quebec,25-34,120k+,Urban,2,2,11.65,5,0,1
Ontario,45-54,40-59k,Rural,5,3,16.75,3,1,1
Nova Scotia,35-44,40-59k,Urban,7,0,0.8,10,1,0
New Brunswick,35-44,60-79k,Urban,8,1,6.9,6,1,0
Saskatchewan,45-54,80-119k,Urban,3,2,11.35,4,1,0
Alberta,35-44,40-59k,Urban,4,0,0.19,8,1,0
Saskatchewan,55-64,<40k,Urban,0,2,11.06,5,0,1
British Columbia,25-34,<40k,Urban,2,0,2.35,9,0,0
New Brunswick,55-64,60-79k,Urban,6,2,8.11,6,1,0
Prince Edward Island,18-24,40-59k,Urban,2,2,10.35,5,0,0
Quebec,25-34,80-119k,Urban,0,0,2.91,10,0,0
Manitoba,45-54,<40k,Urban,0,1,5.7,6,0,0
Ontario,55-64,120k+,Urban,2,0,2.44,9,0,0
Saskatchewan,25-34,120k+,Urban,1,1,3.4,10,0,0
Quebec,35-44,120k+,Urban,1,1,5.91,7,0,1
Alberta,45-54,80-119k,Urban,1,1,3.82,10,0,1
Saskatchewan,25-34,<40k,Urban,1,5,26.08,1,0,0
Prince Edward Island,55-64,60-79k,Urban,0,0,1.66,9,0,0
New Brunswick,55-64,<40k,Urban,6,0,2.25,9,1,0
New Brunswick,25-34,120k+,Urban,4,3,15.28,5,1,0
Saskatchewan,35-44,40-59k,Rural,3,1,6.73,6,1,0
Alberta,55-64,60-79k,Rural,3,3,16.17,4,1,0
New Brunswick,35-44,80-119k,Urban,1,0,0.35,9,0,0
New Brunswick,45-54,120k+,Urban,5,2,11.67,3,1,0
Prince Edward Island,18-24,80-119k,Urban,7,3,12.92,3,1,1
Ontario,45-54,80-119k,Urban,0,2,10.79,3,0,0
Alberta,25-34,60-79k,Urban,0,3,12.89,3,0,0
Alberta,55-64,60-79k,Urban,4,0,3.0,10,1,0
Nova Scotia,35-44,<40k,Urban,1,0,1.0,10,0,0
Nova Scotia,25-34,120k+,Urban,7,0,1.49,8,1,0
New Brunswick,55-64,60-79k,Rural,4,0,1.4,10,1,0
Manitoba,18-24,<40k,Urban,1,0,0.31,9,0,0
Nova Scotia,35-44,120k+,Urban,2,4,21.46,2,0,1
New Brunswick,35-44,60-79k,Rural,4,1,3.6,8,1,0
Newfoundland and Labrador,25-34,80-119k,Urban,0,2,11.01,5,0,0
British Columbia,65+,80-119k,Rural,6,3,17.75,4,1,0
British Columbia,55-64,80-119k,Urban,0,0,2.42,10,0,0
Alberta,18-24,<40k,Urban,9,0,1.29,9,1,0
Manitoba,45-54,40-59k,Urban,0,0,0.01,10,0,0
Prince Edward Island,45-54,120k+,Urban,4,1,3.15,9,1,0
Ontario,65+,120k+,Urban,0,0,1.49,9,0,0
Nova Scotia,25-34,60-79k,Urban,2,2,10.4,4,0,0
Newfoundland and Labrador,45-54,60-79k,Urban,3,0,2.46,8,1,0
New Brunswick,35-44,<40k,Urban,0,0,1.8,10,0,0
Manitoba,35-44,120k+,Urban,2,0,2.93,8,0,0
Alberta,35-44,40-59k,Urban,1,1,4.98,10,0,0
Nova Scotia,25-34,40-59k,Urban,2,3,15.6,4,0,0
Manitoba,55-64,80-119k,Rural,2,4,19.61,3,0,1
Nova Scotia,35-44,40-59k,Urban,5,3,14.04,4,1,0
Ontario,65+,120k+,Rural,0,0,2.05,8,0,0
Ontario,25-34,<40k,Urban,0,1,5.41,7,0,0
Prince Edward Island,45-54,<40k,Urban,2,0,1.11,10,0,1
British Columbia,65+,60-79k,Urban,6,0,0.34,10,1,0
Quebec,45-54,60-79k,Rural,6,1,4.37,10,1,0
Quebec,55-64,<40k,Urban,3,0,0.13,9,1,0
Nova Scotia,55-64,60-79k,Urban,6,0,1.74,8,1,0
Prince Edward Island,35-44,60-79k,Urban,5,0,0.97,8,1,0
Quebec,45-54,120k+,Rural,1,4,20.66,1,0,1
Alberta,25-34,<40k,Urban,0,1,5.3,6,0,0
Quebec,45-54,120k+,Urban,1,0,1.74,8,0,0
Saskatchewan,25-34,80-119k,Urban,1,3,15.53,3,0,0
New Brunswick,55-64,<40k,Urban,3,4,21.44,1,1,0
Prince Edward Island,45-54,<40k,Urban,3,2,9.44,6,1,0
Alberta,35-44,60-79k,Urban,3,1,6.28,6,1,0
Manitoba,25-34,40-59k,Urban,0,0,1.4,8,0,0
Alberta,65+,40-59k,Urban,5,0,1.61,8,1,0
British Columbia,18-24,40-59k,Rural,2,0,2.96,8,0,0
Manitoba,18-24,80-119k,Urban,2,4,19.27,5,0,0
Newfoundland and Labrador,25-34,60-79k,Urban,12,2,10.63,4,1,0
New Brunswick,65+,<40k,Urban,1,0,1.42,10,0,0
New Brunswick,65+,60-79k,Urban,1,1,6.32,6,0,0
New Brunswick,45-54,80-119k,Rural,4,1,4.62,8,1,0
New Brunswick,55-64,<40k,Urban,6,2,8.51,6,1,0
Nova Scotia,25-34,120k+,Urban,0,0,0.62,10,0,0
New Brunswick,65+,60-79k,Rural,4,1,6.49,7,1,0
New Brunswick,25-34,120k+,Rural,7,0,2.15,9,1,0
New Brunswick,25-34,<40k,Urban,2,0,0.23,9,0,0
Prince Edward Island,25-34,120k+,Urban,1,1,5.85,7,0,1
Nova Scotia,45-54,80-119k,Urban,4,0,0.11,10,1,0
Ontario,55-64,60-79k,Urban,1,1,3.73,10,0,0
Alberta,35-44,60-79k,Urban,1,0,1.78,10,0,0
Alberta,65+,<40k,Urban,6,5,31.95,1,1,1
Manitoba,35-44,120k+,Urban,3,2,11.2,5,1,0
Prince Edward Island,25-34,80-119k,Urban,0,0,1.82,9,0,0
Saskatchewan,35-44,<40k,Rural,1,1,6.86,7,0,0
Alberta,45-54,<40k,Urban,3,0,2.57,8,1,0
Quebec,55-64,<40k,Rural,2,1,4.36,10,0,0
Saskatchewan,35-44,60-79k,Urban,4,0,2.5,8,1,0
New Brunswick,45-54,60-79k,Urban,5,0,2.61,8,1,0
New Brunswick,25-34,60-79k,Rural,2,4,24.79,2,0,0
Nova Scotia,45-54,40-59k,Urban,10,0,0.04,8,1,0
Saskatchewan,65+,60-79k,Urban,7,1,6.5,7,1,0
Quebec,18-24,60-79k,Urban,0,0,0.21,8,0,0
Nova Scotia,55-64,<40k,Urban,1,1,5.11,7,0,1
Manitoba,45-54,40-59k,Urban,1,0,1.24,9,0,0
Saskatchewan,25-34,<40k,Urban,0,0,2.76,9,0,0
Prince Edward Island,65+,120k+,Urban,1,0,1.22,9,0,0
New Brunswick,35-44,80-119k,Urban,2,0,1.79,9,0,0
New Brunswick,35-44,120k+,Rural,0,4,22.84,1,0,1
British Columbia,25-34,40-59k,Rural,0,3,12.11,5,0,0
Nova Scotia,25-34,120k+,Urban,0,3,15.55,5,0,0
Ontario,55-64,60-79k,Urban,0,0,1.55,10,0,0
Ontario,45-54,60-79k,Urban,2,0,1.78,10,0,0
Nova Scotia,65+,40-59k,Urban,1,1,3.3,10,0,0
Prince Edward Island,25-34,80-119k,Rural,7,4,18.39,5,1,0
Newfoundland and Labrador,25-34,120k+,Rural,0,1,3.71,10,0,0
Nova Scotia,18-24,40-59k,Urban,7,0,2.61,10,1,0
Prince Edward Island,35-44,<40k,Urban,0,2,8.78,7,0,1
Manitoba,65+,80-119k,Urban,3,0,1.3,8,1,0
New Brunswick,45-54,120k+,Urban,1,3,14.34,4,0,1
Quebec,25-34,80-119k,Urban,5,4,23.0,1,1,0
Newfoundland and Labrador,55-64,40-59k,Urban,0,4,19.82,5,0,1
Saskatchewan,55-64,60-79k,Urban,8,0,0.21,10,1,0
Newfoundland and Labrador,18-24,40-59k,Urban,0,0,1.13,8,0,0
Quebec,55-64,80-119k,Urban,1,1,5.91,7,0,0
British Columbia,25-34,80-119k,Urban,2,0,2.74,8,0,0
New Brunswick,25-34,60-79k,Urban,4,0,0.15,9,1,0
Ontario,25-34,40-59k,Urban,8,1,6.24,7,1,0
Prince Edward Island,35-44,120k+,Rural,2,0,0.2,10,0,0
Nova Scotia,35-44,80-119k,Urban,4,0,0.99,9,1,0
Nova Scotia,25-34,120k+,Urban,4,0,0.07,9,1,0
Ontario,25-34,60-79k,Urban,3,4,24.38,1,1,0
Newfoundland and Labrador,55-64,80-119k,Urban,4,2,10.53,4,1,0
New Brunswick,65+,80-119k,Urban,0,2,8.85,6,0,1
Alberta,55-64,40-59k,Urban,2,0,1.13,9,0,0
Prince Edward Island,25-34,120k+,Urban,5,1,5.56,6,1,0
Manitoba,25-34,<40k,Urban,2,0,0.27,10,0,0
Quebec,25-34,80-119k,Urban,6,1,3.58,9,1,0
Newfoundland and Labrador,25-34,120k+,Urban,5,1,6.39,6,1,0
Saskatchewan,45-54,40-59k,Urban,6,2,8.01,6,1,0
British Columbia,45-54,80-119k,Urban,0,0,2.18,10,0,0
Nova Scotia,45-54,60-79k,Urban,1,0,0.68,10,0,0
Newfoundland and Labrador,45-54,80-119k,Urban,0,3,12.53,3,0,1
British Columbia,25-34,80-119k,Urban,10,3,17.4,3,1,0
Quebec,35-44,60-79k,Urban,1,0,2.71,8,0,0
Nova Scotia,45-54,80-119k,Rural,1,0,1.82,9,0,1
Nova Scotia,35-44,40-59k,Urban,1,0,1.39,9,0,0
Alberta,25-34,40-59k,Urban,0,0,1.66,8,0,0
Newfoundland and Labrador,35-44,60-79k,Urban,1,2,9.04,6,0,0
New Brunswick,25-34,80-119k,Urban,0,1,6.03,6,0,0
Ontario,18-24,40-59k,Urban,1,0,2.26,10,0,0
Ontario,55-64,80-119k,Urban,9,1,6.28,7,1,0
Manitoba,55-64,40-59k,Rural,4,0,1.57,10,1,0
Saskatchewan,25-34,80-119k,Urban,4,0,2.4,10,1,0
British Columbia,18-24,<40k,Rural,2,0,0.47,8,0,1
Newfoundland and Labrador,55-64,80-119k,Urban,5,0,0.09,10,1,0
Prince Edward Island,25-34,80-119k,Urban,7,2,10.24,4,1,0
Saskatchewan,35-44,120k+,Urban,8,0,0.32,9,1,0
Alberta,18-24,80-119k,Urban,0,1,5.2,7,0,0
Nova Scotia,25-34,80-119k,Urban,6,1,5.88,6,1,0
New Brunswick,55-64,120k+,Urban,1,4,20.85,1,0,0
Newfoundland and Labrador,55-64,80-119k,Urban,1,3,12.26,4,0,0
Saskatchewan,25-34,40-59k,Rural,1,2,11.44,3,0,0
Saskatchewan,35-44,80-119k,Urban,4,0,0.13,9,1,0
New Brunswick,25-34,80-119k,Urban,3,0,2.71,10,1,0
Manitoba,18-24,60-79k,Urban,0,1,3.21,9,0,0
British Columbia,65+,80-119k,Urban,5,0,2.21,9,1,0
British Columbia,45-54,80-119k,Urban,2,0,2.77,10,0,0
Saskatchewan,45-54,120k+,Urban,0,0,2.72,10,0,0
Quebec,55-64,120k+,Urban,2,0,2.68,10,0,0
Saskatchewan,55-64,40-59k,Urban,2,1,6.53,6,0,0
Saskatchewan,55-64,60-79k,Urban,0,1,5.04,6,0,0
New Brunswick,18-24,<40k,Urban,0,2,9.79,7,0,0
Nova Scotia,25-34,40-59k,Urban,11,0,1.86,8,1,0
New Brunswick,45-54,120k+,Urban,6,0,2.69,9,1,0
Newfoundland and Labrador,35-44,40-59k,Rural,0,0,2.51,10,0,0
Saskatchewan,65+,80-119k,Urban,3,4,23.48,1,1,0
British Columbia,45-54,80-119k,Urban,1,0,2.03,8,0,1
Prince Edward Island,65+,80-119k,Urban,3,0,1.86,8,1,0
British Columbia,25-34,40-59k,Urban,2,0,2.77,8,0,0
Ontario,55-64,40-59k,Urban,0,0,0.58,10,0,0
Manitoba,35-44,60-79k,Urban,1,0,0.58,10,0,0
Alberta,65+,40-59k,Urban,0,1,6.93,6,0,1
Newfoundland and Labrador,25-34,120k+,Urban,2,0,1.66,9,0,0
Newfoundland and Labrador,35-44,80-119k,Urban,7,0,1.45,10,1,0
Manitoba,55-64,60-79k,Urban,12,1,6.4,7,1,0
Prince Edward Island,35-44,120k+,Urban,8,0,2.55,9,1,0
Alberta,35-44,40-59k,Urban,10,0,0.53,10,1,0
Nova Scotia,65+,80-119k,Urban,0,0,0.52,9,0,0
Saskatchewan,35-44,40-59k,Urban,4,2,10.98,5,1,0
Alberta,45-54,80-119k,Urban,1,0,2.36,8,0,0
Prince Edward Island,18-24,60-79k,Urban,6,0,0.68,10,1,0
Quebec,55-64,<40k,Urban,5,0,2.52,8,1,0
Ontario,45-54,40-59k,Urban,2,1,4.92,9,0,0
Alberta,35-44,60-79k,Urban,2,2,9.35,7,0,0
Alberta,18-24,80-119k,Urban,1,1,6.94,7,0,1
Ontario,45-54,<40k,Rural,1,2,9.6,7,0,0
Saskatchewan,18-24,80-119k,Urban,10,0,0.41,8,1,0
Alberta,18-24,80-119k,Urban,6,3,13.68,5,1,0
Ontario,45-54,80-119k,Urban,0,0,1.0,8,0,0
Ontario,25-34,80-119k,Urban,1,0,2.88,9,0,0
Ontario,25-34,<40k,Urban,0,1,4.06,8,0,0
New Brunswick,45-54,60-79k,Urban,10,1,4.72,8,1,0
Prince Edward Island,18-24,120k+,Urban,7,0,2.25,8,1,0
New Brunswick,25-34,60-79k,Rural,3,4,19.92,4,1,0
Quebec,25-34,60-79k,Urban,4,1,5.81,7,1,0
Nova Scotia,45-54,80-119k,Urban,4,0,0.62,10,1,0
New Brunswick,45-54,40-59k,Urban,0,0,0.73,10,0,0
New Brunswick,55-64,80-119k,Urban,7,0,2.96,9,1,0
Prince Edward Island,25-34,120k+,Rural,2,4,20.58,2,0,0
Nova Scotia,18-24,<40k,Rural,0,1,5.92,6,0,1
Manitoba,18-24,120k+,Urban,1,1,6.36,6,0,0
Ontario,35-44,40-59k,Urban,3,1,4.39,10,1,0
Newfoundland and Labrador,65+,60-79k,Urban,1,2,8.79,6,0,1
Nova Scotia,25-34,80-119k,Urban,4,1,6.09,7,1,0
Quebec,25-34,80-119k,Urban,6,0,1.82,10,1,0
Saskatchewan,25-34,120k+,Urban,5,1,4.45,8,1,0
Quebec,45-54,120k+,Urban,3,1,6.0,7,1,0
Ontario,45-54,60-79k,Urban,2,4,24.05,1,0,0
Nova Scotia,45-54,80-119k,Urban,1,1,3.94,10,0,0
Quebec,55-64,40-59k,Urban,2,0,0.07,8,0,0
Quebec,35-44,40-59k,Urban,1,0,0.82,8,0,1
Manitoba,25-34,60-79k,Rural,7,0,2.02,9,1,0
Manitoba,25-34,80-119k,Urban,7,1,6.66,7,1,0
Nova Scotia,45-54,60-79k,Urban,0,0,2.59,9,0,0
Ontario,45-54,80-119k,Urban,5,1,3.89,8,1,0
New Brunswick,45-54,80-119k,Rural,4,2,11.41,5,1,0
British Columbia,45-54,<40k,Urban,9,0,2.43,10,1,0
Alberta,45-54,80-119k,Urban,2,1,5.94,6,0,0
Newfoundland and Labrador,55-64,60-79k,Urban,4,0,2.06,9,1,0
Alberta,45-54,60-79k,Urban,2,0,2.42,8,0,0
Prince Edward Island,55-64,80-119k,Urban,0,0,2.59,10,0,0
Manitoba,25-34,60-79k,Rural,0,1,6.28,6,0,0
Nova Scotia,45-54,120k+,Rural,0,4,18.85,4,0,0
Alberta,65+,80-119k,Urban,1,2,10.61,4,0,0
Ontario,35-44,60-79k,Rural,1,0,2.52,9,0,0
Newfoundland and Labrador,55-64,80-119k,Urban,4,0,0.56,8,1,0
Alberta,55-64,<40k,Urban,4,1,3.86,9,1,0
Newfoundland and Labrador,18-24,<40k,Urban,9,0,2.36,8,1,0
Saskatchewan,45-54,<40k,Urban,1,2,8.72,6,0,1
Ontario,25-34,60-79k,Rural,7,0,1.2,8,1,0
British Columbia,65+,40-59k,Urban,3,0,1.13,9,1,0
Quebec,55-64,120k+,Rural,2,0,0.64,8,0,0
Newfoundland and Labrador,25-34,60-79k,Urban,4,2,11.69,4,1,0
Ontario,25-34,80-119k,Urban,4,0,2.42,8,1,0
Newfoundland and Labrador,45-54,40-59k,Urban,0,0,0.75,8,0,0
Newfoundland and Labrador,35-44,40-59k,Urban,4,0,0.32,9,1,0
New Brunswick,18-24,40-59k,Urban,4,0,1.12,8,1,0
New Brunswick,45-54,80-119k,Urban,13,4,20.91,1,1,1
Ontario,35-44,60-79k,Urban,7,0,0.02,8,1,0
New Brunswick,25-34,60-79k,Urban,4,0,2.66,9,1,0
Prince Edward Island,55-64,60-79k,Urban,4,0,2.55,10,1,0
British Columbia,65+,80-119k,Urban,8,0,2.55,9,1,0
Nova Scotia,55-64,<40k,Urban,9,0,2.42,8,1,0
Ontario,55-64,80-119k,Urban,5,0,2.2,9,1,0
Ontario,25-34,60-79k,Urban,5,3,15.81,3,1,0
Prince Edward Island,25-34,80-119k,Urban,0,0,2.88,10,0,0
Manitoba,25-34,40-59k,Urban,5,2,10.56,4,1,0
Manitoba,55-64,60-79k,Rural,1,4,22.41,1,0,0
New Brunswick,65+,40-59k,Rural,3,4,23.52,2,1,1
Nova Scotia,45-54,120k+,Urban,2,0,0.74,10,0,0
New Brunswick,55-64,60-79k,Urban,1,5,39.51,1,0,1
Saskatchewan,45-54,120k+,Urban,1,1,3.08,9,0,0
Saskatchewan,35-44,60-79k,Rural,6,0,1.95,9,1,0
Quebec,35-44,40-59k,Urban,5,3,12.46,4,1,0
Saskatchewan,18-24,60-79k,Urban,2,0,2.56,10,0,0
Manitoba,18-24,<40k,Rural,4,0,2.9,8,1,0
British Columbia,45-54,120k+,Rural,10,2,9.04,7,1,0
Saskatchewan,35-44,80-119k,Urban,1,1,6.43,7,0,1
New Brunswick,45-54,80-119k,Urban,3,3,14.01,5,1,0
Newfoundland and Labrador,45-54,60-79k,Urban,2,2,7.8,7,0,0
Ontario,25-34,60-79k,Urban,7,0,0.83,8,1,0
British Columbia,35-44,120k+,Urban,1,0,0.91,8,0,0
British Columbia,35-44,40-59k,Urban,10,1,5.52,6,1,0
New Brunswick,35-44,80-119k,Urban,1,1,6.18,6,0,0
Ontario,55-64,60-79k,Rural,0,0,0.62,8,0,0
Manitoba,35-44,120k+,Urban,0,0,0.26,9,0,0
British Columbia,45-54,80-119k,Urban,2,0,0.66,9,0,0
Quebec,55-64,120k+,Urban,3,1,4.19,9,1,0
New Brunswick,55-64,60-79k,Urban,2,0,0.84,9,0,1
British Columbia,55-64,40-59k,Rural,1,0,0.66,10,0,0
Nova Scotia,25-34,60-79k,Urban,3,0,1.4,8,1,0
Ontario,18-24,80-119k,Urban,5,0,2.57,8,1,0
Saskatchewan,25-34,80-119k,Urban,5,0,0.3,9,1,0
British Columbia,25-34,<40k,Urban,4,3,17.17,4,1,0
New Brunswick,65+,60-79k,Urban,8,1,4.99,8,1,0
Saskatchewan,45-54,40-59k,Rural,3,0,1.98,10,1,0
Quebec,18-24,120k+,Urban,0,3,16.89,5,0,0
Saskatchewan,25-34,<40k,Urban,1,0,0.91,8,0,0
Nova Scotia,25-34,80-119k,Urban,1,1,6.82,7,0,0
Manitoba,45-54,40-59k,Rural,3,0,0.25,8,1,0
British Columbia,55-64,40-59k,Urban,7,2,9.64,7,1,0
Alberta,55-64,120k+,Urban,5,0,0.76,8,1,0
Alberta,65+,40-59k,Urban,1,0,1.22,8,0,0
Saskatchewan,25-34,<40k,Rural,2,1,4.8,9,0,0
Prince Edward Island,25-34,<40k,Rural,4,1,6.66,6,1,0
Ontario,25-34,60-79k,Urban,10,0,1.32,8,1,0
Alberta,35-44,80-119k,Urban,0,1,5.79,6,0,0
Prince Edward Island,65+,40-59k,Urban,2,0,2.86,10,0,0
Alberta,45-54,80-119k,Urban,10,2,9.47,7,1,0
Prince Edward Island,55-64,<40k,Urban,9,1,4.63,8,1,0
Ontario,35-44,80-119k,Urban,1,0,2.92,10,0,0
Newfoundland and Labrador,18-24,80-119k,Urban,0,3,16.97,4,0,0
Alberta,18-24,120k+,Urban,3,2,11.7,5,1,0
Nova Scotia,45-54,120k+,Urban,6,4,20.78,2,1,1
British Columbia,45-54,40-59k,Urban,1,1,5.79,7,0,1
Prince Edward Island,25-34,40-59k,Urban,7,1,4.0,10,1,0
British Columbia,55-64,80-119k,Urban,1,2,11.33,3,0,0
New Brunswick,55-64,<40k,Urban,3,0,2.8,10,1,0
New Brunswick,35-44,40-59k,Urban,4,3,13.61,5,1,0
Ontario,55-64,<40k,Rural,1,0,0.31,8,0,0
Prince Edward Island,35-44,60-79k,Urban,1,0,0.6,9,0,0
Quebec,45-54,60-79k,Urban,2,0,1.9,8,0,0
New Brunswick,55-64,40-59k,Urban,5,1,4.09,8,1,0
Ontario,65+,<40k,Urban,0,0,1.92,9,0,0
New Brunswick,35-44,80-119k,Urban,3,0,1.05,10,1,0
New Brunswick,35-44,<40k,Urban,4,1,6.67,6,1,0
Quebec,25-34,120k+,Urban,3,0,1.36,8,1,0
Alberta,25-34,40-59k,Urban,7,2,9.49,7,1,0
Saskatchewan,45-54,80-119k,Urban,3,0,1.04,8,1,0
Newfoundland and Labrador,65+,60-79k,Urban,3,0,0.22,9,1,0
New Brunswick,35-44,<40k,Urban,3,0,1.48,8,1,0
New Brunswick,25-34,60-79k,Urban,4,0,2.32,8,1,0
Nova Scotia,25-34,60-79k,Urban,0,0,2.86,9,0,0
Newfoundland and Labrador,35-44,80-119k,Urban,6,0,0.23,10,1,0
Quebec,25-34,80-119k,Urban,0,0,2.39,8,0,0
British Columbia,25-34,<40k,Rural,3,2,8.34,6,1,0
Prince Edward Island,55-64,40-59k,Urban,3,0,2.47,9,1,0
New Brunswick,18-24,40-59k,Urban,0,0,1.03,10,0,0
Saskatchewan,45-54,<40k,Urban,0,0,0.34,9,0,0
Prince Edward Island,55-64,60-79k,Urban,0,0,1.84,9,0,0
Newfoundland and Labrador,25-34,120k+,Urban,1,0,2.68,10,0,0
Prince Edward Island,45-54,60-79k,Urban,6,0,0.54,10,1,0
Alberta,45-54,80-119k,Urban,6,0,0.07,8,1,0
New Brunswick,45-54,80-119k,Urban,0,3,17.3,4,0,0
Prince Edward Island,35-44,80-119k,Urban,1,3,16.19,5,0,1
British Columbia,35-44,40-59k,Urban,6,1,6.23,6,1,0
British Columbia,55-64,80-119k,Urban,1,0,0.18,9,0,0
New Brunswick,55-64,120k+,Rural,12,2,11.45,3,1,1
Manitoba,35-44,<40k,Urban,1,2,9.1,7,0,0
British Columbia,25-34,40-59k,Urban,4,2,11.49,3,1,0
Prince Edward Island,18-24,120k+,Urban,2,0,0.19,9,0,0
Ontario,18-24,80-119k,Urban,0,2,11.42,3,0,1
British Columbia,45-54,40-59k,Urban,1,2,10.37,5,0,0
Newfoundland and Labrador,18-24,60-79k,Urban,4,1,5.22,7,1,0
Manitoba,35-44,60-79k,Urban,1,2,7.31,6,0,0
Prince Edward Island,55-64,60-79k,Rural,3,2,10.44,3,1,0
Quebec,25-34,40-59k,Urban,0,0,1.79,9,0,0
Nova Scotia,55-64,40-59k,Urban,2,2,10.63,5,0,0
Quebec,55-64,80-119k,Rural,2,2,10.58,5,0,0
Alberta,25-34,80-119k,Urban,2,3,14.66,5,0,0
Nova Scotia,55-64,120k+,Urban,0,3,13.23,5,0,1
Alberta,55-64,<40k,Rural,2,0,2.76,8,0,1
Nova Scotia,35-44,80-119k,Urban,4,0,2.78,10,1,0
Nova Scotia,25-34,40-59k,Urban,9,0,0.64,10,1,0
Ontario,45-54,60-79k,Urban,5,3,15.78,4,1,0
Saskatchewan,65+,120k+,Urban,0,0,0.61,10,0,0
Newfoundland and Labrador,45-54,60-79k,Urban,1,0,2.58,9,0,0
Quebec,25-34,40-59k,Urban,0,0,0.29,10,0,0
British Columbia,45-54,<40k,Urban,0,0,2.97,8,0,0
Prince Edward Island,35-44,60-79k,Rural,1,1,5.44,6,0,1
Manitoba,45-54,80-119k,Urban,0,2,7.11,7,0,0
Newfoundland and Labrador,55-64,120k+,Rural,0,0,2.65,9,0,0
Alberta,35-44,80-119k,Rural,1,1,5.74,7,0,0
Ontario,55-64,120k+,Urban,1,1,5.79,7,0,0
Alberta,55-64,80-119k,Urban,0,0,0.83,10,0,0
Saskatchewan,45-54,120k+,Urban,1,0,1.01,8,0,0
Manitoba,25-34,<40k,Urban,4,3,17.49,4,1,1
Ontario,55-64,120k+,Urban,1,0,1.9,8,0,0
Alberta,65+,40-59k,Urban,0,0,0.05,10,0,0
Saskatchewan,25-34,120k+,Urban,0,1,4.31,10,0,0
Prince Edward Island,35-44,<40k,Urban,2,3,15.59,4,0,1
Prince Edward Island,25-34,80-119k,Urban,6,0,0.44,8,1,0
Alberta,55-64,80-119k,Urban,0,1,3.39,8,0,0
Newfoundland and Labrador,55-64,120k+,Urban,3,0,0.18,9,1,0
Manitoba,25-34,80-119k,Urban,3,0,1.89,10,1,0
New Brunswick,55-64,40-59k,Urban,3,0,0.96,10,1,0
Newfoundland and Labrador,25-34,60-79k,Rural,6,0,1.12,8,1,0
Prince Edward Island,55-64,40-59k,Urban,6,0,0.18,9,1,0
Manitoba,35-44,40-59k,Urban,0,1,5.95,6,0,1
Saskatchewan,35-44,40-59k,Urban,1,0,2.3,10,0,0
Ontario,25-34,40-59k,Rural,4,2,11.15,5,1,0
Nova Scotia,25-34,60-79k,Urban,8,5,34.77,1,1,0
Alberta,45-54,120k+,Urban,5,0,2.32,10,1,0
Quebec,45-54,120k+,Urban,0,0,1.73,10,0,0
Manitoba,25-34,<40k,Urban,1,0,1.47,9,0,0
British Columbia,25-34,<40k,Urban,5,1,4.04,9,1,0
Saskatchewan,18-24,40-59k,Urban,2,1,3.21,9,0,1
New Brunswick,55-64,40-59k,Urban,3,0,0.88,10,1,0
Nova Scotia,45-54,<40k,Urban,3,0,2.05,9,1,0
British Columbia,18-24,40-59k,Urban,0,1,6.71,6,0,1
New Brunswick,45-54,60-79k,Urban,6,1,4.02,10,1,0
Quebec,18-24,60-79k,Urban,6,1,5.68,7,1,0
Prince Edward Island,65+,60-79k,Urban,2,4,21.35,1,0,1
Newfoundland and Labrador,65+,40-59k,Urban,3,2,10.14,5,1,0
Alberta,45-54,80-119k,Urban,4,0,0.0,8,1,0
Ontario,65+,80-119k,Urban,0,2,7.61,7,0,0
New Brunswick,55-64,40-59k,Urban,0,0,0.65,10,0,1
Nova Scotia,55-64,<40k,Urban,0,2,11.47,5,0,0
Manitoba,45-54,40-59k,Urban,7,3,12.24,3,1,1
Prince Edward Island,25-34,<40k,Urban,1,0,1.71,10,0,1
Manitoba,25-34,60-79k,Urban,0,0,2.79,8,0,0
Nova Scotia,35-44,<40k,Urban,2,0,1.96,9,0,0
Manitoba,45-54,60-79k,Urban,0,0,1.45,8,0,0
New Brunswick,25-34,40-59k,Urban,0,1,4.54,8,0,0
Saskatchewan,25-34,80-119k,Urban,2,1,5.5,6,0,0
Manitoba,35-44,<40k,Rural,2,0,1.44,9,0,0
Newfoundland and Labrador,25-34,60-79k,Urban,3,0,2.12,9,1,0
Quebec,45-54,<40k,Urban,3,1,5.47,7,1,0
Ontario,65+,<40k,Rural,4,0,1.7,9,1,0
New Brunswick,55-64,80-119k,Urban,2,1,6.83,6,0,0
British Columbia,45-54,80-119k,Urban,3,0,2.51,10,1,0
Nova Scotia,45-54,<40k,Urban,1,1,5.44,6,0,0
Prince Edward Island,35-44,80-119k,Rural,2,1,5.15,7,0,0
New Brunswick,25-34,60-79k,Urban,1,1,5.9,6,0,1
Saskatchewan,55-64,60-79k,Urban,1,0,2.41,9,0,0
Prince Edward Island,25-34,60-79k,Urban,1,2,8.48,7,0,0
Newfoundland and Labrador,18-24,120k+,Urban,0,1,5.67,7,0,0
Nova Scotia,55-64,40-59k,Rural,2,1,3.54,8,0,0
Prince Edward Island,25-34,40-59k,Urban,2,0,1.29,8,0,0
Manitoba,35-44,40-59k,Urban,1,0,2.82,10,0,0
New Brunswick,18-24,80-119k,Urban,9,2,8.63,7,1,0
Quebec,25-34,120k+,Urban,3,0,0.46,9,1,0
Nova Scotia,25-34,80-119k,Rural,6,1,3.58,9,1,0
Alberta,18-24,80-119k,Urban,3,1,4.57,9,1,0
Newfoundland and Labrador,45-54,120k+,Rural,0,1,3.9,9,0,0
Ontario,55-64,80-119k,Urban,9,0,1.28,10,1,0
Nova Scotia,35-44,80-119k,Rural,6,0,2.16,8,1,0
Saskatchewan,55-64,120k+,Urban,2,0,2.66,10,0,0
New Brunswick,25-34,<40k,Rural,1,0,0.33,10,0,0
Manitoba,35-44,80-119k,Urban,1,3,16.61,5,0,1
Ontario,25-34,80-119k,Urban,5,0,0.31,8,1,0
Ontario,45-54,120k+,Urban,0,2,8.9,7,0,0
Newfoundland and Labrador,35-44,120k+,Urban,3,0,2.99,10,1,0
Prince Edward Island,45-54,80-119k,Urban,3,2,7.34,7,1,0
Saskatchewan,55-64,120k+,Urban,0,0,0.07,10,0,0
Prince Edward Island,45-54,60-79k,Urban,4,0,1.0,9,1,0
Manitoba,45-54,<40k,Rural,4,1,6.8,6,1,0
Ontario,65+,<40k,Rural,1,0,0.06,10,0,0
Saskatchewan,25-34,60-79k,Rural,2,0,0.67,9,0,0
Saskatchewan,35-44,60-79k,Urban,5,0,1.81,9,1,0
British Columbia,45-54,60-79k,Urban,2,0,0.7,9,0,0
New Brunswick,45-54,60-79k,Urban,3,2,7.27,7,1,0
Ontario,25-34,120k+,Urban,2,3,12.31,4,0,0
Ontario,35-44,40-59k,Rural,0,0,1.68,8,0,0
Saskatchewan,35-44,80-119k,Rural,13,1,5.25,6,1,0
Prince Edward Island,35-44,120k+,Urban,2,0,2.12,8,0,0
Ontario,25-34,60-79k,Rural,1,0,0.4,10,0,0
Saskatchewan,65+,60-79k,Urban,4,0,1.5,8,1,0
Ontario,55-64,80-119k,Urban,3,1,5.4,7,1,0
Saskatchewan,35-44,80-119k,Rural,1,0,0.67,8,0,1
British Columbia,45-54,40-59k,Urban,6,2,9.74,6,1,0
New Brunswick,55-64,<40k,Urban,0,0,2.12,10,0,0
Saskatchewan,25-34,40-59k,Urban,3,2,11.95,4,1,1
Ontario,25-34,<40k,Urban,2,1,5.39,6,0,0
Manitoba,45-54,40-59k,Urban,1,0,2.58,8,0,0
New Brunswick,55-64,40-59k,Urban,5,1,6.33,7,1,0
British Columbia,18-24,80-119k,Urban,3,0,2.82,8,1,0
Saskatchewan,65+,120k+,Urban,5,0,2.17,10,1,0
Manitoba,35-44,80-119k,Urban,2,0,0.64,10,0,1
Saskatchewan,35-44,120k+,Rural,8,0,0.89,9,1,0
Prince Edward Island,25-34,80-119k,Urban,1,0,2.35,8,0,1
Ontario,25-34,80-119k,Urban,2,0,1.56,9,0,1
Nova Scotia,55-64,60-79k,Urban,7,0,0.75,8,1,0
Newfoundland and Labrador,65+,40-59k,Rural,0,0,1.97,8,0,0
Quebec,35-44,80-119k,Urban,0,3,17.44,5,0,0
Prince Edward Island,65+,120k+,Rural,12,2,8.79,7,1,0
Manitoba,55-64,60-79k,Urban,9,0,1.79,8,1,0
Prince Edward Island,35-44,<40k,Urban,5,1,5.33,6,1,0
Alberta,45-54,80-119k,Urban,2,1,3.51,9,0,1
Saskatchewan,35-44,40-59k,Urban,2,0,0.27,8,0,0
Saskatchewan,45-54,<40k,Urban,1,0,2.67,8,0,0
Quebec,18-24,80-119k,Urban,2,3,17.6,3,0,1
Quebec,45-54,60-79k,Urban,2,1,6.62,6,0,0
Alberta,18-24,80-119k,Urban,0,2,8.98,6,0,0
Ontario,55-64,120k+,Urban,2,1,4.15,8,0,0
Newfoundland and Labrador,55-64,60-79k,Urban,2,1,6.77,6,0,1
Nova Scotia,25-34,60-79k,Urban,4,0,2.65,10,1,0
Nova Scotia,35-44,40-59k,Urban,2,1,6.28,7,0,0
British Columbia,35-44,40-59k,Urban,6,1,4.34,8,1,0
British Columbia,45-54,80-119k,Urban,1,0,1.92,10,0,0
Ontario,25-34,60-79k,Urban,2,1,6.0,7,0,0
British Columbia,45-54,<40k,Urban,3,1,5.3,7,1,0
British Columbia,25-34,<40k,Urban,0,0,1.81,8,0,0
Alberta,18-24,60-79k,Rural,1,0,2.27,10,0,0
Alberta,18-24,60-79k,Urban,4,3,16.6,4,1,0
British Columbia,25-34,80-119k,Urban,2,4,19.68,3,0,1
Prince Edward Island,55-64,60-79k,Urban,7,2,8.95,7,1,0
New Brunswick,65+,<40k,Urban,3,0,2.34,9,1,0
New Brunswick,35-44,60-79k,Rural,0,0,0.78,8,0,0
Ontario,35-44,120k+,Urban,2,0,2.75,10,0,0
Nova Scotia,25-34,<40k,Urban,5,1,6.36,7,1,0
Quebec,45-54,80-119k,Urban,3,2,11.48,5,1,0
Ontario,25-34,60-79k,Urban,6,3,13.78,5,1,0
British Columbia,45-54,80-119k,Urban,4,2,7.53,6,1,0
Alberta,65+,<40k,Urban,0,0,0.3,10,0,0
Saskatchewan,25-34,120k+,Urban,0,0,1.67,8,0,0
Prince Edward Island,55-64,80-119k,Urban,3,3,13.83,5,1,0
Manitoba,18-24,80-119k,Urban,1,2,8.32,6,0,0
Alberta,35-44,40-59k,Urban,3,0,0.67,8,1,0
New Brunswick,25-34,80-119k,Urban,5,0,1.69,8,1,0
Alberta,35-44,80-119k,Urban,3,1,5.19,6,1,0
Prince Edward Island,25-34,40-59k,Urban,2,1,4.69,8,0,0
Quebec,35-44,40-59k,Urban,3,0,0.42,8,1,0
British Columbia,35-44,80-119k,Rural,0,0,2.79,10,0,0
Saskatchewan,25-34,<40k,Urban,4,1,4.71,10,1,0
New Brunswick,45-54,80-119k,Urban,4,0,0.37,10,1,0
New Brunswick,65+,<40k,Urban,2,5,25.56,1,0,0
Newfoundland and Labrador,35-44,40-59k,Urban,1,0,0.46,8,0,0
Nova Scotia,25-34,80-119k,Urban,5,1,4.19,8,1,0
Quebec,25-34,<40k,Urban,2,1,5.52,6,0,0
New Brunswick,55-64,120k+,Urban,0,0,2.91,9,0,0
Nova Scotia,45-54,80-119k,Urban,7,0,0.82,9,1,0
New Brunswick,35-44,80-119k,Urban,5,1,6.16,6,1,0
British Columbia,25-34,80-119k,Urban,3,0,2.73,10,1,0
Nova Scotia,35-44,120k+,Rural,2,0,1.17,8,0,0
Prince Edward Island,25-34,40-59k,Urban,8,0,0.76,8,1,0
Newfoundland and Labrador,65+,80-119k,Urban,5,0,1.47,10,1,0
British Columbia,55-64,40-59k,Urban,2,3,17.38,5,0,0
Prince Edward Island,18-24,60-79k,Urban,3,1,3.04,10,1,0
Saskatchewan,35-44,60-79k,Urban,1,0,1.46,8,0,0
Quebec,25-34,80-119k,Urban,0,4,23.3,2,0,0
Quebec,35-44,<40k,Urban,1,0,1.8,10,0,0
Manitoba,55-64,40-59k,Urban,1,0,1.49,8,0,0
Manitoba,45-54,60-79k,Rural,4,0,1.66,9,1,0
Nova Scotia,35-44,40-59k,Urban,0,1,5.48,6,0,0
Quebec,25-34,80-119k,Rural,5,1,5.73,6,1,0
Nova Scotia,55-64,80-119k,Rural,2,0,1.07,9,0,0
Manitoba,45-54,40-59k,Urban,1,0,1.55,10,0,0
Saskatchewan,35-44,<40k,Urban,1,0,0.82,9,0,0
New Brunswick,25-34,80-119k,Urban,2,1,6.94,6,0,0
Prince Edward Island,35-44,60-79k,Rural,1,2,7.94,7,0,0
Alberta,65+,<40k,Urban,2,0,0.45,10,0,0
Nova Scotia,45-54,40-59k,Urban,4,1,4.08,10,1,0
Saskatchewan,35-44,40-59k,Urban,3,1,6.68,6,1,0
Prince Edward Island,45-54,<40k,Urban,4,1,5.64,7,1,0
Quebec,55-64,60-79k,Urban,4,0,1.37,8,1,0
New Brunswick,35-44,80-119k,Urban,5,0,2.78,10,1,0
Prince Edward Island,25-34,60-79k,Rural,0,1,6.6,7,0,0
Newfoundland and Labrador,45-54,80-119k,Urban,12,2,9.01,7,1,0
Manitoba,45-54,<40k,Rural,2,0,1.69,10,0,0
Prince Edward Island,45-54,60-79k,Urban,4,0,2.72,8,1,0
Alberta,55-64,60-79k,Rural,4,0,0.96,9,1,0
Saskatchewan,35-44,80-119k,Urban,3,0,1.22,9,1,0
New Brunswick,18-24,80-119k,Urban,12,0,2.38,10,1,0
British Columbia,65+,80-119k,Urban,0,0,2.1,10,0,0
Prince Edward Island,35-44,80-119k,Urban,2,0,0.15,10,0,0
Ontario,45-54,<40k,Rural,0,0,0.35,10,0,0
Alberta,45-54,80-119k,Urban,0,1,6.39,7,0,0
Alberta,45-54,80-119k,Urban,4,0,0.09,9,1,0
Ontario,25-34,120k+,Urban,0,1,6.68,7,0,0
Newfoundland and Labrador,55-64,80-119k,Urban,6,0,0.82,9,1,0
British Columbia,55-64,80-119k,Urban,3,0,1.8,9,1,0
Manitoba,45-54,60-79k,Urban,2,0,1.69,9,0,0
Saskatchewan,35-44,80-119k,Urban,1,1,4.59,10,0,0
New Brunswick,25-34,120k+,Urban,0,2,7.16,7,0,1
Saskatchewan,18-24,80-119k,Rural,7,0,0.58,8,1,0
British Columbia,35-44,60-79k,Urban,4,0,1.84,10,1,0
Saskatchewan,25-34,<40k,Urban,1,0,1.34,10,0,0
Ontario,65+,80-119k,Urban,0,1,4.66,10,0,1
Alberta,55-64,80-119k,Urban,1,0,0.29,8,0,0
Saskatchewan,45-54,80-119k,Urban,0,1,4.39,9,0,0
Nova Scotia,35-44,<40k,Urban,5,1,5.11,7,1,0
Prince Edward Island,25-34,80-119k,Rural,4,2,7.39,6,1,0
British Columbia,65+,40-59k,Urban,2,5,26.0,1,0,1
Newfoundland and Labrador,35-44,80-119k,Urban,6,3,14.95,5,1,0
Nova Scotia,25-34,40-59k,Urban,0,1,5.25,7,0,0
Ontario,35-44,80-119k,Urban,2,3,13.55,5,0,0
Quebec,55-64,40-59k,Rural,4,0,0.98,8,1,0
Ontario,55-64,<40k,Rural,0,0,2.39,9,0,0
Newfoundland and Labrador,18-24,80-119k,Urban,1,0,2.61,10,0,0
Newfoundland and Labrador,55-64,<40k,Urban,3,4,20.28,1,1,1
Nova Scotia,25-34,80-119k,Urban,1,1,4.42,8,0,0
Prince Edward Island,18-24,120k+,Urban,2,0,2.49,8,0,0
British Columbia,55-64,120k+,Urban,3,1,6.9,6,1,0
Manitoba,55-64,40-59k,Urban,1,0,0.96,9,0,0
Alberta,45-54,80-119k,Urban,0,0,2.37,8,0,0
Nova Scotia,45-54,40-59k,Urban,0,0,1.44,10,0,0
Newfoundland and Labrador,55-64,120k+,Urban,2,0,0.79,8,0,0
Quebec,55-64,80-119k,Urban,0,0,2.05,9,0,0
New Brunswick,55-64,<40k,Urban,6,1,4.85,9,1,0
Newfoundland and Labrador,45-54,60-79k,Urban,5,1,4.07,10,1,0
Prince Edward Island,65+,40-59k,Urban,1,0,0.32,10,0,1
Prince Edward Island,65+,80-119k,Urban,5,0,2.6,10,1,0
Newfoundland and Labrador,25-34,60-79k,Urban,2,2,11.39,5,0,0
Prince Edward Island,55-64,80-119k,Urban,0,4,18.52,3,0,0
Nova Scotia,35-44,60-79k,Urban,3,3,15.98,3,1,0
Newfoundland and Labrador,35-44,120k+,Urban,4,0,0.49,8,1,0
Newfoundland and Labrador,45-54,120k+,Urban,0,0,1.94,10,0,0
British Columbia,18-24,60-79k,Urban,1,0,2.72,10,0,0
Alberta,35-44,80-119k,Urban,0,0,0.78,10,0,1
Quebec,55-64,80-119k,Urban,1,1,4.39,8,0,0
Prince Edward Island,25-34,120k+,Urban,1,0,2.39,8,0,0
British Columbia,35-44,<40k,Urban,3,3,16.41,5,1,0
Manitoba,65+,40-59k,Urban,0,2,9.04,6,0,1
Manitoba,35-44,40-59k,Urban,0,0,2.55,8,0,0
Saskatchewan,35-44,60-79k,Urban,1,1,6.68,6,0,1
Nova Scotia,35-44,<40k,Rural,5,0,1.36,8,1,0
Nova Scotia,35-44,60-79k,Urban,2,1,3.16,8,0,0
Ontario,45-54,80-119k,Urban,2,2,9.55,6,0,0
Quebec,55-64,60-79k,Rural,2,0,2.22,10,0,0
Newfoundland and Labrador,35-44,80-119k,Urban,4,1,3.88,10,1,0
Prince Edward Island,55-64,<40k,Urban,2,0,0.3,9,0,0
Quebec,45-54,120k+,Urban,0,0,0.86,9,0,0
Saskatchewan,35-44,120k+,Rural,0,1,3.05,10,0,0
Ontario,45-54,60-79k,Urban,0,0,2.15,9,0,1
British Columbia,45-54,120k+,Rural,2,0,0.44,8,0,0
Quebec,45-54,<40k,Urban,0,0,2.17,8,0,1
British Columbia,18-24,80-119k,Rural,1,0,0.7,8,0,0
Manitoba,25-34,<40k,Rural,3,1,6.97,7,1,0
Prince Edward Island,25-34,60-79k,Urban,1,5,32.98,1,0,1
Saskatchewan,25-34,40-59k,Urban,4,0,0.12,8,1,0
Newfoundland and Labrador,45-54,60-79k,Urban,1,0,2.32,8,0,0
Prince Edward Island,18-24,40-59k,Urban,10,0,1.23,8,1,0
Alberta,55-64,80-119k,Rural,9,0,1.82,8,1,0
Nova Scotia,25-34,40-59k,Urban,5,0,2.85,9,1,0
Saskatchewan,25-34,80-119k,Urban,8,1,5.07,7,1,0
Quebec,45-54,80-119k,Urban,0,3,16.83,5,0,0
Prince Edward Island,25-34,40-59k,Urban,4,2,8.51,7,1,0
New Brunswick,55-64,40-59k,Urban,1,0,2.14,8,0,0
Nova Scotia,18-24,80-119k,Urban,4,0,0.3,8,1,0
Nova Scotia,35-44,40-59k,Urban,1,0,2.68,8,0,0
New Brunswick,55-64,60-79k,Urban,1,0,0.6,9,0,1
Ontario,45-54,80-119k,Rural,8,1,4.21,10,1,0
Ontario,25-34,40-59k,Urban,0,0,2.87,9,0,0
New Brunswick,35-44,40-59k,Urban,4,0,0.47,8,1,0
Alberta,45-54,60-79k,Urban,4,0,0.76,9,1,0
Manitoba,65+,40-59k,Urban,1,3,15.48,4,0,0
New Brunswick,55-64,40-59k,Urban,2,0,2.94,9,0,0
Manitoba,35-44,<40k,Urban,0,2,10.46,4,0,0
Prince Edward Island,65+,40-59k,Urban,7,0,0.34,8,1,0
Alberta,18-24,40-59k,Urban,9,1,5.99,6,1,0
Saskatchewan,18-24,120k+,Urban,4,0,1.28,9,1,0
Manitoba,55-64,60-79k,Urban,6,1,6.97,6,1,0
Nova Scotia,25-34,80-119k,Urban,0,2,10.14,4,0,0
Prince Edward Island,18-24,<40k,Rural,1,0,1.6,10,0,0
Nova Scotia,25-34,<40k,Urban,1,0,1.67,10,0,0
Alberta,35-44,80-119k,Urban,3,0,1.92,8,1,0
Manitoba,55-64,80-119k,Rural,0,1,5.93,6,0,0
British Columbia,45-54,40-59k,Rural,3,1,3.31,8,1,0
Alberta,25-34,60-79k,Urban,3,1,3.52,9,1,0
Alberta,35-44,60-79k,Urban,0,1,4.2,10,0,0
British Columbia,65+,80-119k,Urban,0,0,1.43,10,0,0
Prince Edward Island,55-64,<40k,Urban,0,1,4.24,8,0,0
Manitoba,35-44,60-79k,Urban,5,0,0.64,10,1,0
Manitoba,65+,80-119k,Urban,1,0,2.78,8,0,0
Nova Scotia,45-54,120k+,Urban,1,0,0.1,8,0,0
Alberta,18-24,80-119k,Urban,5,1,6.75,6,1,0
Alberta,18-24,40-59k,Rural,0,2,11.54,5,0,1
Newfoundland and Labrador,25-34,80-119k,Urban,2,1,5.74,7,0,0
Saskatchewan,55-64,80-119k,Urban,4,0,0.1,8,1,0
Alberta,25-34,80-119k,Urban,3,0,0.68,9,1,0
Quebec,35-44,80-119k,Urban,3,0,2.94,9,1,0
Saskatchewan,18-24,120k+,Rural,0,0,2.72,10,0,0
Quebec,65+,<40k,Urban,0,1,6.86,6,0,1
Manitoba,35-44,<40k,Urban,3,0,2.99,10,1,0
Saskatchewan,65+,80-119k,Urban,0,0,0.19,9,0,0
Alberta,65+,40-59k,Urban,6,1,5.28,7,1,0
British Columbia,18-24,<40k,Urban,1,0,2.5,10,0,0
Nova Scotia,35-44,60-79k,Urban,2,1,4.28,10,0,0
Quebec,18-24,80-119k,Urban,1,1,4.74,8,0,0
Saskatchewan,65+,<40k,Urban,6,2,8.42,7,1,0
Alberta,35-44,80-119k,Urban,3,0,0.11,10,1,0
Saskatchewan,18-24,<40k,Urban,2,0,0.22,8,0,0
Alberta,25-34,<40k,Urban,3,2,7.11,7,1,0
Alberta,35-44,40-59k,Urban,1,0,1.58,8,0,0
Alberta,65+,<40k,Urban,2,3,15.71,5,0,0
Newfoundland and Labrador,45-54,80-119k,Urban,1,0,0.92,8,0,0
Nova Scotia,55-64,80-119k,Urban,2,1,6.3,6,0,0
British Columbia,35-44,80-119k,Urban,1,0,2.66,9,0,0
British Columbia,18-24,40-59k,Urban,0,0,0.42,8,0,0
Saskatchewan,65+,60-79k,Urban,0,3,12.31,5,0,0
Saskatchewan,18-24,40-59k,Urban,0,1,4.28,10,0,0
Alberta,65+,40-59k,Rural,1,1,5.85,6,0,0
Newfoundland and Labrador,35-44,60-79k,Urban,6,0,1.52,8,1,0
Alberta,18-24,80-119k,Urban,3,3,14.93,4,1,0
Newfoundland and Labrador,45-54,<40k,Rural,8,1,3.61,10,1,0
Alberta,65+,40-59k,Urban,1,0,1.05,10,0,0
Quebec,65+,120k+,Urban,2,0,2.88,8,0,0
Quebec,25-34,60-79k,Urban,4,0,1.02,8,1,0
Manitoba,25-34,120k+,Urban,3,0,1.77,9,1,0
Alberta,45-54,120k+,Urban,2,3,12.35,3,0,0
Nova Scotia,45-54,60-79k,Rural,3,0,0.19,8,1,0
Manitoba,55-64,40-59k,Urban,3,0,1.27,9,1,0
Saskatchewan,25-34,80-119k,Urban,5,0,1.81,8,1,0
Prince Edward Island,65+,<40k,Urban,4,0,1.12,10,1,0
Alberta,45-54,40-59k,Urban,8,0,0.54,10,1,0
Quebec,55-64,80-119k,Urban,8,0,2.21,9,1,0
Prince Edward Island,45-54,60-79k,Urban,2,0,0.42,9,0,0
Newfoundland and Labrador,35-44,40-59k,Urban,0,1,5.67,7,0,1
Prince Edward Island,65+,80-119k,Urban,0,0,2.87,8,0,0
Nova Scotia,45-54,80-119k,Rural,0,3,14.82,3,0,1
Alberta,55-64,<40k,Urban,0,0,0.6,10,0,0
British Columbia,65+,40-59k,Urban,1,0,2.53,9,0,1
Prince Edward Island,45-54,40-59k,Urban,0,3,15.03,4,0,1
British Columbia,45-54,40-59k,Urban,3,0,2.77,9,1,0
Newfoundland and Labrador,18-24,80-119k,Urban,0,0,2.16,10,0,1
Manitoba,18-24,80-119k,Urban,2,0,1.29,9,0,0
British Columbia,25-34,80-119k,Urban,0,1,5.47,6,0,0
Manitoba,25-34,<40k,Urban,5,0,0.51,9,1,0
Quebec,25-34,<40k,Rural,5,1,4.55,10,1,0
Alberta,25-34,40-59k,Urban,1,0,1.78,10,0,0
Prince Edward Island,35-44,40-59k,Urban,7,0,1.77,8,1,0
Quebec,35-44,<40k,Urban,0,2,9.94,7,0,0
Quebec,18-24,60-79k,Urban,5,0,2.23,10,1,0
New Brunswick,18-24,<40k,Rural,3,0,0.32,9,1,0
Ontario,45-54,80-119k,Urban,1,1,3.29,9,0,0
Nova Scotia,45-54,80-119k,Urban,0,3,12.89,5,0,0
Manitoba,35-44,60-79k,Urban,0,1,6.17,6,0,0
New Brunswick,45-54,<40k,Urban,6,0,0.19,8,1,0
Ontario,55-64,120k+,Urban,3,4,19.58,5,1,0
Nova Scotia,35-44,120k+,Rural,1,0,0.76,8,0,0
Manitoba,45-54,40-59k,Urban,2,5,34.71,2,0,1
Alberta,65+,80-119k,Urban,0,0,1.2,8,0,0
Nova Scotia,55-64,80-119k,Urban,0,5,27.98,1,0,1
Prince Edward Island,35-44,60-79k,Rural,7,0,1.35,9,1,0
Quebec,45-54,40-59k,Urban,2,1,5.74,7,0,0
Ontario,25-34,60-79k,Urban,1,1,6.14,7,0,0
Ontario,45-54,60-79k,Urban,8,1,3.5,10,1,0
Ontario,65+,60-79k,Urban,2,2,10.57,5,0,0
Manitoba,35-44,120k+,Urban,1,0,0.01,9,0,1
Prince Edward Island,65+,80-119k,Rural,1,0,2.17,8,0,0
Nova Scotia,35-44,40-59k,Urban,3,0,1.98,8,1,0
Quebec,65+,60-79k,Urban,3,1,4.87,8,1,0
Prince Edward Island,45-54,80-119k,Urban,0,1,3.55,8,0,0
New Brunswick,18-24,<40k,Urban,3,0,2.29,8,1,0
Alberta,45-54,40-59k,Urban,5,0,0.22,8,1,0
British Columbia,25-34,120k+,Urban,3,0,2.69,9,1,0
Prince Edward Island,18-24,60-79k,Urban,6,1,6.09,7,1,0
New Brunswick,55-64,40-59k,Urban,1,2,10.7,5,0,0
Quebec,25-34,<40k,Urban,0,0,2.26,9,0,0
British Columbia,55-64,60-79k,Urban,4,3,12.41,5,1,0
British Columbia,25-34,60-79k,Urban,0,3,17.94,4,0,0
Prince Edward Island,25-34,40-59k,Urban,0,0,2.58,10,0,0
Ontario,65+,80-119k,Urban,0,0,1.52,10,0,0
Saskatchewan,35-44,<40k,Rural,5,1,5.88,7,1,0
Quebec,45-54,<40k,Urban,0,1,5.96,6,0,0
Ontario,45-54,60-79k,Urban,1,1,6.32,6,0,0
Quebec,45-54,<40k,Urban,0,0,0.77,9,0,0
Saskatchewan,65+,120k+,Urban,4,0,1.12,10,1,0
Alberta,45-54,<40k,Urban,2,0,2.4,8,0,0
Saskatchewan,35-44,80-119k,Urban,0,0,2.31,10,0,0
Newfoundland and Labrador,55-64,40-59k,Urban,4,1,5.09,7,1,0
Prince Edward Island,25-34,40-59k,Urban,4,0,1.19,8,1,0
Prince Edward Island,45-54,80-119k,Urban,2,2,11.84,5,0,0
New Brunswick,65+,60-79k,Urban,1,0,1.25,8,0,0
Ontario,45-54,80-119k,Urban,3,0,2.29,10,1,0
New Brunswick,55-64,60-79k,Urban,7,2,9.06,6,1,0
Newfoundland and Labrador,45-54,60-79k,Urban,0,0,0.93,10,0,0
Saskatchewan,55-64,80-119k,Urban,1,0,1.92,9,0,0
Prince Edward Island,65+,60-79k,Urban,1,5,37.11,1,0,1
Manitoba,25-34,60-79k,Urban,3,0,2.94,8,1,0
Saskatchewan,25-34,80-119k,Rural,3,0,0.45,8,1,0
Saskatchewan,35-44,120k+,Urban,0,0,2.63,10,0,0
Newfoundland and Labrador,45-54,40-59k,Urban,0,2,9.62,6,0,0
Alberta,25-34,60-79k,Urban,7,1,3.43,10,1,0
Quebec,18-24,<40k,Urban,4,0,2.38,8,1,0
Newfoundland and Labrador,35-44,40-59k,Urban,7,3,13.99,4,1,0
Quebec,65+,60-79k,Urban,5,0,2.6,9,1,0
Prince Edward Island,45-54,80-119k,Urban,2,5,27.37,2,0,1
Newfoundland and Labrador,35-44,60-79k,Urban,0,0,2.13,9,0,0
Quebec,25-34,80-119k,Rural,3,0,0.9,8,1,0
New Brunswick,35-44,<40k,Urban,1,0,0.77,8,0,0
Newfoundland and Labrador,25-34,60-79k,Urban,2,0,0.15,9,0,0
Prince Edward Island,25-34,120k+,Urban,2,0,1.45,9,0,1
Newfoundland and Labrador,65+,40-59k,Urban,7,0,1.17,8,1,0
Prince Edward Island,65+,<40k,Rural,0,0,0.19,8,0,0
Newfoundland and Labrador,25-34,60-79k,Urban,0,0,0.68,8,0,0
Quebec,18-24,80-119k,Urban,3,4,21.41,1,1,1
Alberta,35-44,60-79k,Urban,6,0,2.42,8,1,0
Nova Scotia,35-44,60-79k,Urban,7,0,2.79,8,1,0
Quebec,25-34,80-119k,Urban,3,1,5.06,7,1,0
Ontario,25-34,40-59k,Urban,0,1,4.61,8,0,0
British Columbia,25-34,80-119k,Urban,1,2,11.77,5,0,0
Alberta,55-64,<40k,Rural,7,2,11.81,3,1,0
New Brunswick,45-54,40-59k,Urban,2,4,19.33,3,0,1
Saskatchewan,45-54,80-119k,Urban,4,2,9.66,7,1,0
Quebec,35-44,80-119k,Urban,1,2,11.1,4,0,0
Newfoundland and Labrador,65+,80-119k,Rural,0,0,2.47,8,0,0
Quebec,65+,80-119k,Urban,3,1,5.74,6,1,0
Manitoba,25-34,40-59k,Rural,5,0,1.41,10,1,0
Alberta,25-34,<40k,Urban,11,0,1.21,9,1,0
Nova Scotia,45-54,40-59k,Urban,6,0,2.42,9,1,0
New Brunswick,18-24,80-119k,Urban,3,0,0.68,8,1,0
Manitoba,35-44,80-119k,Rural,3,0,1.29,8,1,0
Prince Edward Island,45-54,120k+,Urban,5,0,1.7,10,1,0
Manitoba,45-54,<40k,Urban,0,0,2.5,10,0,1
Quebec,35-44,60-79k,Urban,8,0,1.12,10,1,0
New Brunswick,45-54,80-119k,Urban,2,3,15.29,5,0,1
Quebec,65+,80-119k,Urban,8,0,0.84,10,1,0
Prince Edward Island,25-34,80-119k,Urban,5,0,2.51,8,1,0
Saskatchewan,45-54,80-119k,Rural,0,0,2.36,8,0,1
New Brunswick,18-24,40-59k,Rural,0,3,16.92,4,0,1
Saskatchewan,18-24,<40k,Urban,1,4,18.4,4,0,0
Alberta,45-54,40-59k,Urban,1,3,14.92,4,0,0
Alberta,25-34,<40k,Urban,2,0,0.41,8,0,0
Saskatchewan,18-24,40-59k,Urban,3,0,2.02,9,1,0
Alberta,25-34,<40k,Urban,2,4,20.18,2,0,1
New Brunswick,45-54,40-59k,Urban,0,0,2.32,10,0,0
Newfoundland and Labrador,45-54,80-119k,Rural,9,0,0.2,10,1,0
Ontario,25-34,120k+,Urban,2,0,1.54,9,0,1
Alberta,45-54,80-119k,Urban,6,4,18.87,5,1,0
Alberta,25-34,40-59k,Urban,0,0,1.67,9,0,0
Quebec,45-54,<40k,Urban,5,3,15.64,5,1,0
Saskatchewan,35-44,40-59k,Urban,0,0,1.39,8,0,0
British Columbia,45-54,120k+,Urban,4,2,8.4,6,1,0
Nova Scotia,65+,60-79k,Rural,4,0,0.1,8,1,0
Manitoba,65+,40-59k,Urban,7,0,1.99,9,1,0
Alberta,18-24,80-119k,Urban,1,1,6.48,7,0,0
Manitoba,55-64,40-59k,Urban,0,0,2.2,9,0,0
New Brunswick,18-24,120k+,Urban,6,1,6.57,6,1,0
British Columbia,65+,40-59k,Urban,1,4,24.51,2,0,0
Nova Scotia,25-34,40-59k,Urban,1,0,1.35,9,0,0
Saskatchewan,35-44,60-79k,Urban,2,0,2.09,8,0,0
Ontario,18-24,120k+,Urban,0,1,4.59,9,0,0
Nova Scotia,25-34,80-119k,Urban,1,3,17.52,5,0,0
Nova Scotia,55-64,60-79k,Urban,1,2,9.81,7,0,0
Ontario,65+,40-59k,Urban,1,0,2.26,8,0,0
Newfoundland and Labrador,45-54,60-79k,Rural,2,1,3.06,8,0,0
Saskatchewan,45-54,120k+,Urban,1,0,1.73,10,0,0
Quebec,55-64,60-79k,Urban,5,0,2.23,9,1,0
Manitoba,25-34,80-119k,Urban,7,1,4.03,8,1,0
Alberta,18-24,60-79k,Urban,0,2,7.07,7,0,1
Nova Scotia,18-24,60-79k,Urban,5,0,2.23,8,1,0
New Brunswick,35-44,60-79k,Urban,7,1,4.35,9,1,0
Ontario,25-34,80-119k,Rural,4,0,1.29,10,1,0
Manitoba,18-24,80-119k,Urban,12,0,1.69,9,1,0
British Columbia,25-34,60-79k,Urban,1,3,12.66,5,0,0
Ontario,25-34,60-79k,Urban,5,0,0.31,9,1,0
British Columbia,65+,40-59k,Urban,4,0,2.88,8,1,0
Saskatchewan,25-34,<40k,Rural,1,2,8.69,7,0,0
Nova Scotia,45-54,120k+,Urban,4,1,4.02,9,1,0
New Brunswick,45-54,40-59k,Urban,2,1,3.19,8,0,0
Alberta,45-54,80-119k,Urban,0,3,13.04,3,0,0
British Columbia,18-24,80-119k,Urban,0,0,1.29,10,0,0
Manitoba,25-34,80-119k,Urban,4,0,1.03,10,1,0
Newfoundland and Labrador,18-24,120k+,Urban,4,1,4.7,9,1,0
Saskatchewan,35-44,80-119k,Urban,2,0,2.11,9,0,0
Newfoundland and Labrador,25-34,120k+,Rural,2,2,10.21,3,0,0
Saskatchewan,45-54,<40k,Urban,0,1,4.97,8,0,0
Quebec,45-54,80-119k,Urban,2,1,6.26,7,0,0
Manitoba,45-54,80-119k,Rural,6,2,11.29,4,1,0
Newfoundland and Labrador,35-44,40-59k,Urban,6,0,1.77,9,1,0
New Brunswick,35-44,80-119k,Urban,4,1,3.47,10,1,0
Nova Scotia,55-64,80-119k,Urban,13,2,9.03,7,1,0
Ontario,25-34,80-119k,Urban,6,2,10.17,3,1,1
Alberta,55-64,40-59k,Urban,0,0,0.19,9,0,0
Nova Scotia,55-64,80-119k,Urban,2,0,0.06,8,0,0
Nova Scotia,35-44,40-59k,Urban,0,0,2.85,8,0,0
Saskatchewan,25-34,80-119k,Urban,2,2,10.65,5,0,1
New Brunswick,35-44,60-79k,Urban,5,0,0.46,8,1,0
Saskatchewan,18-24,60-79k,Urban,0,1,4.78,10,0,0
Prince Edward Island,18-24,60-79k,Urban,6,0,0.58,9,1,0
British Columbia,25-34,<40k,Urban,3,1,3.04,8,1,0
Alberta,25-34,<40k,Urban,4,0,1.18,9,1,0
British Columbia,35-44,<40k,Urban,0,3,15.89,4,0,0
Ontario,55-64,60-79k,Rural,0,2,11.77,3,0,0
Prince Edward Island,25-34,80-119k,Urban,3,0,2.31,9,1,0
Manitoba,65+,<40k,Urban,5,1,3.92,8,1,0
Ontario,65+,<40k,Urban,6,1,4.34,8,1,0
Ontario,65+,60-79k,Urban,4,2,9.6,7,1,0
Quebec,55-64,80-119k,Urban,0,2,7.96,6,0,1
Alberta,35-44,<40k,Urban,0,5,37.49,1,0,0
Saskatchewan,18-24,40-59k,Urban,6,0,0.5,10,1,0
New Brunswick,45-54,40-59k,Urban,0,0,0.87,9,0,0
British Columbia,45-54,40-59k,Urban,4,1,5.31,7,1,0
Ontario,55-64,40-59k,Rural,2,2,7.62,6,0,0
British Columbia,65+,40-59k,Urban,2,0,1.87,9,0,1
British Columbia,35-44,80-119k,Urban,2,0,2.83,9,0,0
Manitoba,35-44,60-79k,Urban,8,2,10.46,3,1,1
Alberta,25-34,<40k,Rural,6,2,11.06,4,1,1
Alberta,18-24,80-119k,Urban,6,0,1.32,8,1,0
Newfoundland and Labrador,35-44,60-79k,Urban,2,2,8.83,6,0,1
Nova Scotia,45-54,120k+,Urban,0,0,0.99,9,0,0
Alberta,55-64,40-59k,Rural,13,0,1.98,10,1,0
British Columbia,35-44,80-119k,Urban,0,0,1.56,10,0,0
Saskatchewan,65+,80-119k,Urban,2,3,14.83,5,0,1
British Columbia,45-54,40-59k,Urban,1,1,3.4,8,0,0
Saskatchewan,55-64,120k+,Rural,2,0,2.02,9,0,0
Newfoundland and Labrador,25-34,60-79k,Urban,1,0,2.18,8,0,0
Saskatchewan,55-64,80-119k,Rural,6,1,3.78,9,1,0
Alberta,45-54,<40k,Urban,9,1,6.04,6,1,0
Manitoba,25-34,40-59k,Urban,2,5,38.19,2,0,1
Saskatchewan,25-34,60-79k,Urban,0,2,7.87,6,0,0
British Columbia,65+,40-59k,Urban,4,0,1.36,10,1,0
New Brunswick,18-24,60-79k,Urban,1,1,6.5,6,0,1
Alberta,35-44,40-59k,Rural,10,0,1.46,10,1,0
New Brunswick,25-34,80-119k,Urban,0,4,23.71,2,0,0
Prince Edward Island,45-54,60-79k,Urban,0,0,0.65,9,0,0
Prince Edward Island,55-64,<40k,Urban,4,0,0.19,10,1,0
British Columbia,35-44,80-119k,Urban,4,0,0.18,9,1,0
Prince Edward Island,35-44,60-79k,Urban,2,0,2.92,8,0,0
Nova Scotia,65+,40-59k,Urban,1,0,0.49,9,0,0
Newfoundland and Labrador,55-64,<40k,Urban,1,0,2.59,9,0,0
Alberta,55-64,40-59k,Urban,1,0,0.95,8,0,1
New Brunswick,35-44,40-59k,Urban,1,0,0.12,10,0,0
British Columbia,25-34,120k+,Urban,6,3,13.45,3,1,0
Nova Scotia,35-44,60-79k,Urban,0,0,1.52,10,0,0
British Columbia,45-54,<40k,Urban,2,4,18.75,3,0,1
Nova Scotia,25-34,<40k,Urban,4,0,2.77,10,1,0
Prince Edward Island,25-34,<40k,Urban,0,0,2.7,8,0,0
Prince Edward Island,18-24,60-79k,Urban,6,1,3.6,9,1,0
Saskatchewan,35-44,40-59k,Urban,4,0,2.21,8,1,0
Quebec,55-64,60-79k,Urban,0,0,1.38,8,0,0
British Columbia,18-24,40-59k,Rural,6,3,17.89,5,1,0
Saskatchewan,45-54,80-119k,Urban,2,0,0.17,10,0,0
Alberta,65+,40-59k,Urban,3,0,1.41,9,1,0
Saskatchewan,25-34,60-79k,Urban,6,2,8.43,6,1,0
Ontario,45-54,80-119k,Urban,6,0,2.18,9,1,0
Prince Edward Island,65+,60-79k,Urban,2,1,3.44,10,0,0
Ontario,65+,80-119k,Urban,1,0,1.88,8,0,0
British Columbia,25-34,80-119k,Urban,1,0,2.84,9,0,0
New Brunswick,25-34,60-79k,Urban,5,0,1.36,9,1,0
New Brunswick,25-34,60-79k,Urban,7,3,14.73,5,1,0
Alberta,45-54,120k+,Urban,0,0,1.49,8,0,0
Saskatchewan,55-64,80-119k,Urban,0,0,1.25,10,0,0
New Brunswick,45-54,120k+,Urban,5,0,1.34,10,1,0
Nova Scotia,35-44,<40k,Rural,1,0,1.39,8,0,0
Nova Scotia,25-34,60-79k,Urban,1,0,2.99,8,0,0
Alberta,45-54,120k+,Urban,0,0,0.35,10,0,0
Newfoundland and Labrador,35-44,40-59k,Urban,1,1,4.14,10,0,0
Prince Edward Island,55-64,120k+,Urban,9,3,13.26,3,1,0
Saskatchewan,35-44,<40k,Urban,9,0,1.63,9,1,0
British Columbia,35-44,120k+,Urban,1,0,0.01,9,0,0
Manitoba,25-34,60-79k,Urban,8,3,17.53,3,1,1
Manitoba,25-34,<40k,Urban,1,4,21.72,1,0,1
Manitoba,25-34,120k+,Rural,6,0,2.69,8,1,0
New Brunswick,18-24,40-59k,Rural,0,0,1.03,9,0,0
Newfoundland and Labrador,35-44,<40k,Urban,5,0,0.45,8,1,0
Newfoundland and Labrador,18-24,<40k,Urban,1,0,0.58,10,0,0
Saskatchewan,25-34,80-119k,Urban,0,0,1.41,8,0,0
Saskatchewan,55-64,120k+,Urban,7,5,25.6,1,1,0
Newfoundland and Labrador,35-44,<40k,Rural,0,0,2.35,10,0,0
Alberta,45-54,60-79k,Urban,11,0,2.37,8,1,0
Saskatchewan,45-54,40-59k,Urban,0,1,5.81,6,0,0
Alberta,45-54,80-119k,Urban,0,0,2.69,9,0,0
Ontario,65+,<40k,Urban,6,0,1.65,9,1,0
Nova Scotia,18-24,40-59k,Urban,3,4,21.36,1,1,0
Prince Edward Island,55-64,40-59k,Rural,2,0,1.59,9,0,0
Saskatchewan,65+,60-79k,Urban,0,3,13.09,3,0,1
Newfoundland and Labrador,55-64,120k+,Urban,3,0,1.54,8,1,0
Nova Scotia,25-34,60-79k,Urban,1,0,1.63,10,0,0
Nova Scotia,35-44,<40k,Urban,2,4,23.35,1,0,1
Quebec,25-34,60-79k,Urban,3,0,1.04,8,1,0
Newfoundland and Labrador,45-54,80-119k,Urban,3,1,3.37,9,1,0
Prince Edward Island,45-54,<40k,Rural,8,0,1.79,8,1,0
Newfoundland and Labrador,25-34,<40k,Urban,3,0,2.36,9,1,0
Saskatchewan,45-54,40-59k,Rural,1,1,6.88,6,0,0
British Columbia,45-54,80-119k,Urban,1,1,3.36,9,0,0
Ontario,35-44,60-79k,Rural,2,3,16.48,3,0,1
Alberta,55-64,60-79k,Urban,1,0,1.79,9,0,0
British Columbia,55-64,40-59k,Urban,1,1,3.06,9,0,0
Ontario,18-24,40-59k,Rural,6,0,2.15,8,1,0
British Columbia,45-54,120k+,Urban,6,1,3.1,10,1,0
Alberta,25-34,40-59k,Rural,3,0,2.36,8,1,0
New Brunswick,45-54,120k+,Urban,3,0,2.16,10,1,0
Newfoundland and Labrador,65+,60-79k,Rural,2,0,2.06,9,0,0
British Columbia,55-64,<40k,Urban,3,0,0.36,10,1,0
Saskatchewan,35-44,60-79k,Urban,5,1,6.68,7,1,0
Prince Edward Island,25-34,120k+,Urban,4,0,2.7,10,1,0
Manitoba,25-34,60-79k,Urban,0,1,6.6,6,0,0
Saskatchewan,45-54,80-119k,Rural,4,0,1.08,9,1,0
Alberta,25-34,40-59k,Urban,4,0,1.48,8,1,0
Prince Edward Island,45-54,60-79k,Rural,0,0,0.34,8,0,1
Saskatchewan,18-24,80-119k,Urban,0,2,7.26,6,0,1
Nova Scotia,35-44,120k+,Rural,5,5,25.88,1,1,0
Newfoundland and Labrador,25-34,60-79k,Urban,3,0,1.71,10,1,0
Prince Edward Island,65+,80-119k,Urban,5,0,0.96,10,1,0
Nova Scotia,55-64,<40k,Urban,0,0,1.74,9,0,0
Saskatchewan,35-44,40-59k,Rural,0,2,9.96,6,0,0
Ontario,18-24,40-59k,Urban,0,1,6.63,6,0,0
Quebec,35-44,<40k,Urban,2,0,2.65,8,0,0
Ontario,25-34,40-59k,Urban,2,0,2.16,8,0,0
Newfoundland and Labrador,45-54,40-59k,Urban,6,2,11.09,5,1,0
Prince Edward Island,55-64,120k+,Rural,4,0,0.01,10,1,0
Prince Edward Island,45-54,80-119k,Urban,11,2,7.08,7,1,0
Newfoundland and Labrador,45-54,60-79k,Urban,0,0,1.38,8,0,1
Nova Scotia,45-54,120k+,Rural,0,1,5.61,7,0,0
Quebec,65+,<40k,Urban,0,0,2.38,10,0,0
Saskatchewan,65+,60-79k,Rural,2,0,1.34,10,0,0
Alberta,35-44,80-119k,Urban,1,1,6.76,6,0,0
Ontario,25-34,<40k,Rural,4,0,2.44,10,1,0
Ontario,35-44,80-119k,Urban,0,0,0.31,8,0,0
Manitoba,25-34,<40k,Urban,0,0,1.32,9,0,0
Quebec,45-54,<40k,Urban,2,5,39.92,1,0,1
Alberta,35-44,<40k,Urban,1,3,14.46,4,0,1
Ontario,25-34,120k+,Urban,5,0,1.16,9,1,0
Alberta,25-34,80-119k,Urban,5,0,0.88,9,1,0
Saskatchewan,35-44,80-119k,Urban,0,0,1.46,10,0,0
Prince Edward Island,55-64,60-79k,Urban,5,2,10.65,3,1,1
Alberta,45-54,40-59k,Rural,3,3,12.28,3,1,0
Ontario,45-54,80-119k,Urban,2,0,2.51,9,0,0
Nova Scotia,35-44,60-79k,Urban,0,1,6.67,7,0,0
Quebec,45-54,<40k,Urban,4,1,6.12,7,1,0
Newfoundland and Labrador,35-44,80-119k,Urban,0,0,2.75,9,0,0
British Columbia,45-54,<40k,Urban,1,0,0.28,9,0,0
New Brunswick,18-24,40-59k,Rural,0,1,4.8,10,0,0
New Brunswick,35-44,80-119k,Rural,2,0,0.21,10,0,0
British Columbia,25-34,80-119k,Urban,3,0,2.51,9,1,0
Alberta,35-44,80-119k,Urban,6,0,2.86,10,1,0
Quebec,65+,60-79k,Urban,4,3,13.79,4,1,0
Alberta,25-34,40-59k,Urban,8,1,5.14,7,1,0
Newfoundland and Labrador,25-34,80-119k,Urban,5,0,0.89,8,1,0
Quebec,35-44,80-119k,Urban,1,1,4.52,9,0,0
British Columbia,55-64,60-79k,Urban,3,5,32.15,1,1,1
Alberta,35-44,120k+,Rural,2,0,2.37,8,0,0
Manitoba,55-64,120k+,Urban,3,0,0.44,10,1,0
Ontario,55-64,60-79k,Urban,3,0,0.47,10,1,0
Nova Scotia,25-34,80-119k,Rural,4,3,13.21,5,1,0
Prince Edward Island,35-44,60-79k,Urban,0,0,0.16,8,0,0
Nova Scotia,35-44,60-79k,Urban,4,2,10.22,4,1,0
Newfoundland and Labrador,55-64,<40k,Urban,0,0,0.57,8,0,0
Alberta,18-24,60-79k,Urban,0,0,1.31,8,0,0
Saskatchewan,25-34,120k+,Urban,2,0,2.06,10,0,1
Quebec,45-54,80-119k,Urban,3,0,1.35,8,1,0
Alberta,45-54,80-119k,Urban,0,0,2.72,8,0,0
Quebec,35-44,<40k,Urban,2,0,2.31,10,0,0
Prince Edward Island,45-54,40-59k,Urban,2,2,8.37,7,0,0
Manitoba,25-34,40-59k,Urban,0,3,12.78,3,0,0
Nova Scotia,35-44,40-59k,Urban,4,0,2.68,10,1,0
Ontario,35-44,60-79k,Urban,0,1,4.59,9,0,0
Prince Edward Island,65+,40-59k,Urban,5,3,14.3,4,1,1
Prince Edward Island,25-34,60-79k,Urban,1,0,2.43,9,0,0
Nova Scotia,55-64,60-79k,Urban,2,1,3.04,9,0,0
Prince Edward Island,45-54,40-59k,Urban,6,1,4.8,8,1,0
Saskatchewan,18-24,<40k,Rural,5,0,2.14,8,1,0
Saskatchewan,55-64,120k+,Rural,5,0,2.55,10,1,0
New Brunswick,18-24,<40k,Urban,0,0,2.66,8,0,0
New Brunswick,65+,<40k,Urban,0,1,4.86,8,0,1
Saskatchewan,55-64,80-119k,Urban,3,0,2.54,8,1,0
British Columbia,25-34,120k+,Urban,2,0,0.11,9,0,0
Manitoba,25-34,80-119k,Urban,7,1,4.22,8,1,0
Quebec,35-44,<40k,Rural,1,0,0.03,10,0,0
Manitoba,35-44,40-59k,Urban,2,0,0.5,8,0,0
Newfoundland and Labrador,35-44,120k+,Rural,2,0,2.17,9,0,0
Prince Edward Island,25-34,80-119k,Urban,5,5,25.07,1,1,0
Ontario,45-54,60-79k,Urban,1,0,1.57,9,0,0
Prince Edward Island,25-34,40-59k,Urban,8,0,1.24,8,1,0
Manitoba,55-64,<40k,Urban,3,0,0.37,10,1,0
Saskatchewan,55-64,<40k,Urban,6,0,2.06,9,1,0
Nova Scotia,35-44,60-79k,Urban,2,1,5.77,7,0,1
Newfoundland and Labrador,55-64,<40k,Urban,5,4,23.08,2,1,1
Saskatchewan,25-34,120k+,Urban,0,1,6.06,7,0,1
Manitoba,18-24,40-59k,Urban,5,0,0.94,8,1,0
Nova Scotia,45-54,80-119k,Urban,2,0,2.98,8,0,0
Ontario,35-44,<40k,Urban,2,0,0.22,10,0,0
Manitoba,45-54,60-79k,Rural,0,0,1.94,9,0,0
Quebec,55-64,<40k,Rural,4,2,11.85,4,1,0
Alberta,65+,80-119k,Urban,0,0,0.67,10,0,0
Nova Scotia,45-54,60-79k,Rural,0,0,0.83,9,0,1
Manitoba,55-64,<40k,Urban,0,0,1.73,8,0,0
Saskatchewan,18-24,80-119k,Urban,0,0,2.34,8,0,0
Quebec,25-34,60-79k,Urban,4,2,8.64,6,1,0
British Columbia,55-64,120k+,Urban,1,0,2.51,9,0,0
Nova Scotia,35-44,120k+,Rural,0,2,8.21,7,0,0
Quebec,35-44,120k+,Urban,1,1,6.5,6,0,0
Saskatchewan,25-34,<40k,Urban,2,0,0.76,8,0,0
Manitoba,45-54,<40k,Rural,2,4,22.32,2,0,1
Prince Edward Island,25-34,120k+,Urban,1,0,1.07,10,0,0
Ontario,45-54,60-79k,Urban,2,0,0.97,8,0,0
Prince Edward Island,25-34,40-59k,Urban,2,2,8.77,7,0,1
Alberta,18-24,80-119k,Urban,5,0,1.5,8,1,0
Quebec,35-44,40-59k,Urban,0,0,2.54,9,0,1
Alberta,25-34,80-119k,Urban,6,2,10.8,5,1,0
Ontario,55-64,80-119k,Urban,1,1,4.8,8,0,0
Quebec,18-24,80-119k,Urban,4,0,0.85,9,1,0
New Brunswick,25-34,40-59k,Rural,2,1,6.42,6,0,0
Saskatchewan,45-54,60-79k,Rural,1,2,11.35,3,0,1
Quebec,35-44,60-79k,Urban,3,0,1.36,8,1,0
Saskatchewan,18-24,60-79k,Urban,5,1,5.78,6,1,0
Prince Edward Island,18-24,<40k,Rural,2,5,30.54,1,0,0
Newfoundland and Labrador,65+,60-79k,Urban,2,4,19.04,5,0,0
Nova Scotia,45-54,60-79k,Urban,0,0,0.96,9,0,0
Newfoundland and Labrador,35-44,60-79k,Urban,7,0,2.05,8,1,0
Manitoba,35-44,80-119k,Urban,6,1,6.08,7,1,0
Nova Scotia,25-34,60-79k,Urban,1,0,2.55,10,0,0
Nova Scotia,35-44,40-59k,Urban,5,1,3.07,10,1,0
British Columbia,45-54,80-119k,Urban,1,0,1.46,9,0,0
Nova Scotia,55-64,80-119k,Rural,4,1,4.1,9,1,0
Ontario,25-34,40-59k,Rural,2,0,2.05,9,0,0
Newfoundland and Labrador,55-64,80-119k,Rural,2,4,19.72,5,0,0
Prince Edward Island,25-34,<40k,Rural,0,0,1.7,8,0,0
Saskatchewan,25-34,40-59k,Urban,9,0,2.14,9,1,0
Manitoba,18-24,120k+,Urban,5,2,10.85,5,1,0
Nova Scotia,25-34,120k+,Urban,5,0,0.81,9,1,0
Manitoba,65+,60-79k,Urban,1,0,0.26,8,0,0
Prince Edward Island,35-44,80-119k,Urban,1,3,13.31,4,0,0
Manitoba,18-24,80-119k,Urban,3,1,5.4,7,1,0
Prince Edward Island,65+,120k+,Rural,6,1,3.16,10,1,0
Nova Scotia,55-64,60-79k,Urban,7,0,0.48,10,1,0
Prince Edward Island,55-64,60-79k,Urban,1,1,6.98,7,0,0
Nova Scotia,65+,60-79k,Urban,3,0,1.15,9,1,0
British Columbia,25-34,<40k,Urban,4,0,1.49,8,1,0
British Columbia,55-64,60-79k,Rural,1,2,7.06,7,0,0
Prince Edward Island,45-54,80-119k,Urban,2,0,1.78,9,0,0
British Columbia,55-64,80-119k,Urban,0,5,29.88,1,0,1
Saskatchewan,55-64,120k+,Rural,4,2,9.65,7,1,0
Saskatchewan,35-44,<40k,Urban,6,1,5.1,6,1,0
British Columbia,55-64,60-79k,Urban,6,1,6.87,6,1,0
British Columbia,25-34,<40k,Urban,4,0,0.8,8,1,0
New Brunswick,35-44,40-59k,Urban,1,0,1.71,10,0,0
New Brunswick,25-34,120k+,Urban,4,0,1.14,9,1,0
Nova Scotia,65+,60-79k,Rural,6,0,1.27,10,1,0
Prince Edward Island,25-34,80-119k,Rural,3,4,18.39,4,1,0
Alberta,45-54,<40k,Urban,2,0,2.07,10,0,0
Alberta,35-44,60-79k,Urban,7,1,3.78,10,1,0
British Columbia,65+,80-119k,Rural,5,1,4.87,9,1,0
Manitoba,35-44,<40k,Urban,6,1,4.74,10,1,0
British Columbia,55-64,40-59k,Rural,7,1,4.87,8,1,0
New Brunswick,55-64,<40k,Urban,1,0,1.13,10,0,0
Nova Scotia,35-44,80-119k,Urban,6,3,13.45,5,1,0
British Columbia,35-44,120k+,Urban,3,3,14.69,4,1,0
Newfoundland and Labrador,55-64,80-119k,Urban,0,1,3.18,10,0,0
Manitoba,65+,120k+,Urban,3,2,8.21,7,1,0
Newfoundland and Labrador,55-64,80-119k,Urban,2,0,2.35,10,0,0
Nova Scotia,25-34,80-119k,Urban,1,0,2.53,10,0,0
Nova Scotia,55-64,60-79k,Urban,9,1,5.86,6,1,0
Saskatchewan,35-44,60-79k,Urban,0,2,10.16,5,0,0
Quebec,45-54,60-79k,Urban,8,0,2.43,9,1,0
Newfoundland and Labrador,55-64,80-119k,Urban,0,0,0.38,8,0,0
Saskatchewan,25-34,40-59k,Rural,1,0,1.58,8,0,0
New Brunswick,55-64,<40k,Rural,2,5,26.74,2,0,0
Ontario,45-54,120k+,Rural,4,2,10.89,5,1,0
Manitoba,55-64,<40k,Urban,0,0,1.56,10,0,0
Ontario,25-34,120k+,Rural,10,5,37.15,2,1,0
Prince Edward Island,35-44,80-119k,Urban,4,0,2.4,8,1,0
New Brunswick,55-64,40-59k,Urban,5,0,1.4,10,1,0
New Brunswick,18-24,80-119k,Urban,0,0,1.49,9,0,0
Ontario,25-34,80-119k,Rural,2,0,0.08,10,0,0
Newfoundland and Labrador,65+,40-59k,Urban,8,0,1.57,8,1,0
Quebec,25-34,80-119k,Urban,1,0,2.03,10,0,0
Newfoundland and Labrador,65+,80-119k,Urban,0,4,19.64,3,0,1
Ontario,25-34,40-59k,Urban,2,0,2.96,10,0,0
Prince Edward Island,35-44,<40k,Rural,7,0,2.92,9,1,0
Newfoundland and Labrador,55-64,40-59k,Urban,2,1,4.13,8,0,1
Alberta,45-54,40-59k,Urban,2,1,5.85,6,0,0
Newfoundland and Labrador,45-54,<40k,Urban,3,5,25.45,1,1,0
Nova Scotia,45-54,80-119k,Urban,7,0,2.0,9,1,0
Saskatchewan,55-64,40-59k,Urban,0,2,10.12,5,0,0
Manitoba,25-34,120k+,Urban,0,0,2.47,9,0,0
Newfoundland and Labrador,35-44,40-59k,Urban,0,0,0.91,8,0,0
Quebec,25-34,60-79k,Urban,0,0,2.63,10,0,0
Quebec,45-54,80-119k,Rural,1,0,2.57,9,0,0
Newfoundland and Labrador,25-34,120k+,Rural,1,0,2.01,8,0,0
British Columbia,35-44,60-79k,Urban,3,1,4.89,10,1,0
New Brunswick,35-44,40-59k,Urban,1,0,1.86,9,0,0
Newfoundland and Labrador,18-24,80-119k,Urban,2,4,23.11,2,0,1
New Brunswick,18-24,40-59k,Urban,8,5,39.63,1,1,0
Alberta,45-54,<40k,Urban,0,0,0.37,10,0,0
Ontario,35-44,60-79k,Urban,1,1,4.25,9,0,0
Alberta,55-64,80-119k,Rural,1,0,2.34,10,0,0
Newfoundland and Labrador,45-54,<40k,Urban,3,0,1.23,10,1,0
Quebec,18-24,60-79k,Urban,4,5,35.09,2,1,0
British Columbia,45-54,60-79k,Urban,5,0,0.4,10,1,0
Prince Edward Island,18-24,120k+,Urban,2,0,2.13,9,0,0
New Brunswick,55-64,40-59k,Urban,6,0,2.02,10,1,0
Saskatchewan,65+,40-59k,Urban,5,1,5.34,6,1,0
New Brunswick,45-54,60-79k,Rural,0,0,2.3,9,0,0
Nova Scotia,45-54,40-59k,Urban,1,3,17.28,4,0,0
Manitoba,25-34,80-119k,Urban,4,0,2.49,8,1,0
Newfoundland and Labrador,35-44,80-119k,Urban,9,3,12.77,4,1,0
Alberta,55-64,80-119k,Urban,1,5,36.17,1,0,0
Saskatchewan,25-34,80-119k,Rural,1,2,9.25,7,0,0
Quebec,25-34,120k+,Urban,6,1,4.34,9,1,0
Quebec,35-44,60-79k,Urban,0,0,2.64,10,0,0
Quebec,45-54,120k+,Urban,4,3,15.36,5,1,0
Prince Edward Island,35-44,40-59k,Urban,0,2,9.51,7,0,0
Nova Scotia,65+,80-119k,Rural,0,0,2.35,9,0,0
Quebec,18-24,60-79k,Urban,2,0,1.66,9,0,0
Quebec,35-44,80-119k,Urban,3,0,2.57,8,1,0
Newfoundland and Labrador,45-54,60-79k,Urban,0,1,3.41,9,0,0
Nova Scotia,25-34,80-119k,Urban,5,0,2.33,9,1,0
British Columbia,45-54,120k+,Urban,0,1,3.66,10,0,1
British Columbia,25-34,80-119k,Urban,2,1,3.9,9,0,0
Nova Scotia,18-24,80-119k,Urban,1,0,0.54,8,0,0
Manitoba,25-34,<40k,Rural,4,4,19.67,5,1,0
Prince Edward Island,65+,40-59k,Urban,5,2,10.66,5,1,0
Saskatchewan,45-54,120k+,Urban,0,0,1.97,9,0,0
New Brunswick,55-64,80-119k,Urban,0,3,13.38,5,0,0
Newfoundland and Labrador,35-44,60-79k,Urban,6,2,8.35,7,1,0
Ontario,45-54,40-59k,Urban,2,1,3.4,10,0,0
British Columbia,35-44,<40k,Urban,2,0,1.24,9,0,0
Nova Scotia,65+,40-59k,Urban,0,0,1.14,9,0,0
Saskatchewan,55-64,60-79k,Urban,12,2,7.73,7,1,0
Nova Scotia,55-64,40-59k,Urban,7,1,6.34,7,1,0
New Brunswick,18-24,<40k,Urban,0,0,2.56,8,0,0
Saskatchewan,45-54,60-79k,Urban,3,4,18.76,3,1,0
British Columbia,35-44,60-79k,Rural,6,0,0.8,9,1,0
Quebec,65+,40-59k,Urban,2,0,2.21,10,0,0
Nova Scotia,25-34,60-79k,Urban,2,3,17.22,3,0,1
Ontario,25-34,120k+,Rural,1,0,0.22,8,0,0
British Columbia,35-44,60-79k,Urban,0,0,2.71,9,0,0
Alberta,25-34,80-119k,Urban,5,3,12.37,5,1,0
Ontario,25-34,120k+,Urban,2,1,5.54,6,0,0
Manitoba,55-64,<40k,Urban,2,1,3.09,9,0,0
Prince Edward Island,45-54,<40k,Urban,1,1,6.71,7,0,0
British Columbia,55-64,60-79k,Urban,5,0,1.06,9,1,0
Quebec,55-64,60-79k,Urban,5,0,1.95,10,1,0
British Columbia,25-34,60-79k,Urban,3,1,3.74,9,1,0
New Brunswick,45-54,40-59k,Urban,7,0,0.96,9,1,0
Saskatchewan,18-24,80-119k,Urban,0,2,10.74,4,0,0
Nova Scotia,65+,<40k,Rural,5,0,2.92,8,1,0
Saskatchewan,35-44,120k+,Urban,3,0,2.98,10,1,0
Saskatchewan,35-44,40-59k,Urban,1,0,2.43,9,0,0
British Columbia,25-34,120k+,Urban,0,0,2.54,9,0,0
New Brunswick,35-44,<40k,Urban,1,3,17.82,5,0,1
Nova Scotia,25-34,40-59k,Rural,6,0,0.12,8,1,0
Nova Scotia,35-44,40-59k,Urban,5,0,0.51,10,1,0
Saskatchewan,55-64,120k+,Urban,3,0,0.16,8,1,0
Manitoba,55-64,<40k,Urban,0,0,1.5,9,0,0
Prince Edward Island,25-34,80-119k,Urban,8,0,2.88,10,1,0
New Brunswick,35-44,80-119k,Urban,1,0,1.75,8,0,0
Manitoba,55-64,80-119k,Urban,3,1,5.22,6,1,0
Newfoundland and Labrador,18-24,40-59k,Urban,5,2,11.13,4,1,0
Newfoundland and Labrador,55-64,120k+,Urban,0,2,11.64,3,0,0
Ontario,25-34,120k+,Urban,3,2,10.49,4,1,1
Saskatchewan,45-54,60-79k,Urban,0,0,2.69,10,0,0
Nova Scotia,45-54,60-79k,Urban,0,1,3.7,9,0,0
British Columbia,45-54,120k+,Urban,4,1,5.01,6,1,0
Nova Scotia,55-64,120k+,Urban,0,0,1.09,10,0,0
Nova Scotia,25-34,60-79k,Urban,2,0,1.0,9,0,0
Quebec,35-44,80-119k,Urban,1,0,0.64,8,0,0
Nova Scotia,45-54,40-59k,Urban,2,0,2.68,10,0,0
Ontario,55-64,40-59k,Urban,0,0,1.35,10,0,0
Manitoba,25-34,<40k,Urban,4,4,21.71,1,1,0
Newfoundland and Labrador,55-64,40-59k,Urban,0,2,8.38,6,0,0
Nova Scotia,35-44,80-119k,Urban,5,0,2.89,8,1,0
Nova Scotia,25-34,60-79k,Urban,4,0,1.83,9,1,0
Quebec,55-64,40-59k,Urban,2,0,0.0,8,0,1
New Brunswick,18-24,60-79k,Rural,6,0,0.8,10,1,0
British Columbia,35-44,40-59k,Urban,0,1,7.0,7,0,0
New Brunswick,18-24,120k+,Urban,1,2,11.87,5,0,0
British Columbia,35-44,80-119k,Rural,0,0,1.63,9,0,0
Prince Edward Island,45-54,40-59k,Urban,1,0,1.69,9,0,0
Nova Scotia,45-54,120k+,Urban,10,4,24.31,1,1,1
Quebec,35-44,40-59k,Urban,0,0,2.13,10,0,1
Alberta,35-44,80-119k,Urban,5,0,2.8,10,1,0
Saskatchewan,25-34,120k+,Urban,3,0,1.44,9,1,0
Newfoundland and Labrador,35-44,40-59k,Urban,0,0,2.93,10,0,0
Manitoba,65+,80-119k,Rural,8,2,9.7,6,1,0
Newfoundland and Labrador,55-64,40-59k,Urban,9,1,5.58,7,1,0
Manitoba,25-34,40-59k,Rural,7,0,0.25,9,1,0
Prince Edward Island,18-24,60-79k,Urban,2,0,1.83,10,0,0
New Brunswick,65+,120k+,Rural,1,2,10.84,5,0,0
Ontario,45-54,60-79k,Urban,1,0,1.32,8,0,0
Nova Scotia,45-54,120k+,Urban,3,0,1.51,10,1,0
Alberta,55-64,120k+,Urban,1,3,14.36,3,0,1
Manitoba,25-34,40-59k,Urban,4,2,11.85,4,1,0
Saskatchewan,35-44,60-79k,Urban,5,2,9.38,7,1,0
Manitoba,65+,80-119k,Urban,0,1,3.5,8,0,0
Ontario,45-54,60-79k,Urban,2,0,0.09,10,0,0
Newfoundland and Labrador,25-34,<40k,Urban,8,3,16.63,3,1,0
Quebec,25-34,120k+,Urban,1,0,1.64,9,0,0
Newfoundland and Labrador,25-34,80-119k,Urban,1,0,0.01,10,0,0
Prince Edward Island,55-64,60-79k,Urban,0,0,1.15,10,0,1
Quebec,25-34,60-79k,Urban,1,0,2.74,9,0,0
Newfoundland and Labrador,18-24,<40k,Urban,1,0,2.84,8,0,0
Saskatchewan,65+,60-79k,Urban,0,0,0.16,8,0,0
Newfoundland and Labrador,25-34,120k+,Rural,0,0,0.37,9,0,0
Saskatchewan,18-24,120k+,Urban,3,0,0.01,10,1,0
Saskatchewan,25-34,40-59k,Urban,1,0,2.61,9,0,0
Quebec,25-34,60-79k,Urban,0,0,0.21,10,0,0
New Brunswick,35-44,80-119k,Urban,6,0,0.32,8,1,0
British Columbia,65+,40-59k,Urban,3,0,0.68,8,1,0
Nova Scotia,55-64,<40k,Urban,0,0,2.75,8,0,0
Manitoba,35-44,60-79k,Urban,6,0,2.06,8,1,0
British Columbia,35-44,60-79k,Urban,1,1,5.47,7,0,0
Ontario,45-54,<40k,Urban,1,0,2.35,8,0,0
New Brunswick,25-34,<40k,Urban,6,0,2.08,9,1,0
British Columbia,18-24,40-59k,Urban,0,4,23.22,2,0,1
Quebec,65+,40-59k,Rural,6,0,0.22,9,1,0
Ontario,25-34,60-79k,Rural,5,1,5.36,7,1,0
Alberta,25-34,40-59k,Rural,1,1,6.01,6,0,0
New Brunswick,35-44,40-59k,Urban,0,0,1.7,8,0,0
British Columbia,35-44,80-119k,Urban,0,1,3.05,10,0,0
Ontario,18-24,<40k,Urban,0,1,3.84,10,0,0
Alberta,25-34,60-79k,Urban,6,0,2.89,9,1,0
Newfoundland and Labrador,35-44,120k+,Urban,2,1,5.82,6,0,1
Ontario,45-54,80-119k,Rural,0,2,10.44,4,0,0
Quebec,25-34,80-119k,Urban,3,0,1.98,8,1,0
Newfoundland and Labrador,35-44,60-79k,Urban,0,0,0.38,10,0,0
Quebec,45-54,<40k,Urban,1,0,0.01,10,0,1
British Columbia,55-64,80-119k,Urban,0,0,1.32,9,0,0
Nova Scotia,35-44,80-119k,Urban,5,0,1.33,8,1,0
British Columbia,25-34,<40k,Urban,0,0,2.44,9,0,0
Newfoundland and Labrador,35-44,60-79k,Rural,2,0,0.54,9,0,0
Saskatchewan,55-64,120k+,Urban,0,3,13.65,5,0,0
British Columbia,25-34,40-59k,Urban,3,1,3.31,9,1,0
Newfoundland and Labrador,35-44,60-79k,Urban,1,0,1.2,9,0,0
Ontario,18-24,60-79k,Urban,0,0,0.77,8,0,1
Prince Edward Island,18-24,80-119k,Urban,2,0,0.79,8,0,0
British Columbia,35-44,80-119k,Urban,3,2,8.27,6,1,0
Ontario,25-34,80-119k,Urban,1,0,0.69,9,0,0
Quebec,55-64,40-59k,Urban,5,0,0.96,8,1,0
New Brunswick,45-54,<40k,Urban,1,2,9.68,7,0,0
Nova Scotia,35-44,40-59k,Urban,4,0,1.31,9,1,0
Quebec,35-44,80-119k,Rural,3,0,0.19,8,1,0
Quebec,35-44,80-119k,Urban,6,4,20.98,2,1,1
Newfoundland and Labrador,18-24,120k+,Urban,3,0,2.54,8,1,0
Saskatchewan,55-64,60-79k,Rural,0,1,3.4,8,0,0
Manitoba,65+,80-119k,Urban,5,4,24.61,2,1,0
Prince Edward Island,25-34,60-79k,Urban,5,0,0.93,9,1,0
Saskatchewan,25-34,<40k,Urban,9,2,7.07,6,1,0
Newfoundland and Labrador,25-34,60-79k,Rural,0,0,0.76,10,0,0
Nova Scotia,45-54,60-79k,Urban,3,3,12.42,4,1,1
Prince Edward Island,45-54,120k+,Urban,2,0,1.7,9,0,0
Prince Edward Island,55-64,40-59k,Urban,4,5,29.74,1,1,0
Newfoundland and Labrador,55-64,120k+,Urban,10,1,6.23,7,1,0
Alberta,35-44,60-79k,Rural,2,1,5.93,7,0,0
Quebec,45-54,40-59k,Urban,4,2,9.34,7,1,0
New Brunswick,45-54,40-59k,Urban,1,0,1.68,8,0,0
Alberta,35-44,<40k,Urban,1,0,1.83,10,0,0
Newfoundland and Labrador,35-44,60-79k,Urban,1,0,0.81,9,0,0
Alberta,45-54,<40k,Urban,0,0,0.42,9,0,0
New Brunswick,45-54,60-79k,Urban,1,1,4.51,10,0,0
Newfoundland and Labrador,45-54,120k+,Urban,0,2,7.47,7,0,0
Newfoundland and Labrador,45-54,80-119k,Urban,2,0,0.94,10,0,0
Prince Edward Island,45-54,80-119k,Urban,2,0,1.66,9,0,0
Alberta,45-54,<40k,Urban,5,2,9.7,7,1,0
Ontario,35-44,60-79k,Urban,2,0,0.36,10,0,0
British Columbia,45-54,40-59k,Urban,2,1,3.03,10,0,0
Newfoundland and Labrador,35-44,120k+,Urban,1,0,0.27,8,0,0
Alberta,25-34,40-59k,Urban,6,0,0.11,9,1,0
Manitoba,18-24,60-79k,Urban,0,1,4.6,9,0,1
Nova Scotia,45-54,60-79k,Urban,10,0,1.17,10,1,0
Manitoba,45-54,60-79k,Urban,2,0,0.72,8,0,0
Alberta,65+,80-119k,Urban,0,1,3.86,10,0,0
Quebec,35-44,40-59k,Urban,1,0,1.19,9,0,0
Quebec,35-44,40-59k,Urban,0,1,3.35,10,0,0
Alberta,25-34,80-119k,Urban,0,4,19.5,4,0,0
Prince Edward Island,18-24,60-79k,Rural,1,1,4.62,9,0,1
Prince Edward Island,55-64,60-79k,Urban,3,1,3.38,10,1,0
Newfoundland and Labrador,25-34,<40k,Urban,0,0,2.52,9,0,0
New Brunswick,45-54,80-119k,Urban,4,1,5.7,7,1,0
British Columbia,45-54,120k+,Rural,6,0,1.15,8,1,0
Newfoundland and Labrador,35-44,80-119k,Urban,3,1,3.6,8,1,0
Manitoba,55-64,80-119k,Urban,1,0,0.58,9,0,0
British Columbia,35-44,60-79k,Urban,0,0,0.36,9,0,0
Manitoba,25-34,40-59k,Urban,0,1,3.64,9,0,0
Prince Edward Island,55-64,<40k,Urban,4,1,4.69,8,1,0
Alberta,55-64,80-119k,Rural,3,0,0.74,9,1,0
New Brunswick,25-34,60-79k,Urban,2,0,2.65,8,0,0
Manitoba,18-24,80-119k,Urban,0,0,2.88,8,0,0
Prince Edward Island,18-24,80-119k,Rural,0,2,10.46,4,0,1
New Brunswick,25-34,120k+,Urban,5,0,2.43,8,1,0
Newfoundland and Labrador,65+,60-79k,Urban,2,0,0.77,9,0,0
Alberta,45-54,60-79k,Rural,8,0,2.0,10,1,0
Nova Scotia,35-44,40-59k,Rural,14,0,0.17,10,1,0
Quebec,55-64,60-79k,Urban,5,0,2.88,10,1,0
Saskatchewan,35-44,120k+,Urban,1,0,2.01,10,0,0
New Brunswick,25-34,<40k,Urban,1,0,0.95,9,0,1
Nova Scotia,65+,120k+,Urban,1,3,16.64,5,0,1
Nova Scotia,55-64,120k+,Urban,10,1,3.06,9,1,0
New Brunswick,55-64,60-79k,Urban,1,2,8.88,7,0,0
Nova Scotia,35-44,40-59k,Urban,4,1,6.58,7,1,0
Manitoba,55-64,40-59k,Urban,8,3,13.58,4,1,0
Nova Scotia,25-34,40-59k,Rural,5,0,2.0,9,1,0
Prince Edward Island,45-54,<40k,Urban,3,0,1.08,9,1,0
British Columbia,65+,60-79k,Urban,0,1,4.57,8,0,0
Manitoba,25-34,<40k,Rural,0,3,16.48,5,0,1
Nova Scotia,55-64,80-119k,Urban,2,0,2.73,8,0,0
Newfoundland and Labrador,35-44,40-59k,Urban,8,0,0.5,8,1,0
Quebec,18-24,40-59k,Rural,7,4,19.94,5,1,0
Alberta,55-64,60-79k,Rural,0,0,1.46,9,0,0
Nova Scotia,25-34,120k+,Urban,1,0,1.84,9,0,0
Ontario,45-54,80-119k,Urban,3,0,1.4,10,1,0
Quebec,18-24,60-79k,Urban,2,0,2.42,10,0,0
Newfoundland and Labrador,65+,80-119k,Urban,0,2,10.84,5,0,0
Prince Edward Island,25-34,80-119k,Urban,1,0,1.22,8,0,1
Nova Scotia,25-34,120k+,Urban,8,0,0.12,8,1,0
Prince Edward Island,25-34,40-59k,Urban,8,0,0.58,10,1,0
Nova Scotia,65+,80-119k,Urban,3,1,4.95,10,1,0
Saskatchewan,45-54,40-59k,Urban,3,0,2.78,10,1,0
British Columbia,55-64,120k+,Urban,1,0,1.7,10,0,0
Prince Edward Island,35-44,40-59k,Rural,4,4,21.71,1,1,0
British Columbia,35-44,120k+,Urban,0,0,2.17,10,0,0
Quebec,25-34,120k+,Urban,1,1,3.61,10,0,0
Saskatchewan,45-54,<40k,Urban,0,3,12.88,5,0,0
Alberta,25-34,120k+,Rural,1,0,1.04,10,0,0
Manitoba,65+,<40k,Rural,6,0,2.98,9,1,0
British Columbia,55-64,40-59k,Rural,10,0,2.63,9,1,0
Saskatchewan,35-44,60-79k,Rural,4,0,2.04,10,1,0
British Columbia,25-34,120k+,Urban,4,2,8.96,6,1,0
New Brunswick,55-64,60-79k,Urban,1,0,1.66,9,0,0
Newfoundland and Labrador,25-34,60-79k,Urban,2,5,29.55,1,0,1
Alberta,25-34,80-119k,Urban,4,2,10.37,4,1,0
Newfoundland and Labrador,25-34,120k+,Urban,2,3,14.51,4,0,1
Nova Scotia,45-54,80-119k,Urban,0,0,0.36,10,0,0
British Columbia,55-64,40-59k,Urban,4,0,0.65,10,1,0
Nova Scotia,25-34,40-59k,Urban,1,0,1.83,10,0,1
Ontario,18-24,<40k,Urban,0,1,5.78,6,0,1
British Columbia,35-44,80-119k,Urban,2,0,0.29,8,0,0
Saskatchewan,55-64,40-59k,Urban,0,2,11.04,3,0,1
Alberta,25-34,40-59k,Urban,3,0,2.47,10,1,0
Nova Scotia,25-34,120k+,Urban,3,1,5.89,7,1,0
British Columbia,65+,40-59k,Urban,1,0,2.05,9,0,0
Ontario,65+,60-79k,Rural,9,0,0.7,9,1,0
Newfoundland and Labrador,65+,40-59k,Urban,5,0,2.76,10,1,0
Saskatchewan,55-64,<40k,Urban,0,0,0.81,9,0,0
New Brunswick,25-34,40-59k,Urban,4,0,0.55,9,1,0
British Columbia,25-34,60-79k,Urban,1,1,5.55,7,0,1
New Brunswick,35-44,120k+,Urban,4,0,1.09,8,1,0
Quebec,25-34,40-59k,Urban,5,2,11.67,3,1,1
Alberta,65+,40-59k,Urban,0,2,9.3,7,0,0
British Columbia,55-64,80-119k,Rural,4,0,0.49,10,1,0
Prince Edward Island,55-64,80-119k,Urban,6,1,6.83,7,1,0
Ontario,25-34,80-119k,Urban,1,0,1.55,9,0,0
Nova Scotia,65+,120k+,Urban,0,0,1.56,10,0,0
Prince Edward Island,55-64,80-119k,Urban,0,2,8.93,6,0,0
Quebec,25-34,60-79k,Urban,0,5,37.54,2,0,0
Alberta,55-64,80-119k,Rural,0,1,4.15,9,0,0
Newfoundland and Labrador,25-34,60-79k,Urban,1,3,12.08,3,0,1
Saskatchewan,18-24,40-59k,Rural,1,1,4.99,9,0,0
New Brunswick,45-54,40-59k,Urban,0,1,6.7,6,0,0
Quebec,45-54,40-59k,Urban,3,0,0.82,9,1,0
Nova Scotia,18-24,<40k,Rural,11,0,0.8,8,1,0
Saskatchewan,25-34,40-59k,Urban,7,0,2.21,8,1,0
Newfoundland and Labrador,65+,<40k,Urban,1,0,2.33,10,0,0
Nova Scotia,45-54,120k+,Urban,5,1,4.74,10,1,0
Ontario,55-64,120k+,Urban,7,0,2.5,8,1,0
New Brunswick,25-34,60-79k,Urban,7,1,3.69,10,1,0
Prince Edward Island,18-24,80-119k,Rural,6,0,1.1,8,1,0
British Columbia,25-34,40-59k,Urban,5,0,1.21,10,1,0
Quebec,25-34,120k+,Urban,1,0,0.94,8,0,1
British Columbia,25-34,60-79k,Rural,0,0,0.65,10,0,0
Saskatchewan,25-34,<40k,Urban,2,3,14.03,5,0,0
British Columbia,45-54,<40k,Urban,0,1,3.07,10,0,1
Prince Edward Island,35-44,40-59k,Rural,13,0,2.11,10,1,0
Manitoba,55-64,<40k,Urban,1,1,5.74,7,0,0
Saskatchewan,25-34,40-59k,Urban,8,0,1.35,9,1,0
New Brunswick,35-44,<40k,Rural,5,0,0.97,8,1,0
Nova Scotia,18-24,40-59k,Urban,2,5,31.51,2,0,1
New Brunswick,35-44,40-59k,Urban,0,1,6.75,6,0,0
British Columbia,18-24,120k+,Urban,1,3,15.62,4,0,0
Alberta,65+,40-59k,Urban,4,3,16.39,5,1,0
Saskatchewan,55-64,40-59k,Urban,5,0,0.69,10,1,0
Nova Scotia,35-44,80-119k,Urban,10,0,0.28,8,1,0
Newfoundland and Labrador,18-24,80-119k,Urban,0,0,0.25,8,0,0
Ontario,45-54,40-59k,Urban,0,2,9.36,6,0,0
New Brunswick,55-64,120k+,Urban,0,2,10.58,4,0,0
New Brunswick,25-34,40-59k,Urban,1,2,10.87,3,0,1
Saskatchewan,45-54,40-59k,Urban,5,0,2.16,9,1,0
Alberta,55-64,40-59k,Urban,0,1,6.65,7,0,0
British Columbia,55-64,60-79k,Urban,3,1,3.21,8,1,0
British Columbia,55-64,40-59k,Urban,2,0,2.57,8,0,0
Saskatchewan,55-64,80-119k,Urban,1,0,1.98,8,0,0
New Brunswick,65+,40-59k,Urban,3,1,3.7,10,1,0
Nova Scotia,35-44,80-119k,Urban,2,1,5.73,6,0,0
Ontario,45-54,40-59k,Urban,1,1,5.05,7,0,0
Saskatchewan,55-64,60-79k,Urban,4,0,1.08,10,1,0
Nova Scotia,45-54,60-79k,Urban,1,0,0.74,8,0,0
Nova Scotia,65+,80-119k,Rural,3,1,4.86,9,1,0
Newfoundland and Labrador,18-24,40-59k,Urban,8,4,19.67,4,1,0
Prince Edward Island,35-44,80-119k,Urban,4,4,18.58,5,1,0
Manitoba,25-34,80-119k,Urban,2,0,2.54,9,0,0
Ontario,25-34,40-59k,Urban,4,3,15.56,5,1,0
Quebec,25-34,120k+,Urban,5,0,1.09,9,1,0
Alberta,45-54,80-119k,Rural,1,2,9.23,6,0,0
Manitoba,18-24,60-79k,Urban,4,0,2.59,8,1,0
Newfoundland and Labrador,55-64,<40k,Rural,2,2,8.6,7,0,0
Ontario,45-54,60-79k,Urban,5,0,1.14,10,1,0
British Columbia,25-34,<40k,Urban,1,2,10.83,3,0,1
Manitoba,25-34,60-79k,Urban,7,1,3.8,9,1,0
British Columbia,45-54,60-79k,Urban,3,0,1.98,10,1,0
Alberta,55-64,80-119k,Urban,1,0,1.3,9,0,0
British Columbia,55-64,40-59k,Urban,2,0,1.5,10,0,0
Alberta,55-64,80-119k,Urban,1,0,2.36,9,0,0
Ontario,65+,40-59k,Urban,0,0,2.98,9,0,1
New Brunswick,45-54,60-79k,Urban,0,0,2.49,8,0,0
Alberta,65+,80-119k,Urban,1,2,7.8,7,0,0
Nova Scotia,55-64,80-119k,Urban,2,5,28.37,1,0,1
Quebec,55-64,40-59k,Urban,1,0,1.23,8,0,0
Quebec,18-24,40-59k,Urban,0,0,2.16,8,0,0
Saskatchewan,65+,40-59k,Urban,3,0,1.53,8,1,0
Quebec,35-44,60-79k,Urban,0,0,2.71,9,0,0
Saskatchewan,55-64,40-59k,Urban,0,2,7.24,7,0,0
Quebec,25-34,80-119k,Urban,0,0,0.78,9,0,0
Alberta,35-44,60-79k,Urban,2,1,3.88,8,0,0
Nova Scotia,25-34,<40k,Urban,0,0,2.23,10,0,0
New Brunswick,25-34,40-59k,Urban,1,1,4.86,9,0,0
British Columbia,25-34,40-59k,Urban,2,4,18.11,3,0,0
Newfoundland and Labrador,55-64,40-59k,Rural,0,0,2.32,9,0,0
Quebec,18-24,60-79k,Urban,2,4,20.53,1,0,1
New Brunswick,25-34,60-79k,Urban,1,0,0.78,9,0,0
New Brunswick,25-34,80-119k,Rural,6,0,0.55,8,1,0
Alberta,45-54,40-59k,Rural,5,4,24.62,2,1,0
Ontario,25-34,120k+,Urban,11,1,6.77,6,1,0
Ontario,25-34,40-59k,Urban,2,0,0.23,10,0,0
Quebec,35-44,40-59k,Urban,3,0,0.7,10,1,0
Newfoundland and Labrador,45-54,80-119k,Urban,8,0,1.94,10,1,0
Quebec,25-34,80-119k,Urban,2,1,5.68,7,0,1
Quebec,25-34,40-59k,Urban,3,2,9.09,6,1,0
Saskatchewan,25-34,80-119k,Urban,1,0,1.71,8,0,0
Nova Scotia,65+,120k+,Urban,3,1,5.81,7,1,0
Nova Scotia,35-44,80-119k,Urban,0,0,2.85,9,0,0
Newfoundland and Labrador,45-54,<40k,Urban,5,1,5.9,7,1,0
Saskatchewan,25-34,80-119k,Urban,10,0,0.33,8,1,0
New Brunswick,35-44,80-119k,Urban,0,0,2.15,10,0,0
Saskatchewan,18-24,80-119k,Urban,5,0,0.2,8,1,0
Quebec,18-24,80-119k,Urban,1,0,1.51,8,0,0
Ontario,35-44,120k+,Urban,0,0,1.58,8,0,0
Manitoba,35-44,60-79k,Urban,4,0,2.33,8,1,0
Newfoundland and Labrador,25-34,<40k,Urban,0,0,0.03,10,0,0
New Brunswick,45-54,60-79k,Urban,2,0,2.62,8,0,0
Alberta,65+,<40k,Urban,0,1,5.66,6,0,0
Manitoba,35-44,40-59k,Urban,3,0,0.09,8,1,0
Manitoba,45-54,60-79k,Urban,2,0,0.48,10,0,0
Saskatchewan,65+,40-59k,Urban,7,5,25.59,2,1,0
British Columbia,55-64,80-119k,Urban,4,0,2.3,8,1,0
Manitoba,35-44,80-119k,Urban,0,0,0.51,9,0,0
Quebec,55-64,60-79k,Rural,1,1,3.18,10,0,0
Prince Edward Island,25-34,120k+,Urban,7,0,0.41,10,1,0
Ontario,35-44,<40k,Urban,4,1,5.24,7,1,0
Ontario,25-34,80-119k,Urban,3,0,1.49,8,1,0
Prince Edward Island,25-34,80-119k,Rural,3,0,0.74,10,1,0
Nova Scotia,35-44,40-59k,Urban,1,3,17.66,4,0,0
Quebec,25-34,40-59k,Urban,3,0,2.56,9,1,0
Alberta,45-54,40-59k,Urban,5,0,0.94,9,1,0
Manitoba,35-44,80-119k,Urban,0,0,1.42,10,0,0
Nova Scotia,45-54,80-119k,Urban,9,0,1.55,10,1,0
Quebec,25-34,40-59k,Rural,1,0,2.27,9,0,0
Saskatchewan,25-34,60-79k,Urban,2,0,1.28,10,0,0
Ontario,45-54,<40k,Rural,0,1,5.19,6,0,0
Nova Scotia,65+,60-79k,Urban,3,1,4.65,10,1,0
Newfoundland and Labrador,18-24,120k+,Rural,1,0,2.29,10,0,0
Manitoba,25-34,<40k,Urban,1,1,5.22,6,0,0
Manitoba,55-64,120k+,Urban,10,2,11.14,3,1,1
Alberta,18-24,80-119k,Urban,2,5,25.81,2,0,1
British Columbia,55-64,120k+,Urban,2,0,2.71,10,0,0
Newfoundland and Labrador,45-54,<40k,Urban,2,3,16.92,3,0,1
Manitoba,35-44,40-59k,Urban,0,0,2.46,8,0,1
New Brunswick,25-34,<40k,Urban,1,2,7.7,7,0,0
Newfoundland and Labrador,25-34,80-119k,Urban,1,1,4.05,10,0,0
Manitoba,25-34,80-119k,Urban,2,3,17.88,5,0,0
Prince Edward Island,55-64,<40k,Urban,6,0,2.85,8,1,0
Newfoundland and Labrador,55-64,80-119k,Urban,0,1,3.91,8,0,0
Quebec,45-54,40-59k,Urban,3,0,1.3,9,1,0
Newfoundland and Labrador,55-64,<40k,Urban,0,2,7.78,7,0,0
Alberta,25-34,60-79k,Urban,1,5,28.94,1,0,0
Saskatchewan,45-54,<40k,Urban,2,0,0.55,8,0,0
Saskatchewan,35-44,40-59k,Urban,0,0,0.24,10,0,0
Saskatchewan,55-64,40-59k,Urban,3,0,1.74,10,1,0
Quebec,25-34,80-119k,Urban,1,0,0.72,8,0,0
Nova Scotia,45-54,80-119k,Urban,11,3,17.95,4,1,0
Saskatchewan,55-64,60-79k,Urban,3,0,1.55,9,1,0
Ontario,35-44,80-119k,Urban,1,0,1.08,10,0,0
Quebec,18-24,60-79k,Urban,0,1,6.65,7,0,0
Nova Scotia,35-44,40-59k,Rural,0,1,5.48,7,0,1
Ontario,35-44,80-119k,Urban,0,0,0.38,8,0,0
Ontario,45-54,80-119k,Urban,4,0,1.49,10,1,0
Ontario,65+,60-79k,Urban,6,1,4.76,10,1,0
New Brunswick,35-44,60-79k,Urban,0,0,2.3,8,0,0
Alberta,35-44,80-119k,Urban,2,0,2.08,10,0,0
Alberta,45-54,40-59k,Urban,1,0,1.11,10,0,0
Quebec,25-34,80-119k,Urban,3,2,9.35,7,1,0
Ontario,25-34,<40k,Urban,0,0,1.56,9,0,0
Prince Edward Island,65+,120k+,Urban,8,2,9.11,6,1,0
Newfoundland and Labrador,45-54,40-59k,Urban,4,1,3.43,9,1,0
Nova Scotia,18-24,<40k,Urban,8,0,2.72,9,1,0
Alberta,25-34,60-79k,Urban,1,1,5.69,7,0,0
Saskatchewan,45-54,40-59k,Urban,3,0,1.41,10,1,0
Quebec,55-64,80-119k,Urban,4,2,9.85,7,1,0
Nova Scotia,55-64,60-79k,Urban,4,3,13.28,5,1,0
Quebec,25-34,80-119k,Urban,0,0,1.59,8,0,0
Prince Edward Island,65+,40-59k,Rural,13,2,10.73,5,1,0
New Brunswick,45-54,40-59k,Urban,7,0,1.6,10,1,0
New Brunswick,45-54,40-59k,Urban,0,0,1.44,10,0,1
Ontario,45-54,60-79k,Rural,3,0,1.39,10,1,0
New Brunswick,25-34,80-119k,Urban,1,1,6.05,6,0,1
Quebec,65+,60-79k,Urban,6,0,2.26,10,1,0
Saskatchewan,25-34,120k+,Urban,4,0,2.25,10,1,0
Ontario,25-34,80-119k,Urban,1,2,8.23,7,0,0
Manitoba,55-64,120k+,Urban,0,2,10.09,5,0,0
Nova Scotia,45-54,<40k,Rural,1,2,10.89,4,0,0
Prince Edward Island,55-64,<40k,Urban,0,0,1.69,8,0,0
Ontario,35-44,40-59k,Rural,0,1,6.12,7,0,0
Quebec,35-44,<40k,Urban,3,3,17.13,4,1,1
Nova Scotia,65+,60-79k,Urban,4,0,0.52,10,1,0
Saskatchewan,18-24,60-79k,Urban,2,2,8.53,6,0,1
British Columbia,55-64,60-79k,Urban,3,0,1.8,8,1,0
Prince Edward Island,25-34,80-119k,Urban,0,1,4.16,9,0,1
Quebec,55-64,120k+,Rural,1,1,6.77,7,0,0
Prince Edward Island,25-34,120k+,Urban,4,3,13.16,4,1,1
Alberta,45-54,<40k,Urban,1,0,1.07,10,0,0
British Columbia,55-64,40-59k,Rural,1,2,11.97,4,0,0
Nova Scotia,35-44,40-59k,Urban,0,0,0.57,9,0,0
New Brunswick,55-64,<40k,Urban,3,0,1.35,10,1,0
Quebec,55-64,60-79k,Rural,5,0,0.94,10,1,0
Prince Edward Island,55-64,60-79k,Urban,2,0,2.43,9,0,1
Nova Scotia,65+,40-59k,Rural,0,0,0.91,10,0,1
New Brunswick,35-44,80-119k,Urban,5,4,19.13,3,1,1
Saskatchewan,25-34,80-119k,Urban,0,0,2.8,10,0,0
Saskatchewan,18-24,<40k,Urban,2,0,0.95,9,0,0
Prince Edward Island,25-34,40-59k,Urban,1,4,23.19,2,0,0
Ontario,25-34,120k+,Urban,7,0,0.87,10,1,0
Alberta,45-54,60-79k,Urban,4,1,3.71,8,1,0
Ontario,25-34,40-59k,Urban,3,0,2.41,10,1,0
Alberta,18-24,40-59k,Rural,4,0,0.17,8,1,0
Quebec,18-24,40-59k,Urban,2,0,1.0,8,0,0
Manitoba,55-64,<40k,Rural,0,0,2.34,8,0,0
Prince Edward Island,45-54,80-119k,Urban,4,1,5.05,6,1,0
Newfoundland and Labrador,35-44,<40k,Urban,2,2,10.45,3,0,1
Prince Edward Island,55-64,40-59k,Urban,3,3,12.4,3,1,1
British Columbia,18-24,<40k,Rural,0,0,2.25,9,0,0
New Brunswick,65+,80-119k,Urban,0,0,0.52,8,0,0
British Columbia,45-54,<40k,Urban,3,1,6.23,6,1,0
Saskatchewan,25-34,40-59k,Urban,2,0,1.69,9,0,0
Alberta,45-54,60-79k,Urban,1,2,10.7,3,0,0
New Brunswick,55-64,60-79k,Rural,1,0,0.64,9,0,0
Saskatchewan,35-44,40-59k,Urban,3,4,20.77,1,1,0
New Brunswick,55-64,40-59k,Rural,0,0,2.41,9,0,0
Ontario,25-34,80-119k,Urban,2,0,2.73,10,0,0
Saskatchewan,25-34,120k+,Rural,2,0,0.68,9,0,0
Ontario,18-24,40-59k,Urban,1,0,2.38,10,0,1
Ontario,25-34,<40k,Urban,5,1,3.43,9,1,0
New Brunswick,25-34,<40k,Urban,0,4,20.98,1,0,1
Nova Scotia,65+,80-119k,Urban,6,0,2.82,10,1,0
British Columbia,18-24,60-79k,Urban,4,0,2.84,9,1,0
Saskatchewan,35-44,80-119k,Urban,2,0,0.89,8,0,0
Newfoundland and Labrador,45-54,80-119k,Urban,7,0,0.58,10,1,0
Nova Scotia,55-64,120k+,Urban,4,0,0.45,9,1,0
British Columbia,65+,120k+,Urban,7,1,4.92,10,1,0
Saskatchewan,55-64,80-119k,Urban,2,1,3.37,9,0,0
Alberta,65+,60-79k,Urban,2,1,4.43,10,0,0
British Columbia,55-64,40-59k,Rural,2,1,3.07,9,0,0
Newfoundland and Labrador,65+,60-79k,Urban,0,2,8.3,6,0,0
Prince Edward Island,45-54,60-79k,Urban,7,0,2.7,10,1,0
Quebec,18-24,60-79k,Urban,4,0,1.34,8,1,0
Ontario,35-44,40-59k,Urban,3,0,0.22,9,1,0
Quebec,45-54,80-119k,Urban,7,0,1.94,8,1,0
Nova Scotia,35-44,60-79k,Urban,11,0,2.87,8,1,0
Prince Edward Island,25-34,80-119k,Urban,0,0,1.39,9,0,0
Ontario,45-54,40-59k,Urban,4,0,1.87,9,1,0
Saskatchewan,65+,60-79k,Urban,3,2,11.6,3,1,0
Nova Scotia,18-24,40-59k,Urban,2,1,4.68,9,0,0
Newfoundland and Labrador,55-64,120k+,Rural,9,0,1.99,9,1,0
New Brunswick,55-64,60-79k,Rural,6,2,9.2,7,1,0
Saskatchewan,65+,40-59k,Urban,4,1,6.85,6,1,0
British Columbia,65+,<40k,Urban,1,0,1.51,10,0,0
New Brunswick,55-64,80-119k,Urban,4,5,38.28,1,1,1
Nova Scotia,45-54,40-59k,Urban,2,0,1.52,10,0,0
British Columbia,25-34,120k+,Urban,1,2,10.34,5,0,0
Newfoundland and Labrador,45-54,60-79k,Urban,2,4,20.7,2,0,0
Quebec,55-64,40-59k,Urban,0,1,6.67,6,0,0
British Columbia,55-64,80-119k,Urban,2,1,5.59,6,0,0
Quebec,55-64,40-59k,Rural,4,3,12.12,3,1,0
Ontario,25-34,80-119k,Rural,0,0,0.05,8,0,0
Alberta,45-54,40-59k,Urban,5,0,2.03,8,1,0
Manitoba,35-44,120k+,Urban,0,1,3.46,10,0,0
Saskatchewan,18-24,60-79k,Urban,2,3,16.3,3,0,1
Manitoba,25-34,80-119k,Rural,3,1,4.29,8,1,0
Ontario,25-34,<40k,Rural,5,4,21.77,1,1,0
British Columbia,55-64,40-59k,Urban,5,0,0.52,10,1,0
Ontario,25-34,80-119k,Urban,2,2,8.23,7,0,0
Manitoba,25-34,80-119k,Urban,0,3,14.62,4,0,0
Manitoba,65+,40-59k,Urban,4,0,2.0,8,1,0
Saskatchewan,35-44,40-59k,Urban,2,4,19.09,3,0,0
New Brunswick,18-24,40-59k,Urban,1,0,0.84,8,0,0
Prince Edward Island,25-34,60-79k,Rural,1,4,19.45,3,0,1
Ontario,25-34,40-59k,Urban,0,3,17.18,5,0,1
Alberta,25-34,40-59k,Urban,1,0,1.94,10,0,0
Prince Edward Island,18-24,40-59k,Urban,2,0,1.41,9,0,0
Ontario,45-54,60-79k,Urban,2,0,2.84,10,0,0
Newfoundland and Labrador,25-34,40-59k,Urban,3,0,2.21,10,1,0
Nova Scotia,35-44,120k+,Rural,1,0,2.8,8,0,1
Nova Scotia,55-64,<40k,Urban,7,0,1.79,9,1,0
Manitoba,35-44,120k+,Urban,2,0,0.41,10,0,0
Nova Scotia,65+,60-79k,Urban,2,0,2.03,10,0,0
Quebec,35-44,40-59k,Urban,0,4,19.41,4,0,1
Alberta,35-44,40-59k,Urban,3,0,1.04,8,1,0
Nova Scotia,55-64,80-119k,Urban,3,1,5.04,6,1,0
British Columbia,18-24,80-119k,Urban,3,0,0.47,8,1,0
Quebec,18-24,60-79k,Urban,6,1,3.08,10,1,0
Prince Edward Island,45-54,<40k,Urban,5,3,13.96,5,1,0
Quebec,35-44,120k+,Urban,6,0,2.47,9,1,0
Ontario,55-64,120k+,Urban,0,0,0.05,10,0,0
Manitoba,65+,60-79k,Urban,1,1,3.44,8,0,0
Saskatchewan,35-44,60-79k,Urban,1,0,2.42,8,0,0
Saskatchewan,45-54,60-79k,Urban,3,0,0.92,10,1,0
Newfoundland and Labrador,35-44,40-59k,Urban,2,0,2.81,10,0,0
Alberta,65+,<40k,Urban,5,0,1.14,8,1,0
Ontario,55-64,60-79k,Urban,1,1,6.19,7,0,0
Saskatchewan,65+,80-119k,Urban,1,3,13.55,5,0,1
Manitoba,25-34,<40k,Rural,1,1,3.25,10,0,0
Prince Edward Island,55-64,60-79k,Urban,0,0,2.64,9,0,0
Saskatchewan,25-34,120k+,Rural,0,0,2.78,9,0,0
British Columbia,25-34,40-59k,Urban,0,4,22.96,1,0,1
Quebec,65+,40-59k,Rural,0,3,16.62,3,0,0
Saskatchewan,18-24,80-119k,Rural,4,0,0.02,8,1,0
Ontario,65+,40-59k,Rural,2,3,16.52,5,0,0
Nova Scotia,25-34,40-59k,Urban,0,4,21.31,1,0,1
Nova Scotia,55-64,40-59k,Rural,1,0,1.36,9,0,0
Prince Edward Island,25-34,40-59k,Urban,7,1,5.16,6,1,0
Nova Scotia,35-44,120k+,Urban,2,1,4.08,8,0,1
Prince Edward Island,25-34,60-79k,Urban,10,0,2.09,9,1,0
Ontario,45-54,60-79k,Urban,3,0,0.89,8,1,0
Alberta,35-44,60-79k,Urban,8,0,1.68,9,1,0
Nova Scotia,45-54,120k+,Urban,0,3,12.82,3,0,1
Newfoundland and Labrador,18-24,<40k,Rural,1,2,10.38,5,0,0
Manitoba,18-24,40-59k,Urban,4,0,0.57,9,1,0
Quebec,18-24,120k+,Rural,10,0,0.51,9,1,0
Nova Scotia,35-44,120k+,Urban,5,0,0.07,8,1,0
Prince Edward Island,55-64,<40k,Urban,3,0,0.37,9,1,0
Ontario,55-64,<40k,Urban,0,2,8.16,7,0,0
Nova Scotia,25-34,60-79k,Urban,1,0,0.67,8,0,0
Saskatchewan,45-54,<40k,Urban,0,0,0.98,10,0,0
Nova Scotia,55-64,80-119k,Urban,1,0,0.16,8,0,0
Prince Edward Island,25-34,<40k,Urban,1,1,6.74,6,0,0
British Columbia,35-44,<40k,Urban,1,1,3.48,8,0,0
British Columbia,45-54,60-79k,Urban,5,0,2.11,9,1,0
Nova Scotia,25-34,120k+,Urban,0,1,5.14,6,0,0
Quebec,18-24,60-79k,Urban,1,2,9.76,7,0,0
Ontario,25-34,40-59k,Urban,1,0,0.32,8,0,0
Newfoundland and Labrador,45-54,120k+,Rural,1,4,19.7,4,0,0
Newfoundland and Labrador,18-24,60-79k,Urban,1,0,2.34,10,0,0
Nova Scotia,25-34,40-59k,Rural,1,3,14.78,3,0,0
Nova Scotia,35-44,40-59k,Rural,8,0,1.37,10,1,0
British Columbia,18-24,40-59k,Urban,2,0,1.64,8,0,0
Prince Edward Island,25-34,60-79k,Urban,0,0,1.3,8,0,0
Quebec,65+,60-79k,Urban,2,0,2.42,8,0,0
Nova Scotia,18-24,40-59k,Urban,0,4,23.24,1,0,0
Newfoundland and Labrador,45-54,<40k,Urban,0,0,0.95,8,0,0
Ontario,35-44,40-59k,Rural,1,1,6.25,7,0,0
Alberta,45-54,60-79k,Urban,0,2,9.59,6,0,0
Saskatchewan,45-54,<40k,Rural,4,0,1.88,8,1,0
Nova Scotia,25-34,<40k,Rural,5,4,24.06,1,1,0
Prince Edward Island,55-64,120k+,Rural,1,0,1.43,9,0,1
Nova Scotia,35-44,60-79k,Urban,4,3,16.54,4,1,0
Prince Edward Island,55-64,<40k,Urban,1,1,5.51,7,0,0
Quebec,35-44,80-119k,Urban,0,1,4.71,10,0,0
Alberta,65+,<40k,Urban,1,0,2.37,8,0,0
Manitoba,55-64,80-119k,Urban,3,2,7.53,6,1,0
Ontario,65+,80-119k,Urban,0,0,1.74,10,0,0
Ontario,35-44,80-119k,Urban,3,1,3.19,8,1,0
Prince Edward Island,35-44,80-119k,Urban,4,0,0.47,8,1,0
British Columbia,55-64,<40k,Urban,6,0,1.8,9,1,0
Prince Edward Island,55-64,80-119k,Rural,0,0,0.92,9,0,0
British Columbia,65+,<40k,Urban,0,3,13.57,5,0,0
New Brunswick,35-44,40-59k,Urban,0,1,6.82,6,0,0
Newfoundland and Labrador,55-64,120k+,Urban,7,1,4.46,10,1,0
Ontario,25-34,60-79k,Urban,5,2,9.82,7,1,0
Quebec,45-54,120k+,Rural,5,1,5.14,6,1,0
Prince Edward Island,25-34,<40k,Urban,2,0,0.19,8,0,0
Quebec,35-44,60-79k,Urban,2,1,5.7,7,0,0
Alberta,65+,<40k,Urban,1,4,21.59,1,0,1
Quebec,25-34,80-119k,Rural,6,0,1.14,10,1,0
Nova Scotia,45-54,<40k,Urban,5,1,3.26,8,1,0
Newfoundland and Labrador,45-54,<40k,Urban,1,1,4.17,8,0,1
Nova Scotia,25-34,40-59k,Urban,1,0,2.65,8,0,0
Saskatchewan,35-44,80-119k,Urban,4,4,19.22,4,1,0
Prince Edward Island,45-54,<40k,Urban,0,0,0.66,10,0,0
Ontario,25-34,80-119k,Rural,6,0,0.62,10,1,0
Prince Edward Island,55-64,<40k,Urban,2,4,24.24,1,0,1
Newfoundland and Labrador,65+,<40k,Urban,2,1,5.8,6,0,1
Manitoba,25-34,40-59k,Rural,4,0,2.65,9,1,0
Manitoba,25-34,120k+,Urban,3,0,2.74,8,1,0
Saskatchewan,35-44,<40k,Urban,1,3,17.57,4,0,0
Newfoundland and Labrador,55-64,<40k,Urban,8,0,1.46,9,1,0
New Brunswick,25-34,80-119k,Urban,10,0,1.43,9,1,0
New Brunswick,18-24,40-59k,Urban,2,0,2.49,8,0,0
New Brunswick,45-54,80-119k,Urban,3,5,29.98,1,1,0
Ontario,65+,40-59k,Urban,3,2,7.11,6,1,0
Ontario,35-44,60-79k,Urban,2,1,4.33,10,0,0
New Brunswick,35-44,40-59k,Rural,8,1,5.87,6,1,0
Manitoba,65+,60-79k,Urban,1,3,12.74,4,0,0
Newfoundland and Labrador,45-54,80-119k,Rural,0,4,23.49,1,0,1
Quebec,45-54,80-119k,Urban,7,2,11.08,3,1,0
Newfoundland and Labrador,45-54,60-79k,Rural,0,2,7.5,6,0,1
New Brunswick,65+,120k+,Urban,4,0,0.29,10,1,0
Newfoundland and Labrador,45-54,40-59k,Urban,0,0,0.6,9,0,0
Alberta,55-64,40-59k,Urban,8,2,8.78,7,1,0
Ontario,45-54,60-79k,Urban,5,2,9.66,6,1,0
Ontario,55-64,80-119k,Urban,7,3,14.91,3,1,0
Manitoba,25-34,<40k,Urban,8,0,2.56,9,1,0
Quebec,25-34,60-79k,Rural,0,1,3.57,8,0,0
New Brunswick,55-64,40-59k,Urban,2,1,5.79,7,0,0
Prince Edward Island,25-34,80-119k,Rural,3,2,9.74,7,1,0
Manitoba,45-54,80-119k,Rural,5,0,2.21,8,1,0
Manitoba,25-34,60-79k,Urban,1,2,8.71,7,0,1
Quebec,55-64,<40k,Urban,7,0,1.41,8,1,0
Nova Scotia,25-34,80-119k,Urban,1,1,3.11,8,0,0
New Brunswick,55-64,80-119k,Urban,6,1,3.46,9,1,0
Prince Edward Island,45-54,40-59k,Urban,2,0,1.12,9,0,0
Ontario,25-34,60-79k,Urban,2,1,4.93,8,0,0
Quebec,45-54,120k+,Urban,1,4,18.6,5,0,1
Prince Edward Island,25-34,40-59k,Urban,0,0,2.47,8,0,0
Alberta,35-44,40-59k,Urban,1,1,6.78,7,0,0
Manitoba,35-44,40-59k,Rural,2,0,1.79,10,0,0
Quebec,18-24,60-79k,Urban,2,2,7.27,7,0,0
Ontario,65+,120k+,Urban,4,0,2.22,9,1,0
Newfoundland and Labrador,18-24,60-79k,Rural,1,0,0.65,10,0,0
Ontario,45-54,40-59k,Urban,2,2,10.67,3,0,0
Alberta,35-44,80-119k,Urban,7,0,1.3,9,1,0
Quebec,45-54,80-119k,Urban,4,0,0.16,9,1,0
Alberta,35-44,60-79k,Urban,0,5,29.18,1,0,1
New Brunswick,45-54,<40k,Urban,5,1,4.71,9,1,0
New Brunswick,55-64,80-119k,Urban,11,1,5.95,6,1,0
Newfoundland and Labrador,45-54,60-79k,Rural,8,1,3.53,8,1,0
Manitoba,25-34,<40k,Urban,5,3,13.72,4,1,0
Nova Scotia,45-54,60-79k,Urban,3,0,0.25,8,1,0
British Columbia,25-34,120k+,Urban,1,0,1.85,10,0,0
Prince Edward Island,18-24,40-59k,Urban,3,0,1.42,10,1,0
Alberta,35-44,120k+,Urban,4,1,6.72,6,1,0
Prince Edward Island,35-44,<40k,Urban,1,0,2.22,10,0,0
Newfoundland and Labrador,35-44,80-119k,Rural,1,1,6.11,7,0,1
Prince Edward Island,45-54,<40k,Urban,1,0,0.49,10,0,0
Prince Edward Island,25-34,40-59k,Urban,3,2,8.33,7,1,0
Ontario,25-34,60-79k,Urban,1,1,5.05,6,0,0
Quebec,18-24,60-79k,Urban,3,0,0.04,8,1,0
Manitoba,45-54,80-119k,Urban,7,0,2.61,9,1,0
British Columbia,45-54,60-79k,Urban,1,2,10.89,4,0,1
Quebec,35-44,60-79k,Urban,9,2,7.29,6,1,0
Ontario,45-54,120k+,Urban,2,2,11.25,4,0,0
Prince Edward Island,45-54,60-79k,Urban,0,0,0.01,10,0,0
British Columbia,35-44,40-59k,Urban,0,4,18.8,4,0,0
Ontario,35-44,<40k,Urban,1,1,3.22,9,0,0
Ontario,45-54,40-59k,Urban,1,0,1.44,10,0,0
Ontario,45-54,80-119k,Rural,6,0,2.35,8,1,0
New Brunswick,25-34,<40k,Rural,4,1,3.71,10,1,0
British Columbia,25-34,<40k,Rural,6,0,2.31,9,1,0
Ontario,25-34,<40k,Urban,3,3,13.11,5,1,0
Nova Scotia,45-54,60-79k,Urban,2,2,11.95,3,0,1
Prince Edward Island,55-64,40-59k,Urban,1,0,2.56,9,0,0
British Columbia,35-44,<40k,Urban,3,3,16.42,3,1,0
New Brunswick,25-34,60-79k,Urban,3,0,1.78,8,1,0
Alberta,55-64,80-119k,Urban,1,0,0.73,10,0,0
Alberta,55-64,40-59k,Urban,7,2,7.6,6,1,0
Manitoba,55-64,60-79k,Urban,3,1,4.84,10,1,0
Saskatchewan,45-54,<40k,Urban,5,0,1.21,10,1,0
Nova Scotia,55-64,120k+,Urban,3,0,2.02,9,1,0
Alberta,18-24,40-59k,Urban,1,0,0.51,8,0,0
New Brunswick,25-34,120k+,Rural,4,1,5.25,6,1,0
Saskatchewan,18-24,120k+,Rural,1,1,5.77,6,0,0
Ontario,45-54,80-119k,Urban,3,1,4.2,8,1,0
Ontario,18-24,<40k,Urban,2,1,6.12,7,0,0
Newfoundland and Labrador,35-44,60-79k,Urban,0,0,1.3,8,0,0
Prince Edward Island,35-44,<40k,Urban,2,1,3.65,10,0,0
Saskatchewan,25-34,120k+,Urban,1,0,0.58,9,0,0
Prince Edward Island,55-64,80-119k,Urban,0,0,0.84,9,0,0
New Brunswick,25-34,120k+,Urban,5,1,3.63,8,1,0
Nova Scotia,35-44,60-79k,Urban,2,0,1.69,10,0,0
Saskatchewan,55-64,60-79k,Urban,1,0,2.85,10,0,0
Alberta,18-24,60-79k,Urban,2,0,2.69,8,0,0
Nova Scotia,45-54,40-59k,Urban,4,0,0.97,9,1,0
Newfoundland and Labrador,55-64,60-79k,Urban,0,0,2.59,8,0,0
Prince Edward Island,65+,80-119k,Urban,3,0,2.86,10,1,0
Prince Edward Island,55-64,120k+,Urban,2,0,0.88,8,0,0
Nova Scotia,25-34,60-79k,Urban,6,0,2.72,8,1,0
Ontario,45-54,80-119k,Urban,3,0,2.99,8,1,0
Prince Edward Island,18-24,80-119k,Urban,0,0,2.39,10,0,0
Newfoundland and Labrador,25-34,60-79k,Urban,1,2,8.95,7,0,0
Alberta,18-24,40-59k,Urban,3,0,1.83,8,1,0
British Columbia,25-34,80-119k,Urban,0,1,4.46,9,0,1
Alberta,55-64,60-79k,Urban,6,0,2.99,9,1,0
Alberta,35-44,<40k,Urban,0,0,0.2,10,0,0
Prince Edward Island,45-54,40-59k,Urban,0,0,2.68,8,0,1
Quebec,35-44,120k+,Rural,0,0,0.22,8,0,1
Ontario,35-44,<40k,Urban,4,0,0.13,9,1,0
Prince Edward Island,65+,80-119k,Rural,2,0,2.82,9,0,0
Ontario,25-34,80-119k,Urban,0,0,2.6,9,0,0
New Brunswick,45-54,80-119k,Urban,6,2,8.81,6,1,0
Quebec,35-44,60-79k,Urban,0,0,2.87,10,0,0
Prince Edward Island,18-24,80-119k,Rural,1,0,2.59,9,0,0
Manitoba,35-44,60-79k,Urban,0,2,11.51,5,0,1
Alberta,55-64,<40k,Urban,7,0,1.79,10,1,0
New Brunswick,18-24,120k+,Urban,4,0,2.87,10,1,0
Quebec,18-24,60-79k,Rural,4,0,2.43,8,1,0
Prince Edward Island,25-34,80-119k,Urban,0,0,2.82,10,0,0
Newfoundland and Labrador,55-64,60-79k,Rural,2,0,0.84,9,0,0
Nova Scotia,55-64,<40k,Urban,3,3,15.19,3,1,1
Nova Scotia,45-54,120k+,Urban,1,2,11.34,4,0,1
Ontario,35-44,80-119k,Urban,1,0,1.74,10,0,1
Quebec,55-64,<40k,Urban,6,0,2.4,9,1,0
Alberta,55-64,120k+,Rural,0,0,2.92,9,0,0
Alberta,55-64,80-119k,Urban,3,0,2.41,10,1,0
British Columbia,55-64,60-79k,Rural,1,2,8.58,7,0,0
Nova Scotia,45-54,60-79k,Urban,4,0,0.36,9,1,0
New Brunswick,35-44,<40k,Urban,0,0,0.82,10,0,0
Quebec,55-64,60-79k,Urban,1,0,1.99,10,0,0
Alberta,65+,<40k,Urban,3,3,12.07,5,1,0
British Columbia,18-24,60-79k,Urban,10,0,0.57,9,1,0
Quebec,18-24,60-79k,Urban,9,3,13.96,4,1,1
Saskatchewan,65+,120k+,Urban,1,1,6.5,7,0,0
Alberta,25-34,80-119k,Rural,0,0,0.15,8,0,0
Saskatchewan,55-64,40-59k,Rural,3,0,0.15,9,1,0
Quebec,35-44,120k+,Urban,2,0,1.66,10,0,0
Alberta,25-34,60-79k,Urban,5,0,0.53,10,1,0
Saskatchewan,18-24,60-79k,Urban,2,1,3.97,8,0,1
Manitoba,25-34,<40k,Urban,2,1,3.74,8,0,0
British Columbia,25-34,80-119k,Urban,3,0,1.74,8,1,0
New Brunswick,35-44,120k+,Urban,0,0,0.17,8,0,0
Nova Scotia,45-54,80-119k,Urban,4,2,11.7,4,1,0
British Columbia,65+,120k+,Urban,2,3,12.74,4,0,0
Saskatchewan,35-44,40-59k,Urban,5,3,17.71,5,1,0
Alberta,35-44,80-119k,Urban,0,1,6.11,7,0,0
Manitoba,45-54,60-79k,Urban,1,0,2.48,8,0,0
Manitoba,45-54,<40k,Urban,8,0,0.52,8,1,0
Nova Scotia,35-44,80-119k,Rural,3,0,2.01,8,1,0
Manitoba,18-24,80-119k,Urban,7,1,6.27,7,1,0
British Columbia,18-24,40-59k,Urban,4,0,1.67,8,1,0
Prince Edward Island,18-24,<40k,Urban,7,1,5.2,7,1,0
Manitoba,25-34,40-59k,Urban,1,2,7.8,6,0,0
Nova Scotia,45-54,40-59k,Urban,0,0,1.24,10,0,0
Manitoba,25-34,<40k,Urban,5,3,12.9,4,1,0
Manitoba,55-64,40-59k,Urban,5,0,2.92,8,1,0
Newfoundland and Labrador,65+,40-59k,Urban,3,0,2.05,9,1,0
British Columbia,65+,120k+,Urban,3,2,7.24,7,1,0
Saskatchewan,65+,80-119k,Urban,7,3,14.86,5,1,0
Ontario,25-34,40-59k,Urban,0,2,10.19,4,0,0
Prince Edward Island,35-44,120k+,Urban,3,2,7.48,7,1,0
Manitoba,25-34,80-119k,Urban,0,3,15.99,3,0,1
New Brunswick,55-64,60-79k,Urban,0,0,0.53,9,0,1
Manitoba,55-64,60-79k,Urban,2,1,4.63,10,0,0
Newfoundland and Labrador,55-64,60-79k,Urban,5,0,1.88,10,1,0
Saskatchewan,35-44,40-59k,Urban,4,0,1.1,10,1,0
New Brunswick,55-64,40-59k,Rural,9,1,4.52,9,1,0
Prince Edward Island,18-24,60-79k,Urban,0,1,6.37,6,0,0
New Brunswick,18-24,60-79k,Urban,1,0,0.93,8,0,0
British Columbia,55-64,80-119k,Urban,0,0,1.97,8,0,1
Nova Scotia,35-44,40-59k,Rural,0,4,23.94,1,0,0
Nova Scotia,65+,80-119k,Rural,1,0,0.46,10,0,0
Prince Edward Island,18-24,60-79k,Urban,1,5,25.69,1,0,0
Saskatchewan,55-64,120k+,Rural,2,2,11.13,3,0,0
Nova Scotia,35-44,40-59k,Urban,0,1,5.2,7,0,1
Quebec,55-64,120k+,Urban,2,0,2.48,10,0,0
Newfoundland and Labrador,55-64,80-119k,Urban,7,0,0.64,10,1,0
Prince Edward Island,65+,80-119k,Urban,4,0,2.5,9,1,0
Prince Edward Island,25-34,80-119k,Urban,6,1,3.38,10,1,0
Ontario,65+,<40k,Urban,5,0,2.65,10,1,0
Ontario,25-34,120k+,Urban,1,2,11.11,3,0,1
British Columbia,18-24,<40k,Urban,4,1,5.27,6,1,0
British Columbia,35-44,60-79k,Urban,4,0,1.83,9,1,0
Ontario,55-64,40-59k,Urban,0,2,8.73,6,0,0
Nova Scotia,35-44,60-79k,Urban,6,0,0.6,8,1,0
Alberta,55-64,60-79k,Urban,2,0,1.37,10,0,0
Prince Edward Island,55-64,120k+,Urban,0,0,1.97,9,0,0
Quebec,25-34,60-79k,Urban,3,0,3.0,10,1,0
Prince Edward Island,65+,120k+,Urban,4,2,11.09,5,1,0
Manitoba,18-24,60-79k,Urban,3,1,4.74,9,1,0
Saskatchewan,55-64,<40k,Rural,0,1,5.97,6,0,0
Newfoundland and Labrador,25-34,40-59k,Urban,2,1,3.43,9,0,0
Alberta,35-44,80-119k,Urban,2,1,4.66,10,0,0
Quebec,35-44,<40k,Urban,9,1,4.7,9,1,0
Manitoba,25-34,60-79k,Rural,5,2,11.99,3,1,0
British Columbia,35-44,<40k,Urban,5,0,1.17,9,1,0
Quebec,25-34,60-79k,Urban,0,2,7.42,7,0,0
Ontario,25-34,80-119k,Urban,1,2,7.34,7,0,0
Prince Edward Island,25-34,60-79k,Urban,1,0,2.1,10,0,0
Quebec,35-44,<40k,Urban,2,0,0.87,10,0,1
Saskatchewan,55-64,40-59k,Urban,0,2,11.34,5,0,0
New Brunswick,45-54,40-59k,Urban,3,2,9.41,6,1,0
British Columbia,55-64,<40k,Urban,1,0,0.99,8,0,0
Newfoundland and Labrador,45-54,60-79k,Urban,3,0,2.28,9,1,0
Newfoundland and Labrador,45-54,60-79k,Urban,0,0,1.25,9,0,0
Quebec,45-54,<40k,Urban,1,0,2.21,9,0,0
New Brunswick,35-44,60-79k,Rural,5,0,2.14,8,1,0
Prince Edward Island,45-54,60-79k,Urban,2,0,2.17,9,0,0
Manitoba,18-24,40-59k,Urban,5,0,2.57,9,1,0
Alberta,55-64,60-79k,Urban,4,0,2.55,8,1,0
Prince Edward Island,55-64,40-59k,Urban,6,2,10.32,5,1,0
Manitoba,25-34,60-79k,Urban,0,0,2.87,10,0,1
Alberta,55-64,80-119k,Rural,1,1,3.08,8,0,0
New Brunswick,18-24,<40k,Urban,3,1,6.72,6,1,0
Alberta,25-34,60-79k,Urban,8,2,7.74,6,1,0
Prince Edward Island,18-24,60-79k,Urban,4,0,0.63,8,1,0
Saskatchewan,55-64,40-59k,Urban,2,0,2.45,9,0,0
Quebec,55-64,80-119k,Rural,0,3,14.4,4,0,0
Manitoba,55-64,60-79k,Urban,2,2,9.13,6,0,0
Saskatchewan,18-24,60-79k,Urban,2,1,4.04,10,0,0
Manitoba,35-44,80-119k,Urban,5,0,0.67,9,1,0
Quebec,45-54,80-119k,Urban,2,0,0.32,10,0,0
Nova Scotia,25-34,120k+,Rural,1,0,0.59,9,0,0
Alberta,45-54,80-119k,Urban,0,0,1.7,10,0,0
New Brunswick,18-24,120k+,Urban,0,0,2.12,8,0,0
Nova Scotia,25-34,<40k,Rural,2,0,2.22,9,0,0
Nova Scotia,35-44,60-79k,Rural,1,0,1.11,9,0,0
Newfoundland and Labrador,45-54,40-59k,Urban,3,2,11.61,4,1,0
Ontario,25-34,<40k,Urban,4,1,4.31,8,1,0
Prince Edward Island,25-34,60-79k,Urban,0,0,0.33,8,0,1
Saskatchewan,25-34,80-119k,Urban,2,4,24.62,2,0,1
Saskatchewan,25-34,60-79k,Urban,6,2,9.7,6,1,0
Saskatchewan,25-34,80-119k,Urban,2,0,2.91,10,0,0
Saskatchewan,35-44,60-79k,Urban,2,0,1.18,10,0,0
Prince Edward Island,45-54,60-79k,Urban,2,0,2.27,9,0,0
Nova Scotia,35-44,40-59k,Urban,1,1,3.44,10,0,0
Prince Edward Island,55-64,40-59k,Urban,0,0,2.56,10,0,0
Saskatchewan,45-54,40-59k,Urban,0,0,0.51,9,0,0
Ontario,25-34,80-119k,Urban,0,0,0.21,10,0,0
British Columbia,18-24,<40k,Urban,5,1,3.39,9,1,0
Quebec,55-64,<40k,Urban,1,0,1.67,9,0,0
Saskatchewan,18-24,80-119k,Urban,8,0,0.88,10,1,0
New Brunswick,25-34,60-79k,Urban,5,0,2.88,10,1,0
British Columbia,18-24,60-79k,Urban,4,0,2.56,10,1,0
Prince Edward Island,45-54,<40k,Urban,4,0,2.41,8,1,0
New Brunswick,45-54,60-79k,Urban,0,0,2.43,10,0,0
New Brunswick,65+,80-119k,Urban,3,0,2.67,8,1,0
Manitoba,55-64,120k+,Urban,8,0,2.6,9,1,0
New Brunswick,35-44,80-119k,Rural,0,0,2.78,9,0,0
Saskatchewan,35-44,<40k,Urban,1,0,2.8,10,0,0
Manitoba,25-34,80-119k,Rural,0,0,0.89,10,0,0
Newfoundland and Labrador,25-34,40-59k,Urban,3,0,0.66,10,1,0
Nova Scotia,25-34,40-59k,Rural,0,0,1.93,8,0,1
New Brunswick,25-34,40-59k,Urban,2,0,0.37,9,0,0
Ontario,25-34,80-119k,Urban,4,0,0.63,8,1,0
Quebec,25-34,80-119k,Urban,0,3,16.64,5,0,1
New Brunswick,25-34,60-79k,Urban,4,2,10.25,3,1,1
Newfoundland and Labrador,65+,80-119k,Urban,0,0,1.95,9,0,1
Alberta,45-54,40-59k,Urban,0,0,2.85,10,0,0
Prince Edward Island,65+,60-79k,Rural,1,4,22.67,1,0,1
Prince Edward Island,35-44,80-119k,Urban,5,0,1.29,9,1,0
Newfoundland and Labrador,35-44,80-119k,Rural,6,2,8.4,6,1,0
Alberta,35-44,80-119k,Urban,1,2,8.69,6,0,0
Prince Edward Island,25-34,40-59k,Urban,0,4,19.94,5,0,0
Prince Edward Island,25-34,80-119k,Urban,6,0,0.1,10,1,0
Prince Edward Island,65+,60-79k,Urban,3,0,0.78,8,1,0
Newfoundland and Labrador,65+,80-119k,Urban,0,0,2.51,8,0,0
Nova Scotia,18-24,60-79k,Urban,3,1,5.91,6,1,0
Quebec,25-34,120k+,Urban,6,0,1.87,10,1,0
Newfoundland and Labrador,35-44,<40k,Urban,0,0,2.71,8,0,0
Alberta,25-34,80-119k,Urban,0,0,0.79,8,0,0
New Brunswick,35-44,60-79k,Urban,1,1,5.31,6,0,0
Nova Scotia,25-34,<40k,Urban,3,0,0.09,10,1,0
Nova Scotia,35-44,<40k,Urban,0,1,6.57,6,0,0
New Brunswick,25-34,80-119k,Urban,5,1,4.79,8,1,0
Ontario,35-44,<40k,Urban,4,0,0.53,8,1,0
Manitoba,18-24,40-59k,Urban,3,0,0.72,8,1,0
Quebec,35-44,120k+,Urban,0,2,11.24,5,0,0
Quebec,65+,80-119k,Urban,10,0,0.33,8,1,0
Ontario,35-44,40-59k,Rural,2,2,11.63,5,0,0
Manitoba,55-64,60-79k,Urban,2,2,8.87,6,0,0
Quebec,55-64,60-79k,Urban,12,1,4.0,8,1,0
Alberta,65+,80-119k,Urban,6,1,4.33,9,1,0
British Columbia,55-64,80-119k,Urban,2,0,1.23,9,0,0
British Columbia,45-54,80-119k,Urban,2,2,9.74,7,0,0
Quebec,55-64,40-59k,Urban,0,0,1.76,8,0,0
Saskatchewan,18-24,80-119k,Urban,7,1,4.79,9,1,0
Quebec,35-44,<40k,Urban,6,0,1.34,9,1,0
New Brunswick,65+,<40k,Urban,1,3,13.71,5,0,1
New Brunswick,55-64,80-119k,Urban,4,4,20.69,2,1,1
Manitoba,65+,<40k,Rural,5,1,4.87,9,1,0
Prince Edward Island,55-64,60-79k,Rural,1,0,1.79,9,0,0
Nova Scotia,55-64,80-119k,Urban,3,0,0.39,10,1,0
Alberta,45-54,40-59k,Urban,1,0,2.29,8,0,0
Ontario,55-64,<40k,Urban,5,2,10.4,4,1,0
Quebec,45-54,80-119k,Urban,0,1,4.2,10,0,1
Prince Edward Island,65+,120k+,Urban,4,0,1.38,10,1,0
Prince Edward Island,55-64,80-119k,Urban,1,2,11.73,4,0,1
Alberta,55-64,60-79k,Urban,0,0,0.06,10,0,0
Ontario,45-54,40-59k,Urban,0,2,11.06,4,0,0
New Brunswick,25-34,<40k,Urban,3,0,1.54,8,1,0
Newfoundland and Labrador,18-24,80-119k,Urban,1,0,1.86,9,0,0
Alberta,65+,40-59k,Urban,3,1,5.74,7,1,0
Prince Edward Island,45-54,80-119k,Urban,2,3,14.74,3,0,1
British Columbia,25-34,60-79k,Rural,4,0,0.58,10,1,0
Quebec,25-34,60-79k,Urban,2,0,2.73,10,0,0
Manitoba,55-64,80-119k,Urban,1,2,10.7,3,0,1
British Columbia,55-64,80-119k,Urban,0,3,15.36,4,0,1
Prince Edward Island,55-64,80-119k,Urban,1,4,21.14,2,0,1
Nova Scotia,45-54,120k+,Urban,3,0,1.5,9,1,0
Saskatchewan,35-44,120k+,Urban,4,1,6.29,7,1,0
Ontario,25-34,120k+,Rural,0,2,7.06,7,0,0
New Brunswick,18-24,80-119k,Urban,4,0,2.6,9,1,0
Quebec,55-64,80-119k,Rural,0,0,0.14,10,0,0
Manitoba,18-24,80-119k,Urban,1,1,5.46,6,0,0
Newfoundland and Labrador,45-54,<40k,Urban,2,0,1.0,8,0,0
New Brunswick,35-44,40-59k,Urban,1,0,2.03,9,0,0
Quebec,45-54,<40k,Urban,4,0,0.26,10,1,0
Newfoundland and Labrador,65+,<40k,Rural,8,1,5.22,6,1,0
Manitoba,18-24,60-79k,Urban,0,0,2.57,10,0,0
Prince Edward Island,55-64,<40k,Urban,3,3,14.97,3,1,0
Saskatchewan,18-24,120k+,Urban,7,0,0.25,10,1,0
British Columbia,18-24,80-119k,Urban,0,0,0.11,8,0,0
British Columbia,35-44,<40k,Urban,1,4,22.35,1,0,1
Prince Edward Island,18-24,40-59k,Urban,0,1,3.28,8,0,0
New Brunswick,55-64,80-119k,Urban,3,0,0.21,9,1,0
Prince Edward Island,45-54,80-119k,Urban,4,2,9.13,7,1,0
Prince Edward Island,18-24,120k+,Urban,4,1,3.84,10,1,0
Quebec,18-24,120k+,Urban,3,1,3.82,9,1,0
Quebec,45-54,120k+,Urban,4,3,14.89,4,1,0
Manitoba,55-64,60-79k,Urban,0,0,0.84,10,0,0
Saskatchewan,35-44,40-59k,Urban,8,0,0.66,8,1,0
Quebec,45-54,80-119k,Urban,1,2,9.57,6,0,0
Manitoba,55-64,40-59k,Urban,0,0,0.87,10,0,0
Nova Scotia,45-54,80-119k,Urban,8,3,12.48,5,1,0
Prince Edward Island,25-34,60-79k,Rural,5,0,2.05,9,1,0
Prince Edward Island,45-54,80-119k,Urban,5,0,1.76,8,1,0
New Brunswick,45-54,40-59k,Urban,0,0,0.64,9,0,0
Nova Scotia,55-64,60-79k,Urban,5,1,5.33,6,1,0
New Brunswick,45-54,60-79k,Urban,3,0,2.87,8,1,0
Newfoundland and Labrador,65+,120k+,Urban,4,0,2.87,9,1,0
Manitoba,25-34,40-59k,Urban,9,4,21.72,2,1,1
Manitoba,65+,120k+,Urban,0,3,12.59,3,0,1
Prince Edward Island,45-54,80-119k,Rural,2,0,1.37,8,0,0
Alberta,45-54,80-119k,Urban,4,0,0.08,8,1,0
Newfoundland and Labrador,18-24,80-119k,Urban,2,0,1.25,9,0,0
Manitoba,35-44,60-79k,Urban,0,2,11.55,4,0,0
Quebec,55-64,40-59k,Urban,0,1,4.87,10,0,0
Prince Edward Island,45-54,40-59k,Urban,3,2,9.75,6,1,0
New Brunswick,18-24,80-119k,Urban,1,3,12.95,3,0,0
Nova Scotia,45-54,80-119k,Urban,0,1,3.06,8,0,0
New Brunswick,18-24,40-59k,Urban,1,0,2.98,9,0,0
British Columbia,65+,60-79k,Urban,0,0,1.01,8,0,0
Alberta,55-64,60-79k,Rural,0,2,8.4,7,0,0
Manitoba,18-24,<40k,Rural,0,1,5.29,7,0,0
Saskatchewan,55-64,60-79k,Urban,6,3,16.47,4,1,0
Ontario,65+,40-59k,Urban,0,3,13.51,4,0,1
Alberta,35-44,<40k,Urban,5,0,1.57,9,1,0
Prince Edward Island,45-54,60-79k,Urban,4,0,1.0,10,1,0
Manitoba,35-44,60-79k,Urban,3,1,4.92,9,1,0
Nova Scotia,45-54,<40k,Urban,0,0,0.48,10,0,0
Manitoba,35-44,60-79k,Urban,6,0,1.53,9,1,0
Ontario,35-44,40-59k,Urban,2,0,0.14,9,0,0
Nova Scotia,35-44,<40k,Urban,0,2,11.2,3,0,1
New Brunswick,25-34,<40k,Urban,2,4,22.39,2,0,1
Nova Scotia,55-64,<40k,Rural,0,0,2.82,8,0,0
Alberta,35-44,40-59k,Urban,1,1,5.4,7,0,0
New Brunswick,35-44,80-119k,Rural,2,1,3.73,10,0,0
Manitoba,55-64,60-79k,Rural,1,2,9.42,6,0,1
Prince Edward Island,35-44,<40k,Urban,3,1,5.66,6,1,0
Newfoundland and Labrador,45-54,<40k,Urban,7,0,1.12,9,1,0
Prince Edward Island,65+,40-59k,Urban,1,0,1.66,8,0,0
Manitoba,55-64,80-119k,Rural,1,0,0.49,9,0,0
Ontario,25-34,40-59k,Urban,4,3,16.66,3,1,0
Newfoundland and Labrador,35-44,<40k,Urban,2,0,2.73,10,0,0
Manitoba,65+,60-79k,Urban,2,4,20.2,1,0,1
Saskatchewan,35-44,60-79k,Urban,5,0,2.38,10,1,0
Alberta,35-44,<40k,Urban,6,1,3.37,8,1,0
Saskatchewan,25-34,80-119k,Urban,3,2,8.23,6,1,0
New Brunswick,25-34,40-59k,Urban,0,2,9.31,6,0,0
British Columbia,55-64,<40k,Rural,2,0,1.16,10,0,0
Manitoba,55-64,80-119k,Urban,2,0,1.86,10,0,0
Quebec,65+,80-119k,Urban,2,0,1.69,10,0,1
Quebec,55-64,80-119k,Rural,1,2,7.44,7,0,0
Nova Scotia,25-34,40-59k,Urban,2,2,7.66,6,0,1
Prince Edward Island,18-24,60-79k,Urban,2,0,0.16,8,0,0
Prince Edward Island,65+,40-59k,Urban,0,0,2.86,10,0,0
Prince Edward Island,35-44,80-119k,Rural,7,0,1.94,9,1,0
Saskatchewan,25-34,60-79k,Urban,6,0,2.57,8,1,0
Alberta,65+,<40k,Urban,5,0,1.62,9,1,0
Manitoba,45-54,80-119k,Urban,2,5,27.91,1,0,0
Ontario,25-34,80-119k,Urban,1,2,10.13,3,0,1
Nova Scotia,55-64,40-59k,Rural,4,0,1.52,10,1,0
New Brunswick,65+,120k+,Urban,3,0,1.22,8,1,0
Newfoundland and Labrador,18-24,80-119k,Urban,3,0,1.12,8,1,0
New Brunswick,55-64,<40k,Urban,0,0,1.95,10,0,0
Manitoba,35-44,120k+,Urban,3,2,10.09,5,1,0
British Columbia,45-54,60-79k,Urban,7,0,0.45,8,1,0
Prince Edward Island,65+,80-119k,Urban,0,0,2.45,9,0,0
Newfoundland and Labrador,65+,80-119k,Urban,1,0,1.91,8,0,0
Saskatchewan,25-34,60-79k,Urban,2,0,1.61,10,0,0
Manitoba,25-34,40-59k,Urban,4,0,2.25,10,1,0
British Columbia,18-24,120k+,Urban,0,2,7.77,7,0,1
Saskatchewan,45-54,40-59k,Urban,6,2,11.6,4,1,0
British Columbia,18-24,40-59k,Rural,0,0,0.81,9,0,0
Prince Edward Island,35-44,40-59k,Urban,6,1,4.05,8,1,0
Saskatchewan,18-24,80-119k,Urban,0,1,6.26,6,0,0
Alberta,35-44,120k+,Urban,0,1,4.34,9,0,0
Quebec,18-24,40-59k,Urban,5,1,6.32,6,1,0
New Brunswick,55-64,80-119k,Urban,6,3,13.97,5,1,0
Alberta,25-34,40-59k,Urban,10,0,1.65,8,1,0
Newfoundland and Labrador,35-44,120k+,Urban,0,0,0.69,8,0,0
Nova Scotia,55-64,60-79k,Urban,2,2,10.66,4,0,1
Quebec,55-64,<40k,Urban,0,2,7.83,6,0,1
Alberta,25-34,<40k,Urban,0,0,2.7,8,0,0
Manitoba,18-24,<40k,Urban,0,1,4.49,8,0,0
British Columbia,45-54,40-59k,Rural,0,0,1.41,10,0,0
Newfoundland and Labrador,35-44,80-119k,Rural,6,2,7.12,6,1,0
Manitoba,55-64,40-59k,Urban,0,1,6.9,6,0,0
Quebec,35-44,120k+,Urban,3,0,2.44,8,1,0
British Columbia,35-44,80-119k,Urban,3,1,4.79,9,1,0
Newfoundland and Labrador,35-44,80-119k,Urban,0,0,2.76,8,0,0
Nova Scotia,55-64,40-59k,Urban,13,0,2.79,8,1,0
Quebec,65+,120k+,Urban,1,3,15.2,5,0,0
Newfoundland and Labrador,18-24,80-119k,Urban,7,0,0.7,10,1,0
Alberta,45-54,80-119k,Urban,8,0,1.46,8,1,0
Newfoundland and Labrador,18-24,120k+,Rural,8,1,4.3,10,1,0
Quebec,35-44,<40k,Urban,4,2,9.24,6,1,0
Prince Edward Island,55-64,<40k,Rural,1,0,2.73,10,0,0
Alberta,35-44,80-119k,Rural,0,1,4.13,9,0,0
Manitoba,65+,80-119k,Urban,3,0,2.52,8,1,0
Quebec,45-54,60-79k,Urban,1,2,11.68,3,0,1
Prince Edward Island,65+,40-59k,Urban,5,0,2.42,10,1,0
Ontario,55-64,80-119k,Urban,4,1,5.11,6,1,0
Nova Scotia,25-34,40-59k,Urban,1,1,5.26,6,0,0
Prince Edward Island,25-34,40-59k,Urban,0,0,2.46,8,0,0
Ontario,35-44,60-79k,Rural,1,0,0.13,10,0,0
New Brunswick,25-34,40-59k,Rural,3,0,2.21,10,1,0
British Columbia,35-44,60-79k,Urban,0,3,15.17,3,0,1
Prince Edward Island,35-44,120k+,Urban,3,0,1.19,9,1,0
Saskatchewan,65+,80-119k,Rural,4,3,16.6,4,1,0
Nova Scotia,35-44,120k+,Urban,0,0,0.8,8,0,0
Prince Edward Island,55-64,80-119k,Urban,3,0,2.69,9,1,0
Ontario,65+,40-59k,Rural,3,4,22.82,1,1,0
Saskatchewan,55-64,80-119k,Urban,2,1,5.44,7,0,0
Nova Scotia,25-34,120k+,Urban,8,2,9.62,6,1,0
Saskatchewan,35-44,120k+,Rural,0,3,13.28,4,0,0
Alberta,35-44,80-119k,Urban,2,5,34.25,2,0,0
Ontario,35-44,40-59k,Urban,6,0,2.17,8,1,0
Newfoundland and Labrador,35-44,<40k,Urban,1,0,0.04,8,0,0
Alberta,55-64,<40k,Urban,2,0,1.1,10,0,0
Nova Scotia,35-44,120k+,Urban,4,2,11.16,4,1,0
Nova Scotia,45-54,60-79k,Rural,4,0,1.9,9,1,0
Quebec,65+,80-119k,Urban,0,1,5.46,7,0,0
Ontario,18-24,60-79k,Urban,2,2,8.14,7,0,0
New Brunswick,35-44,80-119k,Urban,1,1,5.53,7,0,0
New Brunswick,55-64,<40k,Urban,3,0,2.36,8,1,0
Nova Scotia,25-34,40-59k,Rural,3,0,1.21,10,1,0
New Brunswick,45-54,60-79k,Urban,3,0,0.55,9,1,0
British Columbia,25-34,80-119k,Urban,3,0,0.23,10,1,0
Quebec,55-64,<40k,Urban,1,0,1.52,8,0,0
Nova Scotia,35-44,80-119k,Urban,1,0,2.05,8,0,1
New Brunswick,35-44,40-59k,Urban,1,2,7.81,6,0,0
Ontario,45-54,80-119k,Urban,1,4,20.95,1,0,0
Prince Edward Island,25-34,<40k,Rural,4,4,21.98,1,1,0
Newfoundland and Labrador,25-34,80-119k,Urban,3,0,0.47,9,1,0
Alberta,35-44,40-59k,Urban,0,2,8.35,6,0,1
Alberta,35-44,80-119k,Rural,6,1,5.43,6,1,0
British Columbia,45-54,60-79k,Urban,2,2,10.63,4,0,0
Saskatchewan,45-54,80-119k,Urban,0,2,10.18,3,0,1
Ontario,45-54,120k+,Urban,0,5,35.7,2,0,1
Saskatchewan,45-54,<40k,Urban,3,0,1.74,8,1,0
Quebec,25-34,<40k,Urban,1,2,11.18,5,0,0
Newfoundland and Labrador,25-34,80-119k,Rural,6,1,6.31,7,1,0
Quebec,55-64,80-119k,Rural,2,0,2.39,9,0,0
Nova Scotia,55-64,40-59k,Urban,7,0,1.73,10,1,0
Ontario,25-34,60-79k,Urban,0,0,2.98,10,0,0
Nova Scotia,35-44,<40k,Urban,4,3,12.23,3,1,0
Manitoba,35-44,40-59k,Urban,6,3,13.17,4,1,0
New Brunswick,45-54,60-79k,Urban,1,1,6.24,6,0,1
Alberta,45-54,80-119k,Urban,0,0,2.48,10,0,0
Prince Edward Island,18-24,60-79k,Rural,2,0,2.46,10,0,0
Nova Scotia,55-64,60-79k,Urban,8,2,11.36,3,1,0
Saskatchewan,18-24,120k+,Urban,3,0,1.27,8,1,0
Manitoba,35-44,40-59k,Urban,3,0,2.8,10,1,0
Alberta,55-64,80-119k,Urban,4,2,8.05,7,1,0
Nova Scotia,35-44,80-119k,Urban,0,1,6.75,7,0,0
Manitoba,25-34,40-59k,Urban,2,1,5.23,6,0,0
Manitoba,65+,40-59k,Urban,0,0,0.49,10,0,0
Ontario,55-64,120k+,Urban,1,0,2.21,8,0,0
Quebec,55-64,120k+,Rural,5,1,4.18,8,1,0
Manitoba,35-44,40-59k,Urban,3,0,0.66,10,1,0
British Columbia,25-34,<40k,Rural,12,0,0.52,8,1,0
Quebec,65+,40-59k,Urban,0,0,0.09,8,0,0
Alberta,45-54,40-59k,Urban,1,0,2.29,10,0,0
Alberta,55-64,60-79k,Rural,5,0,1.46,8,1,0
Alberta,35-44,60-79k,Urban,0,0,2.94,10,0,1
Alberta,35-44,120k+,Rural,0,0,1.32,10,0,0
British Columbia,65+,40-59k,Urban,2,0,2.53,10,0,0
Nova Scotia,45-54,80-119k,Urban,1,0,2.9,8,0,0
Newfoundland and Labrador,25-34,<40k,Urban,10,2,7.11,7,1,0
Manitoba,25-34,<40k,Urban,2,0,0.32,9,0,0
Alberta,35-44,60-79k,Rural,6,0,1.04,8,1,0
Quebec,18-24,<40k,Urban,6,0,2.61,8,1,0
Quebec,35-44,40-59k,Urban,0,0,2.51,10,0,0
Manitoba,35-44,120k+,Urban,4,0,1.1,9,1,0
Nova Scotia,55-64,40-59k,Urban,1,0,0.6,9,0,1
Prince Edward Island,35-44,80-119k,Urban,0,0,2.41,8,0,0
Prince Edward Island,65+,40-59k,Urban,6,0,1.79,10,1,0
Newfoundland and Labrador,25-34,<40k,Urban,1,0,0.09,8,0,1
Nova Scotia,45-54,60-79k,Urban,1,0,2.41,8,0,0
Manitoba,18-24,80-119k,Urban,1,0,2.87,9,0,0
Prince Edward Island,55-64,60-79k,Urban,0,0,0.13,8,0,0
Prince Edward Island,65+,60-79k,Urban,2,3,13.72,4,0,1
Prince Edward Island,55-64,120k+,Urban,2,0,2.46,8,0,0
Saskatchewan,45-54,80-119k,Urban,2,5,33.77,2,0,1
British Columbia,35-44,40-59k,Urban,7,4,24.93,2,1,1
Manitoba,55-64,80-119k,Rural,1,0,2.75,9,0,0
New Brunswick,65+,60-79k,Rural,0,1,3.71,9,0,0
Ontario,65+,80-119k,Rural,0,3,16.04,5,0,1
Ontario,35-44,60-79k,Urban,4,0,1.96,9,1,0
Nova Scotia,65+,<40k,Rural,3,0,0.33,10,1,0
Manitoba,25-34,60-79k,Urban,8,0,0.27,10,1,0
Manitoba,25-34,60-79k,Urban,4,1,5.28,6,1,0
Ontario,18-24,60-79k,Urban,0,0,1.21,9,0,0
Newfoundland and Labrador,25-34,120k+,Urban,0,3,15.27,3,0,1
Ontario,55-64,120k+,Urban,2,0,0.72,8,0,0
Manitoba,55-64,60-79k,Urban,4,3,15.34,4,1,0
Prince Edward Island,55-64,60-79k,Urban,0,0,1.15,9,0,0
Newfoundland and Labrador,45-54,60-79k,Urban,3,1,6.55,7,1,0
Alberta,35-44,60-79k,Rural,6,1,4.22,8,1,0
New Brunswick,45-54,120k+,Urban,4,0,2.61,8,1,0
Saskatchewan,35-44,80-119k,Urban,4,3,14.34,4,1,1
British Columbia,55-64,40-59k,Urban,5,0,1.73,10,1,0
Alberta,45-54,60-79k,Urban,0,0,0.86,10,0,0
Quebec,45-54,80-119k,Urban,0,4,23.66,1,0,0
Ontario,45-54,80-119k,Rural,0,0,2.53,10,0,0
New Brunswick,55-64,60-79k,Urban,0,0,2.43,8,0,1
Ontario,25-34,<40k,Urban,7,0,1.92,9,1,0
Ontario,35-44,<40k,Urban,1,1,4.22,8,0,0
Alberta,55-64,40-59k,Urban,4,0,1.91,10,1,0
Prince Edward Island,35-44,60-79k,Rural,4,1,6.84,6,1,0
Prince Edward Island,55-64,<40k,Urban,3,1,5.59,6,1,0
Saskatchewan,35-44,80-119k,Urban,3,0,2.87,9,1,0
Newfoundland and Labrador,35-44,40-59k,Urban,2,0,0.91,9,0,0
Ontario,55-64,120k+,Rural,2,1,6.38,7,0,0
Nova Scotia,35-44,<40k,Urban,7,1,5.87,6,1,0
Prince Edward Island,35-44,<40k,Urban,0,0,2.46,9,0,0
Manitoba,35-44,60-79k,Urban,0,0,2.13,9,0,0
New Brunswick,25-34,40-59k,Urban,2,3,14.88,4,0,1
Nova Scotia,45-54,120k+,Urban,1,2,10.43,3,0,1
Alberta,25-34,<40k,Urban,2,1,6.73,6,0,0
Alberta,55-64,60-79k,Urban,13,0,1.25,10,1,0
Saskatchewan,55-64,120k+,Urban,5,1,6.81,6,1,0
Saskatchewan,25-34,40-59k,Rural,6,0,0.15,9,1,0
Newfoundland and Labrador,45-54,<40k,Rural,1,1,3.06,9,0,0
Manitoba,45-54,40-59k,Urban,1,1,4.98,9,0,0
New Brunswick,25-34,60-79k,Rural,5,0,2.55,8,1,0
Manitoba,25-34,40-59k,Urban,5,0,0.74,8,1,0
Quebec,35-44,60-79k,Urban,3,1,5.77,7,1,0
Saskatchewan,45-54,80-119k,Urban,6,2,9.73,6,1,0
Newfoundland and Labrador,45-54,120k+,Urban,9,1,4.16,9,1,0
British Columbia,45-54,<40k,Rural,2,1,4.14,9,0,1
Ontario,55-64,<40k,Rural,1,0,0.22,10,0,0
Ontario,55-64,40-59k,Urban,2,1,5.14,6,0,0
British Columbia,45-54,60-79k,Urban,11,1,4.8,9,1,0
Prince Edward Island,55-64,40-59k,Rural,1,0,0.87,8,0,0
Manitoba,35-44,80-119k,Urban,3,1,6.88,7,1,0
British Columbia,55-64,80-119k,Urban,4,1,6.27,6,1,0
Newfoundland and Labrador,45-54,<40k,Urban,0,1,5.1,7,0,0
New Brunswick,55-64,80-119k,Rural,3,0,1.57,8,1,0
British Columbia,45-54,<40k,Urban,1,0,0.58,8,0,0
Newfoundland and Labrador,25-34,40-59k,Urban,6,5,34.74,2,1,1
Saskatchewan,45-54,<40k,Urban,4,0,2.86,9,1,0
Nova Scotia,35-44,<40k,Urban,5,0,2.69,8,1,0
Alberta,45-54,60-79k,Urban,0,3,12.51,5,0,0
Alberta,35-44,60-79k,Urban,0,0,0.16,10,0,0
Quebec,55-64,<40k,Rural,6,0,2.88,10,1,0
Manitoba,45-54,120k+,Urban,1,0,0.6,9,0,0
New Brunswick,45-54,60-79k,Rural,0,4,21.85,1,0,1
Nova Scotia,25-34,<40k,Urban,0,0,0.22,9,0,0
Nova Scotia,65+,<40k,Urban,2,1,6.37,6,0,1
Saskatchewan,55-64,60-79k,Urban,0,1,3.47,9,0,0
British Columbia,55-64,120k+,Urban,3,0,1.93,10,1,0
Manitoba,35-44,60-79k,Urban,4,0,0.17,10,1,0
Ontario,45-54,120k+,Urban,2,0,0.47,10,0,0
Nova Scotia,25-34,60-79k,Urban,7,5,32.68,1,1,0
Newfoundland and Labrador,45-54,60-79k,Urban,0,2,7.23,7,0,0
Ontario,25-34,60-79k,Urban,2,2,7.98,6,0,0
Quebec,45-54,80-119k,Urban,0,0,0.41,8,0,0
British Columbia,45-54,40-59k,Urban,6,0,0.12,8,1,0
British Columbia,35-44,80-119k,Rural,7,0,2.91,8,1,0
New Brunswick,35-44,<40k,Urban,2,1,4.8,8,0,0
Nova Scotia,55-64,60-79k,Urban,1,1,6.44,7,0,0
Saskatchewan,25-34,60-79k,Urban,1,2,8.79,6,0,0
Prince Edward Island,55-64,60-79k,Urban,6,3,12.26,5,1,0
Prince Edward Island,25-34,40-59k,Urban,4,0,2.09,8,1,0
Alberta,18-24,60-79k,Urban,6,2,7.19,6,1,0
Newfoundland and Labrador,25-34,60-79k,Urban,0,1,5.21,7,0,1
Ontario,55-64,80-119k,Urban,2,0,0.42,8,0,0
Quebec,35-44,80-119k,Urban,4,1,5.68,7,1,0
Alberta,55-64,80-119k,Urban,6,3,17.36,4,1,0
British Columbia,45-54,40-59k,Urban,1,0,2.87,9,0,0
Ontario,18-24,120k+,Urban,1,0,1.58,8,0,0
Manitoba,45-54,80-119k,Urban,7,0,1.6,10,1,0
Nova Scotia,25-34,40-59k,Urban,0,3,12.23,4,0,0
Quebec,55-64,40-59k,Urban,2,2,10.85,3,0,1
Manitoba,25-34,40-59k,Urban,2,0,2.87,8,0,0
Saskatchewan,35-44,60-79k,Urban,0,1,4.75,8,0,0
Nova Scotia,55-64,80-119k,Urban,1,0,2.38,10,0,1
Ontario,65+,80-119k,Urban,4,0,2.39,9,1,0
Nova Scotia,35-44,80-119k,Urban,1,0,2.36,10,0,0
Alberta,55-64,40-59k,Urban,1,0,2.28,9,0,0
New Brunswick,25-34,60-79k,Urban,5,0,0.65,10,1,0
Alberta,55-64,40-59k,Urban,10,2,10.76,4,1,0
Saskatchewan,45-54,<40k,Urban,5,2,7.72,6,1,0
Newfoundland and Labrador,25-34,80-119k,Rural,6,0,2.14,8,1,0
Manitoba,25-34,<40k,Urban,8,0,0.01,10,1,0
Alberta,25-34,80-119k,Urban,5,0,2.76,8,1,0
New Brunswick,35-44,80-119k,Urban,10,0,2.48,10,1,0
Newfoundland and Labrador,25-34,80-119k,Urban,4,0,2.05,8,1,0
Alberta,45-54,<40k,Rural,4,3,12.57,3,1,1
British Columbia,65+,80-119k,Urban,4,0,2.47,10,1,0
New Brunswick,18-24,120k+,Urban,7,0,2.63,10,1,0
Manitoba,45-54,80-119k,Urban,4,0,2.06,10,1,0
Quebec,45-54,80-119k,Rural,5,4,24.83,1,1,0
Prince Edward Island,65+,80-119k,Urban,0,0,0.28,10,0,0
Newfoundland and Labrador,35-44,60-79k,Urban,7,0,2.13,8,1,0
British Columbia,45-54,80-119k,Urban,2,0,1.57,8,0,0
Quebec,35-44,80-119k,Urban,0,0,0.44,9,0,0
Ontario,25-34,80-119k,Urban,5,4,22.61,2,1,0
New Brunswick,18-24,80-119k,Urban,1,0,2.4,9,0,0
British Columbia,35-44,60-79k,Urban,0,1,3.66,10,0,0
Nova Scotia,18-24,<40k,Urban,1,0,2.38,10,0,0
Ontario,45-54,60-79k,Rural,0,0,0.28,10,0,0
Ontario,25-34,40-59k,Urban,0,3,15.55,5,0,0
Newfoundland and Labrador,45-54,40-59k,Urban,3,2,10.99,3,1,1
New Brunswick,25-34,<40k,Urban,6,0,0.44,8,1,0
British Columbia,65+,40-59k,Urban,2,1,5.29,7,0,1
Saskatchewan,55-64,80-119k,Urban,3,0,1.27,8,1,0
British Columbia,25-34,60-79k,Urban,5,4,22.25,2,1,1
Alberta,35-44,<40k,Urban,1,1,4.7,9,0,0
Ontario,45-54,60-79k,Urban,3,0,0.75,8,1,0
Manitoba,18-24,40-59k,Urban,1,0,0.76,8,0,0
Ontario,35-44,60-79k,Urban,3,0,2.59,8,1,0
Ontario,25-34,60-79k,Urban,0,2,7.78,6,0,0
Prince Edward Island,65+,120k+,Urban,9,0,0.37,8,1,0
Nova Scotia,55-64,<40k,Urban,0,0,0.29,9,0,0
Saskatchewan,45-54,80-119k,Urban,2,3,12.44,5,0,0
Quebec,45-54,80-119k,Urban,1,0,0.04,10,0,0
Quebec,65+,120k+,Urban,3,0,0.48,8,1,0
Nova Scotia,65+,<40k,Urban,2,0,0.58,10,0,0
Ontario,65+,60-79k,Urban,1,0,0.81,8,0,0
Quebec,25-34,<40k,Urban,1,1,3.5,8,0,0
New Brunswick,25-34,60-79k,Urban,0,1,3.38,10,0,1
Saskatchewan,45-54,<40k,Rural,5,0,1.62,10,1,0
Quebec,45-54,80-119k,Urban,1,0,2.16,10,0,0
Nova Scotia,18-24,<40k,Urban,5,0,1.89,8,1,0
Alberta,18-24,60-79k,Urban,2,0,1.67,9,0,0
Quebec,55-64,60-79k,Urban,0,0,1.32,8,0,0
Saskatchewan,55-64,120k+,Urban,0,0,1.9,10,0,0
Newfoundland and Labrador,35-44,80-119k,Urban,6,0,2.71,8,1,0
Newfoundland and Labrador,55-64,40-59k,Urban,3,2,10.14,4,1,0
New Brunswick,45-54,40-59k,Rural,0,0,0.18,9,0,0
British Columbia,55-64,<40k,Urban,4,1,5.28,6,1,0
British Columbia,35-44,80-119k,Urban,5,0,1.57,8,1,0
Quebec,25-34,80-119k,Urban,1,1,4.81,9,0,0
Manitoba,35-44,60-79k,Urban,3,2,9.84,6,1,0
Alberta,35-44,<40k,Urban,1,1,5.69,6,0,0
Nova Scotia,45-54,80-119k,Urban,0,0,0.11,8,0,0
Alberta,25-34,80-119k,Rural,2,0,1.44,10,0,0
Newfoundland and Labrador,65+,120k+,Urban,4,2,11.09,5,1,0
Quebec,25-34,60-79k,Urban,2,0,1.59,8,0,0
Saskatchewan,25-34,40-59k,Urban,2,0,0.2,10,0,1
Nova Scotia,45-54,40-59k,Urban,1,3,16.65,4,0,0
Alberta,45-54,<40k,Urban,2,1,6.77,6,0,1
Saskatchewan,35-44,80-119k,Urban,1,2,11.26,4,0,0
Nova Scotia,55-64,80-119k,Urban,3,0,1.09,10,1,0
Alberta,35-44,40-59k,Urban,0,0,1.6,9,0,0
New Brunswick,45-54,<40k,Rural,5,0,1.77,9,1,0
Newfoundland and Labrador,55-64,<40k,Urban,0,1,5.86,7,0,0
Ontario,18-24,120k+,Urban,3,0,2.0,9,1,0
Nova Scotia,45-54,40-59k,Urban,2,0,0.6,9,0,0
Newfoundland and Labrador,55-64,40-59k,Urban,5,1,6.37,6,1,0
Prince Edward Island,18-24,40-59k,Urban,5,0,2.55,8,1,0
Manitoba,35-44,60-79k,Urban,0,1,4.62,9,0,0
Quebec,65+,80-119k,Urban,4,0,0.39,9,1,0
Prince Edward Island,35-44,120k+,Urban,0,0,1.83,10,0,0
Saskatchewan,35-44,40-59k,Urban,0,0,1.07,8,0,0
Nova Scotia,65+,80-119k,Urban,7,1,5.97,6,1,0
Quebec,25-34,40-59k,Urban,0,0,0.95,10,0,1
Quebec,18-24,120k+,Urban,1,2,8.31,6,0,1
Prince Edward Island,55-64,40-59k,Urban,0,1,6.47,6,0,0
Prince Edward Island,55-64,<40k,Urban,2,1,5.46,6,0,0
Ontario,35-44,60-79k,Urban,7,3,12.52,3,1,1
Alberta,35-44,<40k,Urban,1,0,2.07,9,0,0
Nova Scotia,55-64,<40k,Urban,3,0,2.26,8,1,0
Newfoundland and Labrador,55-64,80-119k,Rural,2,0,0.71,10,0,0
British Columbia,25-34,80-119k,Urban,1,4,24.77,1,0,1
Nova Scotia,18-24,60-79k,Urban,3,2,8.86,7,1,0
Nova Scotia,35-44,80-119k,Urban,3,2,11.7,4,1,0
Nova Scotia,55-64,60-79k,Rural,1,0,0.88,8,0,0
Quebec,55-64,80-119k,Urban,6,0,1.83,9,1,0
Saskatchewan,65+,60-79k,Rural,0,0,1.55,9,0,0
Quebec,55-64,80-119k,Urban,0,1,6.97,6,0,0
Saskatchewan,45-54,40-59k,Urban,11,0,1.23,9,1,0
Prince Edward Island,35-44,40-59k,Urban,4,0,0.54,8,1,0
British Columbia,55-64,60-79k,Urban,5,1,6.33,7,1,0
Quebec,55-64,60-79k,Urban,3,2,7.21,6,1,0
Saskatchewan,45-54,80-119k,Urban,2,0,2.65,8,0,0
Quebec,18-24,40-59k,Urban,3,3,12.66,5,1,1
Manitoba,65+,<40k,Urban,0,0,1.72,10,0,0
Quebec,35-44,40-59k,Urban,4,0,2.14,10,1,0
British Columbia,35-44,40-59k,Urban,3,2,8.68,7,1,0
British Columbia,45-54,80-119k,Urban,8,0,2.53,9,1,0
Saskatchewan,45-54,60-79k,Urban,3,3,15.56,3,1,0
Saskatchewan,25-34,80-119k,Urban,0,0,1.19,8,0,0
Prince Edward Island,55-64,60-79k,Urban,2,3,13.95,5,0,1
British Columbia,25-34,120k+,Urban,0,0,0.34,10,0,0
British Columbia,25-34,120k+,Urban,4,1,5.56,7,1,0
Ontario,35-44,80-119k,Rural,2,5,30.46,1,0,0
Nova Scotia,55-64,80-119k,Urban,1,0,0.96,8,0,0
New Brunswick,65+,60-79k,Urban,9,0,2.85,9,1,0
Quebec,55-64,120k+,Urban,8,0,0.82,8,1,0
Alberta,65+,80-119k,Urban,8,2,11.38,5,1,0
Prince Edward Island,25-34,120k+,Urban,1,0,2.92,10,0,0
Nova Scotia,18-24,80-119k,Rural,4,0,2.47,8,1,0
New Brunswick,45-54,80-119k,Rural,8,2,7.1,6,1,0
Ontario,25-34,60-79k,Urban,3,2,11.34,3,1,1
Alberta,55-64,40-59k,Urban,0,0,0.64,8,0,0
Saskatchewan,45-54,40-59k,Rural,5,2,8.77,7,1,0
British Columbia,65+,120k+,Urban,6,0,2.97,9,1,0
Manitoba,25-34,<40k,Urban,4,1,4.62,8,1,0
Prince Edward Island,35-44,60-79k,Urban,1,0,1.96,10,0,0
Newfoundland and Labrador,35-44,40-59k,Urban,0,0,0.93,9,0,0
British Columbia,25-34,40-59k,Rural,3,2,8.85,6,1,0
Manitoba,45-54,120k+,Urban,2,0,1.79,8,0,1
New Brunswick,35-44,80-119k,Urban,4,0,2.84,10,1,0
Saskatchewan,35-44,60-79k,Rural,0,1,4.13,8,0,0
Alberta,35-44,40-59k,Urban,0,1,3.99,10,0,0
New Brunswick,18-24,60-79k,Rural,1,0,0.08,8,0,0
British Columbia,45-54,60-79k,Urban,1,2,8.01,7,0,1
British Columbia,35-44,40-59k,Urban,3,1,4.05,9,1,0
Alberta,18-24,<40k,Urban,1,2,7.31,6,0,0
Newfoundland and Labrador,25-34,60-79k,Urban,4,0,1.69,10,1,0
Manitoba,25-34,40-59k,Urban,5,0,0.38,9,1,0
New Brunswick,35-44,80-119k,Urban,0,0,1.53,9,0,0
Saskatchewan,25-34,40-59k,Rural,7,0,0.57,8,1,0
British Columbia,35-44,60-79k,Rural,5,0,2.81,9,1,0
New Brunswick,45-54,<40k,Urban,3,0,0.92,8,1,0
Newfoundland and Labrador,45-54,120k+,Rural,7,3,12.56,4,1,0
New Brunswick,55-64,60-79k,Rural,1,3,17.02,3,0,1
Alberta,35-44,<40k,Urban,2,0,1.21,8,0,0
Saskatchewan,35-44,60-79k,Urban,0,0,2.46,8,0,0
Ontario,55-64,120k+,Rural,2,0,0.94,10,0,0
Alberta,35-44,80-119k,Urban,2,0,1.5,8,0,0
New Brunswick,45-54,80-119k,Urban,3,3,14.67,4,1,0
Ontario,35-44,<40k,Urban,0,0,1.67,9,0,0
British Columbia,35-44,80-119k,Urban,0,2,9.01,7,0,0
Ontario,55-64,80-119k,Rural,2,0,1.49,8,0,0
Newfoundland and Labrador,25-34,60-79k,Urban,0,1,5.72,6,0,0
Quebec,35-44,120k+,Rural,4,1,4.66,8,1,0
Newfoundland and Labrador,25-34,40-59k,Urban,4,0,2.05,10,1,0
Alberta,35-44,40-59k,Urban,1,0,2.14,10,0,0
Quebec,25-34,80-119k,Urban,0,2,10.74,4,0,0
Alberta,45-54,80-119k,Urban,0,0,1.41,9,0,0
Prince Edward Island,55-64,<40k,Urban,4,0,0.01,9,1,0
Saskatchewan,55-64,40-59k,Urban,11,0,2.26,8,1,0
Nova Scotia,35-44,80-119k,Urban,1,0,2.73,9,0,0
British Columbia,65+,<40k,Rural,5,0,1.96,9,1,0
British Columbia,45-54,<40k,Urban,6,0,1.57,8,1,0
Prince Edward Island,35-44,40-59k,Urban,0,4,21.92,1,0,1
New Brunswick,55-64,120k+,Urban,7,0,1.92,10,1,0
Manitoba,55-64,120k+,Urban,2,0,3.0,10,0,0
Alberta,55-64,60-79k,Urban,9,0,0.19,8,1,0
Nova Scotia,25-34,60-79k,Urban,2,0,0.06,8,0,0
Nova Scotia,35-44,40-59k,Urban,1,1,6.86,6,0,0
Newfoundland and Labrador,55-64,40-59k,Urban,9,5,31.61,2,1,1
Newfoundland and Labrador,35-44,80-119k,Urban,1,1,5.45,7,0,0
Manitoba,45-54,<40k,Urban,6,0,2.26,10,1,0
New Brunswick,45-54,60-79k,Urban,0,0,2.23,9,0,0
Prince Edward Island,55-64,80-119k,Urban,4,0,1.94,10,1,0
Ontario,25-34,<40k,Rural,2,0,1.42,9,0,0
Newfoundland and Labrador,45-54,60-79k,Rural,9,0,1.73,10,1,0
New Brunswick,25-34,60-79k,Urban,0,2,10.65,4,0,0
Saskatchewan,45-54,80-119k,Urban,2,0,2.55,10,0,0
British Columbia,55-64,40-59k,Urban,3,0,0.38,8,1,0
British Columbia,18-24,40-59k,Urban,9,2,8.39,7,1,0
New Brunswick,45-54,60-79k,Urban,1,4,20.78,1,0,1
Manitoba,35-44,120k+,Urban,1,0,2.0,8,0,1
Prince Edward Island,25-34,40-59k,Urban,2,0,1.19,10,0,1
Nova Scotia,35-44,120k+,Urban,1,1,3.96,8,0,0
Manitoba,25-34,80-119k,Urban,5,0,0.1,10,1,0
New Brunswick,35-44,80-119k,Urban,0,4,23.9,1,0,1
Prince Edward Island,35-44,<40k,Rural,4,0,1.26,8,1,0
Prince Edward Island,55-64,40-59k,Rural,2,0,0.99,8,0,0
Alberta,55-64,<40k,Rural,1,0,1.59,8,0,0
Quebec,45-54,40-59k,Urban,2,1,3.49,9,0,0
British Columbia,18-24,120k+,Urban,5,2,8.99,6,1,0
New Brunswick,65+,<40k,Urban,2,2,10.76,4,0,1
Nova Scotia,45-54,60-79k,Urban,0,3,16.42,4,0,0
Quebec,18-24,<40k,Urban,0,0,2.32,9,0,1
Saskatchewan,55-64,80-119k,Rural,5,1,4.87,9,1,0
Newfoundland and Labrador,25-34,40-59k,Rural,1,2,8.84,6,0,1
Alberta,45-54,<40k,Urban,7,2,11.16,3,1,1
Newfoundland and Labrador,35-44,40-59k,Urban,3,0,0.52,9,1,0
Quebec,35-44,80-119k,Urban,2,1,5.9,7,0,0
Quebec,55-64,<40k,Urban,3,1,6.55,6,1,0
Newfoundland and Labrador,35-44,40-59k,Rural,2,1,4.14,8,0,0
Nova Scotia,18-24,<40k,Urban,7,0,0.59,9,1,0
Nova Scotia,65+,120k+,Urban,2,1,5.05,7,0,0
Ontario,65+,60-79k,Urban,0,1,3.87,8,0,0
Saskatchewan,45-54,80-119k,Urban,3,0,2.61,8,1,0
Nova Scotia,35-44,80-119k,Urban,3,0,0.73,10,1,0
Saskatchewan,18-24,<40k,Rural,5,0,0.94,10,1,0
Saskatchewan,55-64,60-79k,Urban,7,1,6.55,7,1,0
Quebec,18-24,<40k,Urban,2,1,3.82,10,0,0
Saskatchewan,18-24,60-79k,Urban,1,0,2.65,10,0,0
Alberta,45-54,60-79k,Urban,2,1,3.84,9,0,1
Newfoundland and Labrador,25-34,60-79k,Urban,7,0,2.74,8,1,0
Ontario,18-24,<40k,Urban,10,0,0.95,9,1,0
New Brunswick,35-44,<40k,Urban,9,0,0.74,10,1,0
Manitoba,25-34,80-119k,Rural,1,0,1.43,10,0,0
Ontario,25-34,80-119k,Urban,2,1,4.48,9,0,0
Alberta,18-24,<40k,Urban,1,5,28.03,2,0,0
Ontario,25-34,<40k,Rural,1,0,1.02,9,0,0
Saskatchewan,45-54,120k+,Rural,0,3,16.28,3,0,1
Quebec,55-64,80-119k,Urban,0,1,6.33,6,0,0
Manitoba,35-44,120k+,Urban,1,0,2.46,10,0,1
Nova Scotia,35-44,40-59k,Urban,1,0,2.27,9,0,0
Quebec,18-24,60-79k,Urban,1,1,3.02,8,0,0
Saskatchewan,18-24,40-59k,Urban,1,1,4.71,9,0,0
Saskatchewan,25-34,80-119k,Urban,4,0,0.51,9,1,0
Manitoba,45-54,<40k,Urban,1,0,0.22,9,0,0
Manitoba,55-64,<40k,Urban,4,3,16.42,5,1,0
British Columbia,45-54,<40k,Urban,1,0,2.38,8,0,0
Prince Edward Island,35-44,80-119k,Urban,5,2,11.07,4,1,0
Prince Edward Island,25-34,60-79k,Urban,0,0,2.67,9,0,0
Quebec,55-64,60-79k,Rural,0,0,1.77,8,0,0
Nova Scotia,35-44,120k+,Urban,4,0,2.99,10,1,0
Ontario,55-64,80-119k,Urban,7,0,1.45,9,1,0
Saskatchewan,35-44,60-79k,Rural,0,0,2.65,9,0,0
Saskatchewan,55-64,120k+,Urban,0,0,0.34,10,0,1
British Columbia,65+,60-79k,Urban,7,1,3.6,10,1,0
Quebec,65+,<40k,Urban,0,0,1.77,10,0,1
Quebec,45-54,120k+,Urban,1,1,3.5,9,0,0
Newfoundland and Labrador,35-44,<40k,Urban,7,2,7.38,6,1,0
Manitoba,25-34,60-79k,Urban,5,2,7.98,7,1,0
Nova Scotia,65+,40-59k,Urban,1,0,2.36,10,0,0
Manitoba,35-44,60-79k,Urban,8,1,6.71,7,1,0
Nova Scotia,25-34,60-79k,Urban,3,1,4.33,10,1,0
Alberta,35-44,40-59k,Urban,0,0,2.92,9,0,1
New Brunswick,25-34,60-79k,Urban,4,0,2.43,8,1,0
Prince Edward Island,35-44,80-119k,Rural,2,0,0.68,10,0,0
Prince Edward Island,45-54,40-59k,Urban,3,0,1.76,10,1,0
Nova Scotia,35-44,40-59k,Urban,12,2,11.91,3,1,0
Prince Edward Island,18-24,40-59k,Urban,0,3,17.09,4,0,0
Manitoba,65+,80-119k,Urban,3,1,4.45,8,1,0
Saskatchewan,55-64,80-119k,Rural,2,0,0.92,8,0,0
Manitoba,55-64,120k+,Rural,1,4,23.73,2,0,1
Nova Scotia,35-44,<40k,Urban,4,1,5.2,6,1,0
Quebec,55-64,<40k,Urban,4,0,0.49,10,1,0
Manitoba,35-44,<40k,Urban,6,2,8.64,6,1,0
Prince Edward Island,25-34,<40k,Urban,6,0,1.99,8,1,0
British Columbia,25-34,60-79k,Rural,3,0,0.46,9,1,0
Newfoundland and Labrador,35-44,120k+,Urban,1,2,10.49,5,0,1
Saskatchewan,25-34,40-59k,Urban,2,3,16.26,4,0,0
Prince Edward Island,65+,120k+,Urban,1,0,0.81,8,0,0
British Columbia,18-24,<40k,Urban,1,2,8.99,6,0,0
Nova Scotia,35-44,120k+,Urban,3,0,2.81,8,1,0
Alberta,35-44,40-59k,Urban,3,1,6.0,7,1,0
British Columbia,25-34,120k+,Urban,3,0,2.36,10,1,0
New Brunswick,45-54,<40k,Urban,8,4,21.61,1,1,0
Alberta,25-34,120k+,Urban,1,3,13.28,5,0,0
Ontario,55-64,40-59k,Urban,1,0,1.77,10,0,0
Saskatchewan,35-44,40-59k,Urban,4,3,16.63,3,1,0
Prince Edward Island,45-54,60-79k,Urban,3,3,12.02,3,1,0
Ontario,45-54,40-59k,Urban,0,0,0.34,9,0,0
Manitoba,55-64,80-119k,Urban,1,4,21.32,1,0,1
Nova Scotia,55-64,120k+,Urban,1,4,21.06,2,0,1
Saskatchewan,45-54,60-79k,Urban,6,0,2.95,9,1,0
Quebec,35-44,80-119k,Urban,6,0,0.28,8,1,0
Alberta,35-44,<40k,Urban,1,0,0.97,9,0,0
Quebec,55-64,80-119k,Urban,0,0,2.45,8,0,0
Ontario,55-64,60-79k,Urban,0,0,1.84,10,0,0
British Columbia,25-34,120k+,Rural,0,0,1.68,9,0,0
British Columbia,35-44,40-59k,Rural,1,4,23.19,1,0,0
Nova Scotia,55-64,80-119k,Rural,1,1,3.16,8,0,0
Ontario,35-44,40-59k,Urban,2,3,17.68,4,0,0
Newfoundland and Labrador,35-44,40-59k,Urban,1,4,19.34,4,0,1
Saskatchewan,35-44,40-59k,Urban,3,0,0.25,10,1,0
Alberta,45-54,40-59k,Rural,1,1,4.36,10,0,0
British Columbia,65+,40-59k,Rural,5,0,2.11,10,1,0
British Columbia,35-44,<40k,Urban,8,1,3.93,9,1,0
Quebec,25-34,80-119k,Urban,2,0,0.15,8,0,0
Quebec,25-34,<40k,Urban,0,0,0.17,10,0,1
Prince Edward Island,18-24,120k+,Urban,1,0,0.77,10,0,0
Manitoba,45-54,<40k,Urban,0,1,3.54,8,0,0
Newfoundland and Labrador,45-54,<40k,Rural,1,4,20.61,2,0,0
Quebec,25-34,60-79k,Urban,3,0,0.52,9,1,0
Quebec,45-54,60-79k,Urban,2,0,1.03,9,0,0
Saskatchewan,55-64,60-79k,Rural,1,1,4.78,8,0,0
Prince Edward Island,25-34,60-79k,Urban,5,0,2.23,10,1,0
Quebec,35-44,40-59k,Urban,0,3,13.36,4,0,0
Alberta,65+,80-119k,Urban,1,0,1.43,10,0,0
Saskatchewan,35-44,60-79k,Urban,4,0,2.45,10,1,0
Manitoba,55-64,40-59k,Urban,0,0,2.96,8,0,1
Ontario,35-44,80-119k,Urban,4,1,5.23,7,1,0
Saskatchewan,55-64,80-119k,Urban,9,0,1.3,9,1,0
Ontario,55-64,40-59k,Urban,5,0,1.89,8,1,0
British Columbia,45-54,80-119k,Urban,0,2,9.43,7,0,1
Prince Edward Island,55-64,120k+,Urban,2,0,0.49,10,0,1
Manitoba,65+,60-79k,Urban,2,0,1.38,10,0,0
Prince Edward Island,45-54,40-59k,Urban,11,4,24.85,2,1,1
Manitoba,25-34,120k+,Urban,9,1,5.56,7,1,0
Prince Edward Island,35-44,40-59k,Urban,0,0,0.85,9,0,0
Saskatchewan,55-64,<40k,Urban,7,0,2.84,10,1,0
Prince Edward Island,45-54,40-59k,Urban,0,0,1.17,10,0,0
New Brunswick,25-34,80-119k,Urban,1,1,4.56,8,0,0
Manitoba,18-24,120k+,Urban,1,2,10.08,5,0,0
Ontario,45-54,80-119k,Rural,1,1,5.28,7,0,0
Manitoba,25-34,120k+,Rural,6,2,8.45,6,1,0
British Columbia,35-44,<40k,Urban,1,0,1.4,9,0,0
Alberta,55-64,<40k,Urban,5,0,1.0,8,1,0
New Brunswick,45-54,60-79k,Urban,12,1,5.95,6,1,0
Nova Scotia,18-24,120k+,Urban,6,0,0.37,9,1,0
Manitoba,25-34,60-79k,Urban,1,3,16.5,4,0,0
Quebec,25-34,<40k,Urban,4,0,0.48,8,1,0
Saskatchewan,25-34,40-59k,Rural,2,0,0.92,9,0,0
Saskatchewan,45-54,40-59k,Rural,5,2,8.67,7,1,0
Prince Edward Island,35-44,40-59k,Urban,0,1,6.96,6,0,0
Prince Edward Island,25-34,<40k,Urban,3,1,5.36,7,1,0
Saskatchewan,18-24,120k+,Urban,5,1,6.11,7,1,0
Newfoundland and Labrador,25-34,60-79k,Urban,5,0,1.67,9,1,0
New Brunswick,65+,80-119k,Rural,8,3,17.9,3,1,0
New Brunswick,35-44,<40k,Urban,0,3,13.06,3,0,0
Ontario,55-64,<40k,Urban,1,0,1.81,9,0,0
Manitoba,55-64,60-79k,Urban,2,2,10.99,5,0,1
Nova Scotia,35-44,120k+,Urban,1,3,15.77,5,0,0
Saskatchewan,45-54,60-79k,Urban,1,1,6.59,7,0,1
Manitoba,25-34,120k+,Urban,0,1,5.4,7,0,0
New Brunswick,45-54,80-119k,Urban,5,1,6.31,6,1,0
British Columbia,25-34,<40k,Urban,7,0,0.53,8,1,0
Saskatchewan,55-64,40-59k,Urban,0,0,0.79,10,0,0
Manitoba,18-24,80-119k,Urban,0,2,9.22,6,0,1
New Brunswick,55-64,60-79k,Urban,1,1,6.41,6,0,1
Alberta,18-24,40-59k,Urban,2,0,1.28,9,0,0
New Brunswick,55-64,60-79k,Rural,5,0,1.88,8,1,0
Prince Edward Island,25-34,60-79k,Urban,0,0,1.19,9,0,0
Quebec,45-54,120k+,Urban,3,3,16.83,4,1,0
Newfoundland and Labrador,35-44,<40k,Rural,0,0,0.6,10,0,0
Newfoundland and Labrador,35-44,40-59k,Rural,9,1,5.38,6,1,0
Prince Edward Island,45-54,60-79k,Rural,6,0,1.73,9,1,0
Prince Edward Island,65+,80-119k,Urban,8,2,9.02,6,1,0
Saskatchewan,18-24,80-119k,Urban,0,3,16.23,4,0,0
Alberta,65+,120k+,Urban,2,2,7.14,7,0,1
Alberta,45-54,80-119k,Urban,0,0,2.52,8,0,0
Saskatchewan,55-64,60-79k,Urban,3,2,8.74,7,1,0
Manitoba,35-44,40-59k,Urban,1,0,2.38,8,0,0
Saskatchewan,35-44,60-79k,Urban,5,0,0.92,9,1,0
Nova Scotia,55-64,80-119k,Urban,3,0,0.56,8,1,0
Nova Scotia,35-44,80-119k,Urban,3,0,1.17,9,1,0
Newfoundland and Labrador,45-54,120k+,Rural,5,0,2.39,9,1,0
New Brunswick,18-24,60-79k,Urban,2,1,5.81,6,0,0
Saskatchewan,25-34,60-79k,Urban,1,0,1.2,10,0,0
Saskatchewan,45-54,<40k,Rural,3,2,11.69,3,1,1
Manitoba,45-54,<40k,Urban,8,0,1.23,9,1,0
Ontario,45-54,<40k,Urban,3,5,30.26,2,1,0
Newfoundland and Labrador,25-34,<40k,Urban,3,0,0.43,9,1,0
Newfoundland and Labrador,35-44,60-79k,Urban,7,0,0.21,8,1,0
Newfoundland and Labrador,35-44,40-59k,Urban,2,0,1.05,10,0,0
New Brunswick,35-44,80-119k,Urban,12,1,3.37,10,1,0
Prince Edward Island,55-64,60-79k,Rural,0,4,21.24,2,0,0
British Columbia,55-64,60-79k,Rural,2,1,6.44,7,0,0
Ontario,18-24,60-79k,Urban,0,0,1.43,9,0,0
New Brunswick,55-64,40-59k,Urban,2,0,1.44,10,0,0
Nova Scotia,35-44,120k+,Urban,0,0,0.76,9,0,0
Manitoba,55-64,<40k,Urban,1,0,0.5,9,0,0
Prince Edward Island,25-34,120k+,Urban,0,3,13.33,4,0,1
Nova Scotia,45-54,40-59k,Urban,1,0,1.7,9,0,0
Prince Edward Island,25-34,60-79k,Urban,0,0,1.78,10,0,0
Alberta,35-44,<40k,Urban,5,0,0.66,10,1,0
Newfoundland and Labrador,18-24,<40k,Urban,1,0,1.2,10,0,0
Prince Edward Island,25-34,60-79k,Urban,2,3,15.41,3,0,1
Quebec,18-24,80-119k,Urban,0,0,2.28,10,0,0
Newfoundland and Labrador,25-34,40-59k,Urban,0,0,0.96,9,0,0
Newfoundland and Labrador,25-34,60-79k,Urban,6,1,4.09,8,1,0
Manitoba,45-54,40-59k,Rural,5,0,2.19,9,1,0
Ontario,18-24,40-59k,Urban,6,0,1.54,9,1,0
Nova Scotia,45-54,120k+,Urban,2,1,6.43,6,0,0
Prince Edward Island,25-34,80-119k,Urban,0,5,28.17,2,0,1
Prince Edward Island,65+,60-79k,Urban,0,2,10.85,4,0,0
Alberta,65+,40-59k,Urban,3,4,19.13,3,1,1
Newfoundland and Labrador,25-34,40-59k,Urban,5,1,5.34,7,1,0
Saskatchewan,45-54,120k+,Urban,7,0,0.85,10,1,0
British Columbia,18-24,40-59k,Urban,1,0,0.3,9,0,0
Saskatchewan,65+,80-119k,Urban,1,2,10.08,5,0,0
Prince Edward Island,45-54,40-59k,Urban,0,0,1.52,9,0,0
Saskatchewan,18-24,120k+,Urban,5,0,1.46,9,1,0
Manitoba,35-44,40-59k,Urban,1,4,22.15,2,0,0
Quebec,18-24,40-59k,Urban,2,0,1.12,9,0,0
Prince Edward Island,35-44,80-119k,Urban,7,0,2.01,8,1,0
Prince Edward Island,45-54,120k+,Urban,4,2,7.65,6,1,0
Quebec,35-44,120k+,Urban,0,1,5.86,7,0,0
Nova Scotia,35-44,80-119k,Urban,0,0,1.74,9,0,0
Quebec,25-34,80-119k,Urban,5,0,1.46,10,1,0
Saskatchewan,25-34,60-79k,Urban,3,0,0.38,9,1,0
Manitoba,25-34,80-119k,Urban,4,0,0.83,8,1,0
Alberta,55-64,80-119k,Rural,0,1,4.18,10,0,0
Nova Scotia,25-34,60-79k,Urban,6,3,13.4,3,1,0
New Brunswick,45-54,60-79k,Rural,5,0,2.86,10,1,0
Alberta,35-44,60-79k,Urban,6,2,11.58,5,1,0
Ontario,25-34,60-79k,Urban,1,1,5.18,7,0,0
Ontario,45-54,120k+,Urban,1,1,3.82,10,0,0
Ontario,35-44,40-59k,Urban,0,0,2.73,9,0,0
Ontario,35-44,40-59k,Urban,7,0,2.25,8,1,0
Manitoba,45-54,60-79k,Urban,0,1,3.16,9,0,0
Alberta,35-44,40-59k,Urban,0,5,32.36,2,0,1
Newfoundland and Labrador,25-34,60-79k,Urban,0,0,1.81,8,0,0
British Columbia,45-54,120k+,Urban,5,3,12.4,5,1,0
Nova Scotia,45-54,60-79k,Urban,6,1,3.2,8,1,0
New Brunswick,18-24,80-119k,Urban,5,2,9.32,7,1,0
Saskatchewan,35-44,<40k,Rural,3,0,0.01,9,1,0
Prince Edward Island,18-24,120k+,Urban,11,2,7.23,6,1,0
Ontario,25-34,60-79k,Urban,0,2,7.83,7,0,0
New Brunswick,45-54,<40k,Urban,6,2,11.55,4,1,0
Prince Edward Island,55-64,80-119k,Rural,2,2,10.83,4,0,1
British Columbia,55-64,120k+,Urban,2,0,1.35,9,0,0
New Brunswick,18-24,<40k,Rural,0,0,1.44,9,0,0
Alberta,35-44,60-79k,Urban,0,0,2.06,9,0,1
New Brunswick,45-54,120k+,Rural,1,0,1.42,9,0,0
Ontario,25-34,<40k,Urban,0,0,0.19,8,0,0
British Columbia,55-64,80-119k,Urban,2,0,2.22,9,0,0
Saskatchewan,55-64,60-79k,Urban,0,1,3.23,10,0,0
Newfoundland and Labrador,65+,40-59k,Urban,0,1,4.94,10,0,0
Quebec,18-24,80-119k,Urban,6,0,2.59,8,1,0
Ontario,25-34,<40k,Urban,7,1,3.47,9,1,0
Prince Edward Island,55-64,80-119k,Urban,9,0,2.12,8,1,0
British Columbia,45-54,<40k,Urban,4,0,0.14,8,1,0
Alberta,55-64,40-59k,Urban,5,1,6.97,6,1,0
Manitoba,18-24,60-79k,Urban,5,0,2.05,10,1,0
British Columbia,45-54,40-59k,Urban,3,1,6.88,7,1,0
Prince Edward Island,45-54,40-59k,Urban,1,0,2.0,8,0,0
Quebec,18-24,80-119k,Urban,0,1,3.97,9,0,0
Quebec,35-44,120k+,Urban,1,0,2.78,10,0,0
Nova Scotia,45-54,120k+,Urban,6,0,1.88,9,1,0
Newfoundland and Labrador,25-34,60-79k,Urban,4,0,1.73,9,1,0
Prince Edward Island,25-34,120k+,Urban,2,2,9.15,7,0,0
Quebec,45-54,120k+,Urban,0,0,0.85,8,0,0
Nova Scotia,35-44,60-79k,Urban,1,0,1.59,8,0,0
Nova Scotia,55-64,40-59k,Urban,4,0,1.1,9,1,0
Nova Scotia,35-44,<40k,Urban,2,0,2.56,10,0,0
British Columbia,25-34,60-79k,Rural,2,0,0.09,10,0,0
Nova Scotia,65+,120k+,Urban,1,0,1.59,10,0,0
Ontario,65+,60-79k,Urban,3,5,37.55,1,1,1
Prince Edward Island,18-24,80-119k,Rural,9,0,0.08,9,1,0
Ontario,55-64,<40k,Urban,7,0,0.85,10,1,0
Manitoba,25-34,<40k,Urban,0,5,25.77,1,0,1
Quebec,18-24,60-79k,Rural,2,0,1.79,8,0,0
Newfoundland and Labrador,25-34,120k+,Urban,1,1,4.27,10,0,0
Nova Scotia,25-34,40-59k,Urban,2,0,2.88,8,0,0
Alberta,55-64,120k+,Urban,3,3,15.7,5,1,0
Alberta,45-54,<40k,Urban,0,3,15.37,3,0,1
Quebec,65+,60-79k,Rural,5,0,2.75,9,1,0
Manitoba,45-54,60-79k,Urban,2,0,0.67,10,0,0
Alberta,35-44,80-119k,Urban,11,0,1.69,8,1,0
Ontario,45-54,<40k,Urban,0,4,21.8,1,0,0
New Brunswick,65+,40-59k,Urban,0,0,0.25,9,0,0
British Columbia,45-54,40-59k,Rural,4,5,38.98,2,1,0
Saskatchewan,55-64,120k+,Urban,4,2,10.5,4,1,1
Alberta,65+,<40k,Urban,3,0,2.66,9,1,0
Newfoundland and Labrador,25-34,<40k,Urban,9,2,11.91,5,1,0
Nova Scotia,45-54,60-79k,Urban,2,0,1.44,9,0,0
Newfoundland and Labrador,55-64,60-79k,Rural,2,0,2.41,10,0,0
Prince Edward Island,65+,80-119k,Urban,7,0,1.73,9,1,0
British Columbia,25-34,120k+,Urban,2,0,2.93,10,0,1
Ontario,35-44,60-79k,Urban,1,0,0.74,9,0,0
Manitoba,45-54,120k+,Rural,4,0,0.04,9,1,0
British Columbia,25-34,80-119k,Urban,3,1,3.74,8,1,0
Saskatchewan,45-54,40-59k,Urban,1,1,3.51,9,0,0
New Brunswick,25-34,120k+,Urban,1,4,21.06,2,0,1
Alberta,35-44,80-119k,Urban,1,2,7.39,6,0,1
Manitoba,35-44,60-79k,Rural,0,1,3.88,8,0,1
Manitoba,45-54,80-119k,Urban,8,0,0.29,9,1,0
Alberta,35-44,60-79k,Rural,0,0,1.46,9,0,0
Alberta,35-44,<40k,Urban,0,0,0.8,8,0,0
Alberta,25-34,80-119k,Urban,3,0,1.41,10,1,0
Alberta,25-34,80-119k,Rural,4,1,3.36,8,1,0
Alberta,18-24,80-119k,Urban,4,1,5.07,6,1,0
Manitoba,25-34,40-59k,Urban,1,4,18.91,4,0,0
Quebec,45-54,120k+,Urban,6,0,0.3,10,1,0
Quebec,55-64,<40k,Rural,3,1,4.24,10,1,0
Newfoundland and Labrador,25-34,40-59k,Urban,2,3,17.25,3,0,0
Quebec,25-34,40-59k,Urban,5,0,2.37,8,1,0
Saskatchewan,55-64,<40k,Urban,1,0,2.88,9,0,0
Quebec,25-34,60-79k,Urban,6,3,14.76,4,1,0
Manitoba,65+,80-119k,Urban,2,1,4.25,8,0,0
Alberta,45-54,120k+,Urban,7,2,11.85,3,1,0
Nova Scotia,35-44,120k+,Rural,0,3,14.29,5,0,0
Nova Scotia,25-34,80-119k,Urban,7,1,3.04,8,1,0
Saskatchewan,45-54,60-79k,Urban,4,0,2.46,9,1,0
Prince Edward Island,18-24,80-119k,Rural,3,2,7.85,6,1,0
Manitoba,25-34,80-119k,Urban,2,2,10.59,5,0,0
Ontario,25-34,60-79k,Urban,8,0,0.05,10,1,0
British Columbia,55-64,80-119k,Urban,2,0,0.33,10,0,0
Newfoundland and Labrador,35-44,60-79k,Urban,2,0,1.45,10,0,0
Ontario,18-24,40-59k,Urban,5,2,7.34,6,1,0
Manitoba,45-54,60-79k,Urban,1,0,2.67,9,0,0
Quebec,35-44,80-119k,Urban,1,0,2.25,10,0,0
Alberta,35-44,80-119k,Urban,5,1,4.31,9,1,0
Ontario,25-34,40-59k,Urban,0,0,1.79,9,0,0
British Columbia,45-54,60-79k,Urban,5,4,23.01,1,1,0
Prince Edward Island,65+,120k+,Urban,3,4,23.29,1,1,0
Nova Scotia,18-24,120k+,Urban,3,0,1.19,9,1,0
Prince Edward Island,25-34,40-59k,Urban,1,0,2.7,9,0,0
British Columbia,25-34,40-59k,Urban,5,0,2.83,10,1,0
Alberta,25-34,80-119k,Urban,5,0,0.59,9,1,0
Quebec,35-44,60-79k,Urban,2,1,6.64,6,0,0
British Columbia,55-64,<40k,Urban,1,0,2.14,8,0,0
Newfoundland and Labrador,65+,40-59k,Urban,1,0,2.66,9,0,0
British Columbia,25-34,80-119k,Urban,4,0,1.27,9,1,0
Manitoba,45-54,80-119k,Urban,3,0,1.98,9,1,0
Quebec,45-54,60-79k,Urban,0,0,0.71,8,0,0
Alberta,45-54,60-79k,Rural,5,1,6.0,7,1,0
Nova Scotia,35-44,60-79k,Urban,6,0,1.75,10,1,0
Nova Scotia,25-34,40-59k,Urban,0,0,1.44,8,0,0
British Columbia,35-44,60-79k,Urban,5,2,10.46,4,1,0
Manitoba,35-44,<40k,Urban,6,2,9.76,6,1,0
Ontario,55-64,60-79k,Urban,11,0,2.3,8,1,0
Prince Edward Island,55-64,40-59k,Urban,1,0,2.58,8,0,0
Prince Edward Island,25-34,80-119k,Urban,1,0,2.4,10,0,0
Prince Edward Island,18-24,80-119k,Urban,9,0,0.92,10,1,0
Ontario,65+,40-59k,Urban,0,2,11.88,5,0,1
Manitoba,45-54,<40k,Rural,2,0,1.95,8,0,0
Prince Edward Island,55-64,40-59k,Urban,2,1,4.29,9,0,0
Newfoundland and Labrador,18-24,80-119k,Urban,3,4,18.3,3,1,1
Ontario,45-54,<40k,Urban,1,1,6.95,7,0,0
Ontario,45-54,<40k,Rural,7,0,1.8,9,1,0
Alberta,55-64,80-119k,Urban,1,0,0.68,10,0,0
Alberta,18-24,80-119k,Urban,3,0,1.47,9,1,0
Quebec,25-34,40-59k,Urban,2,2,8.99,7,0,0
Newfoundland and Labrador,35-44,60-79k,Urban,1,0,2.85,10,0,0
Newfoundland and Labrador,55-64,120k+,Rural,0,0,1.48,9,0,0
Quebec,65+,120k+,Urban,8,0,1.45,10,1,0
Newfoundland and Labrador,65+,40-59k,Rural,3,0,2.38,8,1,0
Saskatchewan,65+,80-119k,Urban,3,1,4.56,9,1,0
New Brunswick,18-24,60-79k,Urban,5,2,7.98,6,1,0
Prince Edward Island,18-24,120k+,Urban,0,5,36.53,1,0,1
Alberta,25-34,60-79k,Rural,4,1,6.64,6,1,0
Quebec,35-44,80-119k,Urban,0,0,0.14,10,0,0
Quebec,55-64,80-119k,Urban,4,0,2.58,9,1,0
Newfoundland and Labrador,55-64,60-79k,Urban,0,0,1.31,9,0,0
Ontario,25-34,80-119k,Urban,5,0,0.87,9,1,0
Nova Scotia,45-54,40-59k,Urban,4,1,3.16,9,1,0
British Columbia,65+,<40k,Urban,1,3,13.23,5,0,0
British Columbia,35-44,60-79k,Urban,1,1,4.33,8,0,0
Quebec,25-34,120k+,Urban,0,2,7.35,7,0,0
Prince Edward Island,35-44,60-79k,Urban,7,0,0.57,10,1,0
Saskatchewan,35-44,80-119k,Urban,0,0,2.21,10,0,0
Prince Edward Island,45-54,80-119k,Urban,2,3,16.12,4,0,1
Quebec,35-44,<40k,Urban,1,1,6.08,7,0,0
Prince Edward Island,18-24,40-59k,Rural,12,0,0.5,8,1,0
Alberta,65+,80-119k,Urban,3,0,0.13,10,1,0
Prince Edward Island,45-54,120k+,Urban,0,0,1.41,10,0,0
Newfoundland and Labrador,35-44,<40k,Urban,4,2,8.71,6,1,0
Newfoundland and Labrador,65+,60-79k,Urban,11,0,2.33,9,1,0
Saskatchewan,25-34,<40k,Urban,3,0,1.62,9,1,0
Alberta,25-34,40-59k,Urban,2,1,6.72,7,0,1
Nova Scotia,55-64,40-59k,Urban,1,1,3.24,9,0,0
Ontario,25-34,60-79k,Rural,0,0,1.09,8,0,0
Alberta,55-64,40-59k,Urban,1,0,1.22,10,0,0
Manitoba,25-34,40-59k,Urban,3,1,3.5,9,1,0
New Brunswick,18-24,80-119k,Rural,4,0,1.75,8,1,0
Quebec,35-44,120k+,Urban,6,0,0.12,8,1,0
Manitoba,25-34,40-59k,Urban,5,5,35.69,1,1,0
Saskatchewan,55-64,80-119k,Urban,0,2,7.19,6,0,0
Manitoba,45-54,40-59k,Urban,5,1,6.49,6,1,0
Newfoundland and Labrador,65+,120k+,Urban,3,1,3.26,9,1,0
Prince Edward Island,55-64,80-119k,Urban,2,0,1.37,10,0,0
Ontario,25-34,80-119k,Urban,3,4,19.09,4,1,0
British Columbia,55-64,<40k,Urban,0,5,27.0,2,0,0
Quebec,45-54,60-79k,Urban,0,1,5.88,7,0,0
British Columbia,45-54,60-79k,Rural,2,1,6.1,6,0,0
Prince Edward Island,55-64,40-59k,Urban,0,1,5.96,7,0,0
Newfoundland and Labrador,45-54,40-59k,Urban,3,1,4.62,8,1,0
Newfoundland and Labrador,35-44,60-79k,Urban,1,0,2.97,8,0,0
Prince Edward Island,45-54,80-119k,Urban,7,0,1.02,9,1,0
Quebec,25-34,<40k,Urban,8,0,0.74,8,1,0
British Columbia,25-34,60-79k,Rural,10,0,2.99,9,1,0
Alberta,45-54,<40k,Urban,6,0,2.93,8,1,0
Newfoundland and Labrador,25-34,<40k,Urban,10,0,1.78,9,1,0
British Columbia,18-24,80-119k,Urban,4,2,8.05,7,1,0
Nova Scotia,18-24,40-59k,Urban,8,0,0.72,10,1,0
British Columbia,45-54,60-79k,Urban,3,1,5.08,7,1,0
Nova Scotia,35-44,40-59k,Urban,5,0,2.33,10,1,0
Nova Scotia,55-64,80-119k,Urban,0,0,0.23,10,0,0
Newfoundland and Labrador,35-44,60-79k,Urban,4,2,10.44,4,1,0
Quebec,35-44,120k+,Urban,7,0,0.31,8,1,0
Saskatchewan,35-44,40-59k,Urban,3,1,6.38,6,1,0
Newfoundland and Labrador,45-54,80-119k,Rural,0,1,5.13,6,0,1
Quebec,35-44,40-59k,Rural,2,0,2.97,9,0,0
Quebec,65+,60-79k,Urban,4,0,2.26,9,1,0
Manitoba,65+,60-79k,Urban,5,0,1.49,9,1,0
Prince Edward Island,55-64,40-59k,Urban,2,1,3.56,10,0,0
Prince Edward Island,65+,60-79k,Rural,0,1,5.17,7,0,0
Prince Edward Island,35-44,40-59k,Rural,7,1,3.46,8,1,0
New Brunswick,45-54,<40k,Rural,5,0,2.72,10,1,0
Newfoundland and Labrador,55-64,40-59k,Urban,1,0,0.69,10,0,0
Quebec,45-54,80-119k,Urban,5,0,2.6,10,1,0
Manitoba,55-64,80-119k,Urban,1,0,0.91,8,0,0
Nova Scotia,45-54,40-59k,Urban,1,0,0.67,8,0,0
Saskatchewan,65+,60-79k,Urban,6,0,0.91,10,1,0
Saskatchewan,35-44,<40k,Urban,6,1,5.83,6,1,0
Nova Scotia,55-64,40-59k,Urban,1,4,21.68,2,0,1
British Columbia,45-54,80-119k,Urban,0,0,0.32,8,0,0
British Columbia,45-54,60-79k,Urban,0,3,12.82,3,0,1
Prince Edward Island,35-44,40-59k,Rural,7,1,4.51,9,1,0
Newfoundland and Labrador,55-64,40-59k,Urban,6,2,8.69,7,1,0
New Brunswick,65+,80-119k,Rural,2,0,2.56,10,0,0
Manitoba,25-34,40-59k,Rural,1,3,15.43,5,0,1
Saskatchewan,45-54,40-59k,Urban,1,4,19.31,4,0,1
Prince Edward Island,35-44,80-119k,Urban,6,3,12.17,5,1,0
Ontario,65+,60-79k,Urban,1,2,7.51,7,0,0
Prince Edward Island,35-44,60-79k,Urban,2,0,2.1,9,0,0
Ontario,25-34,120k+,Urban,4,0,2.54,9,1,0
Alberta,35-44,40-59k,Rural,0,3,16.7,5,0,1
Quebec,45-54,80-119k,Urban,1,0,2.37,9,0,0
Nova Scotia,18-24,<40k,Urban,1,0,0.78,10,0,0
Quebec,45-54,60-79k,Rural,3,0,2.97,8,1,0
Prince Edward Island,65+,120k+,Urban,5,1,3.35,8,1,0
Quebec,55-64,60-79k,Urban,3,1,6.28,7,1,0
Manitoba,18-24,80-119k,Urban,0,4,18.68,4,0,1
Alberta,65+,80-119k,Urban,2,3,13.61,3,0,1
New Brunswick,45-54,<40k,Urban,0,0,1.49,8,0,0
Alberta,25-34,80-119k,Urban,0,1,3.21,9,0,0
Saskatchewan,18-24,120k+,Urban,3,0,1.18,8,1,0
Manitoba,25-34,60-79k,Urban,8,0,1.05,9,1,0
Quebec,55-64,40-59k,Urban,5,2,10.24,3,1,0
New Brunswick,18-24,<40k,Urban,5,0,2.15,8,1,0
Quebec,25-34,40-59k,Urban,4,0,0.27,9,1,0
Newfoundland and Labrador,55-64,<40k,Urban,6,0,0.11,9,1,0
Newfoundland and Labrador,45-54,60-79k,Urban,4,1,6.1,7,1,0
British Columbia,55-64,<40k,Urban,3,0,1.58,9,1,0
Alberta,55-64,40-59k,Urban,1,0,1.6,10,0,0
New Brunswick,18-24,60-79k,Urban,0,3,17.88,5,0,1
Newfoundland and Labrador,55-64,60-79k,Rural,2,0,1.31,9,0,0
British Columbia,25-34,60-79k,Urban,7,0,0.59,10,1,0
Manitoba,45-54,80-119k,Urban,3,2,10.4,3,1,1
New Brunswick,45-54,<40k,Urban,0,2,11.08,4,0,1
British Columbia,25-34,<40k,Rural,3,2,9.51,6,1,0
Nova Scotia,65+,<40k,Urban,2,3,16.15,4,0,0
New Brunswick,35-44,60-79k,Urban,7,0,1.54,8,1,0
Prince Edward Island,18-24,<40k,Urban,0,4,20.85,1,0,1
British Columbia,65+,80-119k,Urban,4,0,0.1,9,1,0
Quebec,45-54,40-59k,Urban,4,0,0.52,10,1,0
Prince Edward Island,45-54,120k+,Rural,10,0,1.44,9,1,0
Nova Scotia,45-54,60-79k,Urban,3,4,20.78,2,1,0
Newfoundland and Labrador,55-64,60-79k,Urban,6,0,2.53,8,1,0
Ontario,18-24,80-119k,Urban,0,0,0.33,9,0,0
British Columbia,25-34,80-119k,Urban,0,0,0.15,10,0,1
Manitoba,35-44,60-79k,Urban,1,0,0.26,9,0,0
British Columbia,18-24,120k+,Urban,3,1,5.71,7,1,0
Ontario,45-54,60-79k,Urban,2,0,1.78,9,0,0
Nova Scotia,35-44,80-119k,Rural,0,1,5.53,7,0,0
Nova Scotia,25-34,40-59k,Urban,3,2,7.78,6,1,0
Prince Edward Island,18-24,80-119k,Urban,3,1,5.07,6,1,0
New Brunswick,45-54,40-59k,Urban,2,2,10.84,3,0,1
Manitoba,55-64,40-59k,Rural,0,0,2.05,8,0,1
Prince Edward Island,35-44,80-119k,Urban,7,0,1.32,10,1,0
Manitoba,45-54,40-59k,Urban,3,1,3.41,8,1,0
Manitoba,25-34,40-59k,Urban,1,2,11.35,4,0,0
Ontario,45-54,40-59k,Urban,4,0,1.58,8,1,0
Prince Edward Island,18-24,80-119k,Urban,1,2,11.45,5,0,1
Manitoba,35-44,120k+,Urban,2,0,1.32,10,0,1
Saskatchewan,45-54,80-119k,Urban,1,0,0.71,8,0,0
Ontario,65+,80-119k,Urban,6,0,0.92,8,1,0
Nova Scotia,35-44,60-79k,Rural,11,0,1.25,8,1,0
Ontario,55-64,<40k,Urban,0,0,1.84,8,0,0
Quebec,45-54,<40k,Urban,0,0,2.31,9,0,0
Quebec,65+,60-79k,Rural,1,0,0.73,9,0,0
Manitoba,35-44,40-59k,Urban,3,3,13.13,5,1,0
Prince Edward Island,25-34,40-59k,Urban,0,0,0.61,8,0,0
Nova Scotia,55-64,60-79k,Urban,5,0,2.8,8,1,0
Ontario,18-24,80-119k,Rural,2,5,27.46,2,0,1
Prince Edward Island,25-34,40-59k,Urban,3,1,4.38,9,1,0
Ontario,18-24,80-119k,Rural,2,1,4.94,8,0,0
Ontario,55-64,80-119k,Urban,7,2,9.78,7,1,0
Saskatchewan,18-24,80-119k,Urban,0,0,2.57,10,0,0
Quebec,55-64,120k+,Urban,4,0,0.34,10,1,0
Ontario,35-44,40-59k,Urban,3,0,0.32,8,1,0
Saskatchewan,18-24,80-119k,Urban,3,2,8.58,6,1,0
Quebec,35-44,80-119k,Rural,2,3,14.48,3,0,0
Saskatchewan,25-34,60-79k,Urban,0,0,1.12,9,0,0
Prince Edward Island,45-54,80-119k,Urban,4,0,1.18,9,1,0
New Brunswick,45-54,60-79k,Urban,5,0,2.55,10,1,0
Quebec,35-44,60-79k,Urban,0,1,6.35,7,0,0
Newfoundland and Labrador,18-24,<40k,Urban,2,0,2.42,8,0,0
New Brunswick,45-54,120k+,Rural,0,3,16.53,5,0,1
Prince Edward Island,55-64,80-119k,Urban,3,4,18.28,3,1,0
Ontario,55-64,80-119k,Urban,5,1,3.6,9,1,0
Nova Scotia,55-64,80-119k,Rural,4,4,23.13,2,1,0
Prince Edward Island,25-34,40-59k,Urban,1,0,1.78,8,0,0
Saskatchewan,55-64,<40k,Rural,0,2,10.37,3,0,0
Saskatchewan,35-44,80-119k,Rural,5,1,5.87,6,1,0
Saskatchewan,18-24,40-59k,Urban,1,0,2.73,9,0,0
Saskatchewan,55-64,40-59k,Urban,0,0,1.91,9,0,0
Prince Edward Island,65+,60-79k,Rural,3,0,0.83,10,1,0
Nova Scotia,45-54,60-79k,Urban,1,2,7.42,6,0,0
British Columbia,25-34,80-119k,Urban,6,3,14.59,4,1,0
Saskatchewan,25-34,60-79k,Urban,0,1,5.84,6,0,0
British Columbia,35-44,80-119k,Urban,2,1,4.13,9,0,0
Nova Scotia,55-64,80-119k,Urban,1,0,0.36,9,0,0
Nova Scotia,25-34,40-59k,Rural,4,1,6.99,6,1,0
New Brunswick,55-64,40-59k,Rural,3,1,4.68,10,1,0
Quebec,25-34,60-79k,Rural,5,0,0.65,10,1,0
Newfoundland and Labrador,55-64,120k+,Urban,2,4,19.15,4,0,0
Manitoba,65+,40-59k,Urban,0,0,2.59,10,0,0
Newfoundland and Labrador,35-44,40-59k,Urban,0,2,11.1,4,0,0
Prince Edward Island,35-44,80-119k,Urban,14,0,1.84,8,1,0
Manitoba,55-64,60-79k,Urban,2,3,15.28,5,0,1
Nova Scotia,45-54,120k+,Urban,3,0,2.85,9,1,0
Newfoundland and Labrador,45-54,120k+,Rural,7,0,0.68,9,1,0
Alberta,45-54,60-79k,Urban,0,0,1.25,9,0,0
Quebec,25-34,80-119k,Urban,4,0,0.07,10,1,0
Newfoundland and Labrador,55-64,<40k,Urban,1,0,1.26,10,0,0
Quebec,25-34,80-119k,Urban,1,0,1.15,8,0,0
British Columbia,65+,80-119k,Urban,1,2,11.75,5,0,0
Prince Edward Island,25-34,40-59k,Urban,5,0,1.07,8,1,0
Quebec,55-64,40-59k,Urban,1,1,6.34,6,0,0
British Columbia,25-34,120k+,Rural,0,3,16.6,3,0,0
Saskatchewan,25-34,60-79k,Urban,0,2,7.74,6,0,0
British Columbia,25-34,80-119k,Urban,0,0,2.89,10,0,0
Prince Edward Island,55-64,<40k,Urban,6,0,1.89,8,1,0
New Brunswick,45-54,60-79k,Urban,2,0,1.79,10,0,0
Saskatchewan,55-64,80-119k,Urban,7,0,0.04,10,1,0
Nova Scotia,25-34,40-59k,Urban,5,0,2.1,10,1,0
Ontario,45-54,60-79k,Urban,5,1,3.22,10,1,0
British Columbia,55-64,40-59k,Urban,1,0,0.56,10,0,0
British Columbia,25-34,60-79k,Urban,1,0,0.3,9,0,0
Quebec,35-44,120k+,Urban,3,0,1.13,10,1,0
Nova Scotia,35-44,60-79k,Urban,2,1,6.18,7,0,0
Newfoundland and Labrador,35-44,120k+,Urban,2,3,16.24,5,0,1
Alberta,35-44,120k+,Rural,0,5,26.6,1,0,1
Manitoba,45-54,120k+,Urban,9,1,6.19,7,1,0
British Columbia,25-34,120k+,Urban,0,0,1.38,8,0,0
Newfoundland and Labrador,45-54,<40k,Urban,0,1,3.13,8,0,0
Alberta,65+,120k+,Rural,4,1,3.9,8,1,0
Manitoba,45-54,<40k,Urban,0,0,2.36,8,0,0
Ontario,45-54,<40k,Urban,0,1,5.93,7,0,0
Quebec,18-24,<40k,Urban,0,0,0.57,8,0,1
Newfoundland and Labrador,55-64,40-59k,Urban,0,5,25.57,1,0,0
Quebec,25-34,80-119k,Urban,1,0,0.89,10,0,0
Manitoba,45-54,60-79k,Rural,1,0,2.38,8,0,0
New Brunswick,65+,<40k,Urban,2,0,2.82,9,0,0
British Columbia,45-54,60-79k,Rural,2,2,9.86,7,0,0
Saskatchewan,55-64,60-79k,Urban,2,0,0.27,10,0,1
Alberta,35-44,80-119k,Urban,3,0,1.51,10,1,0
Nova Scotia,18-24,40-59k,Rural,1,1,7.0,7,0,0
Prince Edward Island,55-64,40-59k,Urban,0,1,6.75,7,0,0
British Columbia,18-24,40-59k,Urban,6,0,2.98,8,1,0
Saskatchewan,45-54,40-59k,Rural,3,0,2.1,9,1,0
Prince Edward Island,18-24,60-79k,Rural,0,2,9.13,6,0,0
Newfoundland and Labrador,55-64,60-79k,Rural,8,1,6.57,7,1,0
Prince Edward Island,25-34,40-59k,Rural,4,3,17.37,5,1,0
Ontario,35-44,40-59k,Urban,0,1,3.58,10,0,0
British Columbia,45-54,40-59k,Urban,9,0,2.33,8,1,0
Quebec,35-44,120k+,Urban,1,1,6.68,6,0,1
New Brunswick,35-44,40-59k,Rural,10,0,2.7,10,1,0
Nova Scotia,35-44,80-119k,Urban,0,0,2.12,8,0,0
Quebec,25-34,80-119k,Urban,0,0,1.61,9,0,0
Saskatchewan,35-44,<40k,Urban,3,2,10.88,5,1,0
British Columbia,35-44,120k+,Urban,0,0,1.55,9,0,0
New Brunswick,45-54,80-119k,Urban,0,1,4.28,9,0,0
Prince Edward Island,25-34,80-119k,Urban,5,0,0.78,10,1,0
British Columbia,65+,60-79k,Urban,0,4,21.78,2,0,1
Prince Edward Island,35-44,60-79k,Urban,7,0,1.37,10,1,0
Newfoundland and Labrador,25-34,40-59k,Urban,2,1,5.1,6,0,0
Ontario,35-44,<40k,Urban,6,1,4.04,8,1,0
Manitoba,55-64,80-119k,Urban,2,0,1.77,10,0,1
British Columbia,18-24,120k+,Urban,2,3,15.97,3,0,1
Saskatchewan,45-54,<40k,Urban,1,1,6.23,6,0,0
Prince Edward Island,45-54,80-119k,Urban,3,0,1.77,8,1,0
Quebec,25-34,80-119k,Urban,1,0,2.27,8,0,0
Newfoundland and Labrador,55-64,<40k,Urban,1,3,13.02,3,0,1
Saskatchewan,35-44,60-79k,Rural,0,0,0.36,9,0,1
Nova Scotia,25-34,60-79k,Urban,0,0,0.54,8,0,0
Manitoba,55-64,80-119k,Rural,1,2,11.23,3,0,0
Newfoundland and Labrador,45-54,80-119k,Urban,4,0,1.67,9,1,0
Ontario,55-64,<40k,Urban,0,1,4.82,8,0,0
Manitoba,45-54,60-79k,Urban,1,0,2.29,9,0,0
Prince Edward Island,55-64,80-119k,Urban,7,0,0.37,9,1,0
Saskatchewan,55-64,80-119k,Urban,3,1,3.02,8,1,0
Nova Scotia,18-24,<40k,Urban,7,2,8.55,6,1,0
Alberta,55-64,60-79k,Urban,7,0,0.75,10,1,0
Ontario,45-54,80-119k,Urban,0,0,0.92,8,0,0
New Brunswick,18-24,40-59k,Urban,8,0,2.92,10,1,0
Prince Edward Island,35-44,60-79k,Urban,0,5,33.52,2,0,1
Alberta,18-24,80-119k,Urban,7,0,1.77,8,1,0
British Columbia,55-64,<40k,Urban,3,0,1.97,8,1,0
Nova Scotia,45-54,80-119k,Rural,2,5,30.97,2,0,1
Quebec,65+,40-59k,Urban,4,3,17.87,3,1,0
New Brunswick,25-34,<40k,Urban,6,1,6.89,6,1,0
Saskatchewan,45-54,40-59k,Urban,3,0,2.31,10,1,0
Nova Scotia,25-34,<40k,Urban,2,0,0.64,9,0,1
Manitoba,45-54,<40k,Urban,0,0,2.64,9,0,0
Newfoundland and Labrador,55-64,80-119k,Urban,5,1,3.4,10,1,0
Manitoba,55-64,40-59k,Urban,0,0,1.89,8,0,0
Manitoba,55-64,120k+,Rural,4,0,1.37,9,1,0
British Columbia,55-64,60-79k,Urban,2,0,0.12,9,0,0
Ontario,18-24,60-79k,Urban,1,2,11.52,5,0,0
Quebec,35-44,60-79k,Rural,3,2,11.81,4,1,0
New Brunswick,45-54,80-119k,Urban,5,1,6.63,6,1,0
Ontario,35-44,60-79k,Rural,8,0,0.58,10,1,0
Nova Scotia,25-34,<40k,Urban,1,3,14.0,3,0,0
Manitoba,45-54,120k+,Urban,8,0,2.87,9,1,0
British Columbia,35-44,60-79k,Urban,8,0,0.32,10,1,0
Nova Scotia,35-44,<40k,Urban,5,3,15.5,3,1,0
Newfoundland and Labrador,55-64,60-79k,Rural,6,0,1.46,9,1,0
Quebec,35-44,80-119k,Urban,4,1,3.61,8,1,0
New Brunswick,18-24,40-59k,Urban,0,2,11.43,3,0,0
Newfoundland and Labrador,18-24,80-119k,Urban,3,0,0.4,10,1,0
British Columbia,55-64,80-119k,Urban,4,0,1.78,8,1,0
Quebec,65+,80-119k,Urban,8,4,20.23,2,1,0
Nova Scotia,45-54,60-79k,Urban,3,0,1.25,9,1,0
Manitoba,35-44,120k+,Rural,5,0,0.63,9,1,0
Manitoba,65+,40-59k,Urban,4,1,5.5,7,1,0
Prince Edward Island,45-54,60-79k,Urban,1,0,2.97,8,0,0
Manitoba,55-64,40-59k,Urban,0,0,2.5,9,0,0
Alberta,55-64,80-119k,Rural,4,0,2.05,10,1,0
Manitoba,35-44,<40k,Urban,1,0,2.27,8,0,0
Alberta,35-44,<40k,Urban,1,3,17.04,5,0,1
Saskatchewan,25-34,80-119k,Urban,3,2,9.36,7,1,0
Alberta,25-34,60-79k,Urban,5,0,1.7,10,1,0
Quebec,55-64,40-59k,Urban,3,0,2.69,9,1,0
Newfoundland and Labrador,55-64,60-79k,Urban,6,0,2.09,8,1,0
Quebec,55-64,80-119k,Urban,0,0,0.41,10,0,0
Newfoundland and Labrador,35-44,40-59k,Urban,1,1,6.12,6,0,0
Prince Edward Island,18-24,40-59k,Urban,3,0,0.07,9,1,0
Saskatchewan,18-24,120k+,Urban,5,3,17.09,3,1,1
Newfoundland and Labrador,35-44,60-79k,Rural,3,0,2.36,10,1,0
Newfoundland and Labrador,35-44,40-59k,Urban,0,3,16.98,5,0,1
British Columbia,45-54,80-119k,Urban,4,0,0.07,10,1,0
Ontario,18-24,60-79k,Urban,5,2,11.86,4,1,0
Ontario,65+,40-59k,Urban,1,2,10.07,5,0,0
British Columbia,35-44,40-59k,Rural,0,0,2.4,10,0,0
Manitoba,55-64,40-59k,Urban,2,1,5.27,6,0,1
British Columbia,45-54,80-119k,Urban,0,1,4.36,8,0,0
Newfoundland and Labrador,25-34,<40k,Urban,2,0,0.89,9,0,0
Newfoundland and Labrador,55-64,40-59k,Urban,0,0,0.21,9,0,0
British Columbia,45-54,120k+,Urban,1,0,1.63,9,0,0
British Columbia,45-54,<40k,Urban,1,0,0.43,9,0,0
Manitoba,35-44,80-119k,Urban,0,0,1.7,10,0,0
Quebec,18-24,40-59k,Rural,0,0,1.87,9,0,0
Saskatchewan,45-54,60-79k,Urban,5,3,14.65,4,1,0
Nova Scotia,65+,40-59k,Urban,0,1,3.63,10,0,0
Newfoundland and Labrador,18-24,<40k,Urban,4,0,1.3,10,1,0
Saskatchewan,25-34,60-79k,Urban,5,0,2.64,10,1,0
British Columbia,65+,80-119k,Urban,0,1,4.83,10,0,0
Manitoba,25-34,80-119k,Urban,0,0,1.03,8,0,0
Alberta,45-54,80-119k,Urban,3,1,5.52,7,1,0
Manitoba,45-54,60-79k,Urban,1,0,1.86,9,0,0
New Brunswick,45-54,60-79k,Urban,2,1,3.36,10,0,1
New Brunswick,35-44,80-119k,Urban,5,0,0.71,9,1,0
Saskatchewan,25-34,80-119k,Urban,0,1,4.98,8,0,0
Ontario,18-24,80-119k,Urban,3,0,1.1,10,1,0
New Brunswick,55-64,60-79k,Urban,8,0,0.96,8,1,0
New Brunswick,55-64,<40k,Urban,0,0,1.34,9,0,0
Quebec,45-54,40-59k,Urban,0,0,0.87,8,0,0
Alberta,45-54,40-59k,Rural,3,0,1.04,9,1,0
Quebec,25-34,120k+,Urban,8,0,2.32,9,1,0
Alberta,18-24,80-119k,Rural,1,0,1.53,9,0,1
Prince Edward Island,55-64,60-79k,Urban,1,1,6.49,7,0,0
Nova Scotia,35-44,40-59k,Urban,0,1,6.79,7,0,0
Newfoundland and Labrador,25-34,<40k,Urban,1,4,24.45,1,0,1
New Brunswick,25-34,120k+,Urban,0,0,0.76,10,0,0
Newfoundland and Labrador,18-24,120k+,Urban,1,0,1.42,8,0,0
New Brunswick,35-44,<40k,Urban,3,1,5.14,6,1,0
Quebec,55-64,80-119k,Urban,9,0,2.56,10,1,0
Nova Scotia,65+,60-79k,Urban,5,1,5.24,7,1,0
Quebec,55-64,40-59k,Urban,5,4,19.77,4,1,1
Quebec,65+,80-119k,Urban,1,0,1.64,10,0,0
Alberta,65+,60-79k,Urban,0,0,0.13,9,0,0
Ontario,45-54,80-119k,Urban,3,2,11.17,3,1,0
Manitoba,25-34,<40k,Urban,2,2,9.83,7,0,0
Saskatchewan,55-64,40-59k,Urban,2,0,1.96,9,0,0
Newfoundland and Labrador,25-34,40-59k,Rural,0,0,0.6,8,0,0
Prince Edward Island,25-34,40-59k,Urban,2,5,33.37,1,0,1
New Brunswick,25-34,60-79k,Rural,0,0,1.59,10,0,0
Quebec,35-44,40-59k,Urban,2,0,1.86,9,0,0
Ontario,35-44,60-79k,Rural,0,5,37.71,2,0,0
Quebec,25-34,40-59k,Urban,6,3,16.59,3,1,0
Nova Scotia,35-44,80-119k,Rural,0,0,1.64,8,0,0
Alberta,55-64,60-79k,Urban,8,0,2.68,8,1,0
Prince Edward Island,45-54,80-119k,Urban,6,1,4.43,8,1,0
Manitoba,55-64,40-59k,Urban,4,0,1.48,8,1,0
Nova Scotia,25-34,40-59k,Urban,10,0,1.95,8,1,0
British Columbia,25-34,<40k,Urban,0,4,21.09,1,0,1
Prince Edward Island,45-54,<40k,Urban,3,1,4.45,9,1,0
Quebec,35-44,40-59k,Rural,6,2,7.56,7,1,0
Nova Scotia,45-54,<40k,Urban,0,1,5.54,7,0,0
Manitoba,55-64,60-79k,Urban,3,2,7.96,7,1,0
Ontario,55-64,120k+,Urban,1,3,12.83,4,0,1
Ontario,65+,<40k,Urban,2,0,0.55,9,0,0
Newfoundland and Labrador,35-44,80-119k,Urban,7,2,10.44,4,1,0
Manitoba,25-34,<40k,Urban,2,2,7.69,7,0,0
Ontario,45-54,80-119k,Rural,0,4,24.83,2,0,0
Nova Scotia,25-34,80-119k,Urban,7,1,6.03,7,1,0
Newfoundland and Labrador,25-34,120k+,Urban,0,3,14.36,4,0,0
Ontario,25-34,<40k,Urban,6,0,1.78,10,1,0
Prince Edward Island,35-44,40-59k,Urban,9,0,0.02,8,1,0
Alberta,25-34,<40k,Urban,6,0,2.53,8,1,0
British Columbia,18-24,60-79k,Urban,4,0,0.81,8,1,0
Manitoba,45-54,120k+,Urban,4,0,0.22,10,1,0
Nova Scotia,45-54,80-119k,Urban,4,0,2.27,8,1,0
New Brunswick,45-54,80-119k,Urban,2,5,29.94,2,0,1
Quebec,45-54,60-79k,Urban,1,0,1.7,10,0,0
Nova Scotia,25-34,120k+,Urban,1,0,2.53,10,0,0
Ontario,25-34,60-79k,Urban,4,2,10.88,5,1,0
Nova Scotia,25-34,<40k,Urban,3,0,1.01,10,1,0
New Brunswick,55-64,80-119k,Urban,3,0,2.61,8,1,0
Quebec,55-64,40-59k,Urban,3,0,1.17,9,1,0
Newfoundland and Labrador,25-34,<40k,Rural,5,0,1.5,8,1,0
Ontario,35-44,<40k,Urban,4,4,22.29,1,1,1
Saskatchewan,65+,60-79k,Urban,0,2,7.35,7,0,0
Ontario,45-54,60-79k,Urban,1,3,15.58,5,0,0
British Columbia,55-64,40-59k,Rural,1,2,9.89,6,0,0
Saskatchewan,25-34,80-119k,Urban,2,0,2.62,8,0,0
British Columbia,25-34,80-119k,Urban,0,2,8.77,7,0,1
New Brunswick,55-64,120k+,Urban,5,1,3.97,8,1,0
Manitoba,45-54,60-79k,Urban,0,3,14.86,5,0,0
Quebec,45-54,80-119k,Urban,1,0,2.06,9,0,0
Alberta,45-54,80-119k,Rural,5,0,1.69,10,1,0
Newfoundland and Labrador,45-54,40-59k,Urban,0,0,0.41,9,0,0
Alberta,55-64,40-59k,Urban,4,0,1.04,9,1,0
Prince Edward Island,25-34,60-79k,Urban,7,1,3.26,10,1,0
Prince Edward Island,35-44,<40k,Urban,3,0,2.22,8,1,0
New Brunswick,55-64,40-59k,Rural,4,0,2.65,8,1,0
Manitoba,25-34,60-79k,Rural,5,1,3.18,9,1,0
Prince Edward Island,45-54,<40k,Urban,1,0,1.58,10,0,0
Ontario,45-54,<40k,Urban,3,0,1.7,10,1,0
Nova Scotia,65+,60-79k,Rural,1,4,21.07,1,0,1
British Columbia,35-44,80-119k,Urban,1,2,9.51,6,0,0
Prince Edward Island,35-44,80-119k,Urban,0,1,5.84,7,0,0
New Brunswick,55-64,60-79k,Rural,3,2,9.42,6,1,0
British Columbia,55-64,60-79k,Urban,5,0,2.76,8,1,0
Ontario,55-64,40-59k,Urban,6,0,1.62,8,1,0
Manitoba,35-44,40-59k,Urban,2,0,0.22,8,0,0
Quebec,35-44,<40k,Rural,1,0,2.86,10,0,0
Alberta,45-54,80-119k,Urban,4,1,3.59,9,1,0
Ontario,55-64,60-79k,Urban,5,0,2.35,10,1,0
Newfoundland and Labrador,55-64,80-119k,Urban,1,0,1.58,8,0,0
Saskatchewan,25-34,80-119k,Rural,1,2,10.7,3,0,0
New Brunswick,35-44,40-59k,Urban,2,0,1.54,9,0,0
Alberta,35-44,60-79k,Urban,2,5,25.88,1,0,0
Newfoundland and Labrador,65+,60-79k,Urban,4,0,1.12,8,1,0
Quebec,45-54,60-79k,Urban,2,1,5.48,6,0,0
Newfoundland and Labrador,35-44,60-79k,Urban,0,2,10.14,4,0,0
Manitoba,18-24,120k+,Urban,0,3,17.84,3,0,1
Saskatchewan,45-54,80-119k,Urban,7,0,1.82,10,1,0
British Columbia,18-24,120k+,Urban,1,0,0.86,8,0,0
Alberta,55-64,<40k,Urban,0,0,0.13,8,0,0
Saskatchewan,55-64,<40k,Urban,4,1,6.15,6,1,0
Nova Scotia,35-44,<40k,Urban,4,0,2.67,8,1,0
Ontario,35-44,40-59k,Urban,3,1,5.45,6,1,0
Nova Scotia,55-64,60-79k,Urban,2,0,1.45,10,0,0
Ontario,25-34,80-119k,Urban,9,0,2.58,10,1,0
Manitoba,25-34,60-79k,Urban,0,0,0.72,10,0,0
Saskatchewan,65+,120k+,Urban,2,2,8.99,6,0,0
Quebec,55-64,120k+,Urban,3,2,9.54,7,1,0
Prince Edward Island,55-64,<40k,Urban,0,0,0.15,10,0,0
Newfoundland and Labrador,25-34,80-119k,Urban,2,1,5.75,7,0,0
Prince Edward Island,25-34,60-79k,Urban,5,0,0.57,10,1,0
Saskatchewan,18-24,60-79k,Urban,2,1,4.33,9,0,0
Nova Scotia,25-34,80-119k,Urban,6,0,1.24,8,1,0
Prince Edward Island,55-64,<40k,Urban,3,1,5.55,6,1,0
New Brunswick,25-34,120k+,Urban,5,1,3.26,9,1,0
Prince Edward Island,55-64,80-119k,Urban,5,0,1.02,8,1,0
Ontario,25-34,120k+,Rural,4,0,0.82,10,1,0
New Brunswick,35-44,120k+,Urban,4,0,0.0,9,1,0
Alberta,65+,60-79k,Urban,4,0,2.07,8,1,0
Prince Edward Island,25-34,<40k,Urban,3,4,19.65,4,1,0
New Brunswick,35-44,<40k,Urban,3,0,0.5,10,1,0
Saskatchewan,25-34,40-59k,Rural,0,0,2.39,8,0,0
Newfoundland and Labrador,25-34,<40k,Urban,5,1,3.16,8,1,0
Alberta,35-44,80-119k,Urban,1,0,2.7,8,0,0
Quebec,35-44,40-59k,Urban,2,0,2.06,10,0,0
Quebec,45-54,120k+,Urban,1,0,0.52,8,0,0
Manitoba,55-64,80-119k,Urban,4,1,4.4,9,1,0
Prince Edward Island,45-54,<40k,Urban,9,1,6.8,7,1,0
Newfoundland and Labrador,18-24,60-79k,Urban,5,3,15.71,5,1,0
British Columbia,45-54,60-79k,Urban,3,0,1.83,8,1,0
New Brunswick,18-24,60-79k,Urban,3,0,1.96,10,1,0
Alberta,45-54,60-79k,Urban,2,3,14.78,5,0,1
Saskatchewan,45-54,<40k,Urban,0,1,3.67,8,0,0
Prince Edward Island,25-34,80-119k,Urban,1,4,19.06,3,0,0
Saskatchewan,55-64,60-79k,Urban,2,0,2.06,8,0,0
British Columbia,65+,80-119k,Urban,8,0,2.65,9,1,0
Manitoba,55-64,80-119k,Urban,2,0,0.9,8,0,0
British Columbia,25-34,40-59k,Urban,3,0,1.51,9,1,0
Ontario,45-54,<40k,Urban,7,0,2.98,8,1,0
Nova Scotia,65+,80-119k,Urban,2,0,0.77,10,0,0
Alberta,35-44,120k+,Urban,1,0,1.17,10,0,0
Nova Scotia,55-64,60-79k,Urban,1,2,8.82,7,0,0
British Columbia,18-24,40-59k,Urban,1,0,0.1,8,0,0
Manitoba,18-24,<40k,Urban,4,0,1.53,8,1,0
Manitoba,55-64,40-59k,Urban,1,4,19.46,3,0,0
Quebec,55-64,40-59k,Urban,4,0,0.39,10,1,0
Prince Edward Island,55-64,60-79k,Urban,6,0,2.13,10,1,0
Quebec,65+,80-119k,Urban,1,2,10.83,5,0,0
Alberta,25-34,40-59k,Urban,0,0,2.67,8,0,0
Alberta,25-34,<40k,Urban,3,2,11.67,3,1,0
Alberta,65+,40-59k,Urban,1,1,6.48,6,0,0
Saskatchewan,25-34,80-119k,Urban,2,0,0.37,9,0,0
Quebec,45-54,60-79k,Urban,3,2,8.12,6,1,0
Saskatchewan,45-54,120k+,Urban,2,1,3.49,8,0,0
Nova Scotia,18-24,60-79k,Urban,7,1,4.41,9,1,0
Prince Edward Island,25-34,40-59k,Urban,2,0,0.37,10,0,0
British Columbia,45-54,40-59k,Urban,1,0,1.96,8,0,0
New Brunswick,55-64,80-119k,Urban,6,0,2.15,9,1,0
Quebec,45-54,60-79k,Rural,0,0,0.48,9,0,0
New Brunswick,45-54,60-79k,Urban,0,0,1.86,10,0,0
Manitoba,35-44,80-119k,Rural,7,0,0.07,9,1,0
Quebec,25-34,80-119k,Urban,0,0,1.3,10,0,1
Nova Scotia,25-34,<40k,Urban,0,0,0.86,9,0,0
Quebec,35-44,80-119k,Urban,2,0,3.0,8,0,0
Saskatchewan,18-24,60-79k,Urban,0,1,6.69,6,0,0
Prince Edward Island,25-34,40-59k,Urban,3,0,0.44,10,1,0
British Columbia,35-44,60-79k,Urban,2,0,2.75,9,0,1
Newfoundland and Labrador,35-44,60-79k,Urban,3,0,1.26,8,1,0
British Columbia,18-24,<40k,Urban,1,2,9.88,7,0,0
British Columbia,45-54,60-79k,Rural,7,1,5.14,7,1,0
Manitoba,45-54,40-59k,Urban,1,3,16.36,4,0,1
Nova Scotia,18-24,40-59k,Urban,3,1,4.34,9,1,0
New Brunswick,65+,<40k,Urban,8,0,0.21,8,1,0
Nova Scotia,18-24,<40k,Urban,2,0,1.25,8,0,0
Newfoundland and Labrador,55-64,<40k,Urban,0,1,5.18,7,0,0
Manitoba,18-24,40-59k,Urban,0,0,1.66,10,0,0
Prince Edward Island,55-64,120k+,Urban,8,0,2.38,10,1,0
British Columbia,18-24,40-59k,Urban,5,1,3.18,10,1,0
Saskatchewan,55-64,60-79k,Urban,7,0,2.96,10,1,0
Manitoba,35-44,40-59k,Rural,4,3,17.94,4,1,0
Alberta,55-64,80-119k,Urban,1,0,0.3,9,0,0
Quebec,35-44,<40k,Urban,0,1,4.38,8,0,0
Nova Scotia,18-24,40-59k,Rural,7,5,33.85,1,1,0
Manitoba,55-64,40-59k,Urban,2,2,8.87,7,0,1
Alberta,18-24,120k+,Urban,1,0,1.46,10,0,0
New Brunswick,65+,60-79k,Urban,3,2,8.63,6,1,0
Newfoundland and Labrador,18-24,<40k,Urban,0,1,5.85,7,0,0
Newfoundland and Labrador,35-44,40-59k,Urban,1,0,1.09,9,0,0
British Columbia,55-64,<40k,Urban,3,3,14.58,4,1,1
British Columbia,35-44,<40k,Urban,0,0,1.73,10,0,0
Manitoba,25-34,80-119k,Rural,0,0,2.91,8,0,0
Manitoba,55-64,60-79k,Urban,2,0,1.93,10,0,0
Prince Edward Island,55-64,80-119k,Urban,3,1,3.39,9,1,0
Quebec,65+,40-59k,Urban,0,0,0.96,10,0,0
Ontario,35-44,60-79k,Urban,0,1,4.68,8,0,0
New Brunswick,35-44,40-59k,Urban,8,0,2.22,9,1,0
British Columbia,35-44,40-59k,Urban,0,0,1.34,9,0,0
Ontario,25-34,80-119k,Urban,0,5,34.89,1,0,0
Ontario,55-64,<40k,Urban,1,0,2.52,9,0,0
Quebec,35-44,60-79k,Urban,1,0,0.31,8,0,0
Saskatchewan,35-44,80-119k,Rural,3,0,2.3,9,1,0
Saskatchewan,35-44,<40k,Urban,6,1,5.98,6,1,0
British Columbia,45-54,120k+,Urban,2,2,11.1,4,0,1
Alberta,65+,<40k,Rural,5,2,11.78,5,1,0
Quebec,45-54,40-59k,Urban,7,0,0.93,9,1,0
Quebec,35-44,60-79k,Urban,0,0,1.29,9,0,0
Nova Scotia,55-64,60-79k,Rural,2,1,4.05,10,0,0
Ontario,45-54,<40k,Urban,3,1,4.31,8,1,0
Nova Scotia,18-24,80-119k,Urban,1,1,4.32,10,0,0
Ontario,18-24,120k+,Urban,4,2,11.35,3,1,0
Saskatchewan,18-24,40-59k,Urban,4,0,0.19,10,1,0
British Columbia,35-44,120k+,Urban,2,0,0.61,9,0,0
New Brunswick,55-64,60-79k,Urban,0,1,5.44,7,0,0
Saskatchewan,25-34,120k+,Urban,0,0,2.3,8,0,0
Quebec,35-44,<40k,Rural,1,0,2.09,10,0,0
New Brunswick,65+,80-119k,Urban,0,0,0.14,10,0,0
Manitoba,55-64,<40k,Urban,5,0,1.36,10,1,0
New Brunswick,45-54,120k+,Urban,1,1,3.74,10,0,0
New Brunswick,25-34,80-119k,Urban,4,0,2.96,8,1,0
Saskatchewan,25-34,40-59k,Urban,1,1,7.0,6,0,0
Quebec,18-24,40-59k,Urban,5,0,0.15,8,1,0
New Brunswick,25-34,80-119k,Urban,6,2,10.34,3,1,0
Saskatchewan,25-34,60-79k,Urban,5,2,11.07,5,1,0
Saskatchewan,45-54,40-59k,Urban,2,1,4.3,8,0,0
New Brunswick,18-24,60-79k,Urban,0,0,2.08,8,0,0
Ontario,25-34,80-119k,Urban,1,0,0.56,9,0,0
Quebec,25-34,40-59k,Rural,2,0,0.38,9,0,0
Newfoundland and Labrador,45-54,<40k,Urban,8,0,2.78,8,1,0
New Brunswick,45-54,120k+,Urban,3,0,1.93,9,1,0
Nova Scotia,45-54,40-59k,Urban,3,1,6.27,7,1,0
Nova Scotia,25-34,40-59k,Urban,5,4,21.73,2,1,0
Manitoba,35-44,40-59k,Urban,3,0,0.46,9,1,0
Quebec,18-24,120k+,Rural,3,0,1.13,10,1,0
Saskatchewan,25-34,40-59k,Urban,1,2,11.41,4,0,1
Prince Edward Island,55-64,80-119k,Urban,0,1,3.06,10,0,0
British Columbia,65+,120k+,Rural,4,0,0.62,10,1,0
Alberta,45-54,<40k,Urban,6,5,28.8,2,1,0
Prince Edward Island,65+,80-119k,Urban,2,1,4.05,10,0,0
Quebec,45-54,60-79k,Urban,3,1,3.39,10,1,0
Quebec,18-24,80-119k,Urban,1,1,6.39,6,0,1
New Brunswick,65+,40-59k,Urban,2,0,0.48,10,0,0
New Brunswick,18-24,80-119k,Urban,0,0,2.49,9,0,0
Prince Edward Island,45-54,40-59k,Urban,5,0,1.07,9,1,0
Saskatchewan,25-34,<40k,Rural,2,0,1.37,10,0,0
Manitoba,35-44,120k+,Urban,3,0,1.39,9,1,0
New Brunswick,45-54,<40k,Urban,0,0,2.14,8,0,0
Alberta,35-44,80-119k,Urban,3,0,2.19,8,1,0
Alberta,25-34,<40k,Rural,0,0,1.92,9,0,1
Manitoba,35-44,40-59k,Urban,1,0,2.32,8,0,0
Ontario,35-44,80-119k,Urban,2,2,7.04,7,0,1
Ontario,65+,40-59k,Urban,2,0,1.51,9,0,0
Quebec,55-64,80-119k,Urban,1,2,9.62,6,0,0
New Brunswick,35-44,60-79k,Urban,6,2,8.2,7,1,0
Nova Scotia,25-34,40-59k,Urban,2,0,1.67,9,0,0
Prince Edward Island,55-64,80-119k,Urban,3,0,1.4,10,1,0
Newfoundland and Labrador,25-34,40-59k,Urban,3,1,4.89,8,1,0
Manitoba,25-34,40-59k,Urban,3,0,0.36,10,1,0
Quebec,35-44,80-119k,Rural,3,2,9.18,6,1,0
Nova Scotia,55-64,40-59k,Rural,5,1,6.07,6,1,0
New Brunswick,25-34,40-59k,Urban,5,1,4.64,9,1,0
Nova Scotia,25-34,80-119k,Urban,2,2,9.44,7,0,0
Nova Scotia,35-44,80-119k,Urban,3,0,2.9,9,1,0
Manitoba,25-34,60-79k,Urban,0,1,6.49,7,0,1
Quebec,45-54,60-79k,Urban,0,0,2.79,10,0,0
Saskatchewan,35-44,80-119k,Urban,2,0,0.23,10,0,0
Alberta,35-44,60-79k,Rural,7,0,1.86,8,1,0
Prince Edward Island,25-34,60-79k,Urban,3,1,3.89,8,1,0
Quebec,25-34,120k+,Urban,4,2,9.02,6,1,0
Newfoundland and Labrador,55-64,<40k,Urban,0,0,2.04,8,0,0
Nova Scotia,55-64,60-79k,Urban,2,2,9.89,7,0,0
Saskatchewan,25-34,120k+,Urban,2,0,1.52,10,0,0
Manitoba,25-34,80-119k,Urban,5,0,2.44,8,1,0
British Columbia,18-24,120k+,Urban,0,3,16.1,3,0,1
Prince Edward Island,45-54,40-59k,Urban,3,0,2.46,9,1,0
Prince Edward Island,45-54,40-59k,Rural,7,0,2.8,10,1,0
Alberta,35-44,80-119k,Urban,6,0,2.14,8,1,0
British Columbia,45-54,40-59k,Urban,6,0,1.19,8,1,0
New Brunswick,45-54,80-119k,Urban,1,0,0.64,8,0,0
British Columbia,65+,<40k,Rural,8,0,0.81,9,1,0
Nova Scotia,18-24,80-119k,Urban,5,0,1.19,8,1,0
Nova Scotia,25-34,60-79k,Rural,6,0,2.22,10,1,0
Nova Scotia,18-24,40-59k,Urban,7,1,3.16,9,1,0
Nova Scotia,55-64,60-79k,Urban,7,2,11.07,5,1,0
Quebec,55-64,80-119k,Urban,1,0,2.27,9,0,0
Prince Edward Island,45-54,<40k,Urban,0,0,1.5,8,0,0
British Columbia,18-24,80-119k,Urban,4,0,1.2,10,1,0
Prince Edward Island,25-34,60-79k,Rural,3,0,0.34,8,1,0
Newfoundland and Labrador,25-34,40-59k,Urban,1,2,8.45,6,0,0
British Columbia,45-54,80-119k,Urban,4,1,3.44,8,1,0
Quebec,25-34,40-59k,Urban,0,0,2.46,8,0,0
Newfoundland and Labrador,18-24,40-59k,Urban,0,0,1.53,10,0,0
Prince Edward Island,55-64,60-79k,Urban,1,0,0.74,9,0,0
Newfoundland and Labrador,25-34,80-119k,Urban,0,2,7.09,6,0,0
Alberta,35-44,120k+,Urban,4,2,9.62,7,1,0
Newfoundland and Labrador,25-34,<40k,Urban,8,0,2.26,10,1,0
British Columbia,55-64,40-59k,Rural,4,0,2.3,10,1,0
Nova Scotia,45-54,<40k,Urban,3,0,0.64,10,1,0
Nova Scotia,65+,80-119k,Rural,0,2,11.98,4,0,1
New Brunswick,35-44,60-79k,Urban,2,0,1.71,8,0,0
Prince Edward Island,65+,80-119k,Urban,5,0,1.0,9,1,0
Alberta,55-64,40-59k,Urban,3,0,1.18,8,1,0
British Columbia,45-54,80-119k,Urban,1,0,0.37,8,0,0
British Columbia,65+,60-79k,Urban,6,0,1.48,10,1,0
Manitoba,35-44,120k+,Urban,9,1,6.01,6,1,0
Ontario,35-44,<40k,Urban,1,0,1.23,8,0,0
Prince Edward Island,18-24,60-79k,Urban,0,3,17.2,4,0,0
British Columbia,45-54,80-119k,Urban,1,1,4.91,10,0,1
Saskatchewan,55-64,60-79k,Urban,0,0,2.7,8,0,1
British Columbia,55-64,<40k,Rural,6,1,5.81,6,1,0
Manitoba,25-34,120k+,Urban,7,0,0.17,9,1,0
Newfoundland and Labrador,35-44,40-59k,Urban,3,0,0.2,10,1,0
Quebec,25-34,40-59k,Urban,5,4,23.6,1,1,1
Quebec,45-54,60-79k,Urban,4,1,4.43,8,1,0
Saskatchewan,25-34,60-79k,Rural,1,0,0.57,10,0,0
Saskatchewan,65+,80-119k,Rural,3,0,2.6,9,1,0
New Brunswick,25-34,40-59k,Rural,5,0,2.95,9,1,0
Quebec,25-34,60-79k,Rural,5,0,2.43,8,1,0
Newfoundland and Labrador,55-64,60-79k,Rural,0,0,2.18,10,0,0
Quebec,35-44,40-59k,Urban,2,0,0.0,8,0,0
Ontario,18-24,120k+,Rural,1,1,3.42,9,0,0
Prince Edward Island,35-44,80-119k,Urban,4,2,10.35,5,1,0
Quebec,18-24,60-79k,Urban,2,0,1.23,9,0,0
Nova Scotia,65+,<40k,Urban,1,0,0.06,8,0,0
New Brunswick,45-54,120k+,Urban,4,0,2.22,10,1,0
Manitoba,25-34,<40k,Urban,2,0,1.26,9,0,0
Saskatchewan,45-54,40-59k,Urban,1,1,5.64,6,0,0
Ontario,18-24,<40k,Urban,6,2,9.34,6,1,0
Saskatchewan,55-64,<40k,Urban,0,0,0.08,9,0,0
New Brunswick,65+,80-119k,Urban,0,0,1.91,8,0,0
British Columbia,55-64,60-79k,Rural,0,4,23.52,2,0,1
Ontario,35-44,120k+,Urban,0,1,3.62,9,0,0
Alberta,35-44,40-59k,Rural,2,0,2.67,10,0,0
Ontario,18-24,60-79k,Urban,3,0,0.54,10,1,0
New Brunswick,45-54,120k+,Rural,2,4,20.96,2,0,0
Manitoba,45-54,80-119k,Urban,0,0,1.58,9,0,0
Ontario,35-44,80-119k,Urban,0,0,0.94,8,0,0
New Brunswick,65+,40-59k,Urban,2,0,1.5,10,0,0
Newfoundland and Labrador,25-34,80-119k,Urban,3,0,2.16,9,1,0
Prince Edward Island,18-24,40-59k,Rural,1,0,2.14,8,0,1
Quebec,18-24,60-79k,Urban,1,1,6.69,6,0,0
Newfoundland and Labrador,25-34,60-79k,Rural,0,0,2.59,8,0,0
New Brunswick,18-24,60-79k,Urban,0,1,6.94,7,0,1
Nova Scotia,35-44,80-119k,Urban,0,0,1.79,9,0,0
British Columbia,25-34,80-119k,Urban,4,0,1.2,10,1,0
Quebec,25-34,<40k,Urban,1,1,3.96,8,0,0
Nova Scotia,55-64,60-79k,Rural,0,4,19.71,4,0,0
Manitoba,25-34,80-119k,Urban,2,2,7.75,6,0,1
Saskatchewan,45-54,40-59k,Urban,2,0,2.18,8,0,0
Alberta,35-44,40-59k,Urban,2,0,1.96,9,0,0
Quebec,35-44,<40k,Urban,0,1,4.17,10,0,0
Newfoundland and Labrador,65+,60-79k,Urban,4,1,6.57,7,1,0
British Columbia,18-24,120k+,Urban,4,1,5.21,6,1,0
Nova Scotia,35-44,40-59k,Urban,1,4,18.48,3,0,0
New Brunswick,55-64,60-79k,Rural,1,0,0.18,8,0,0
Quebec,45-54,80-119k,Urban,0,2,7.72,7,0,0
Saskatchewan,25-34,<40k,Urban,4,0,0.63,8,1,0
New Brunswick,35-44,120k+,Urban,3,2,11.44,3,1,0
Nova Scotia,45-54,40-59k,Urban,0,2,10.89,5,0,0
British Columbia,55-64,80-119k,Urban,1,0,0.61,9,0,0
Ontario,18-24,<40k,Urban,7,2,8.24,7,1,0
Saskatchewan,18-24,<40k,Urban,2,1,5.55,6,0,0
New Brunswick,35-44,40-59k,Urban,1,1,6.49,7,0,0
Saskatchewan,25-34,40-59k,Urban,3,4,20.22,2,1,1
Manitoba,25-34,80-119k,Urban,0,0,1.58,8,0,0
New Brunswick,25-34,<40k,Urban,2,5,38.36,2,0,0
Quebec,25-34,80-119k,Rural,4,0,2.31,8,1,0
Ontario,25-34,<40k,Urban,6,0,2.67,9,1,0
Ontario,65+,80-119k,Urban,4,0,0.83,9,1,0
Alberta,25-34,80-119k,Urban,1,0,2.07,9,0,0
Saskatchewan,25-34,60-79k,Rural,5,1,3.46,8,1,0
Newfoundland and Labrador,25-34,40-59k,Rural,6,0,1.85,10,1,0
Ontario,65+,80-119k,Urban,2,4,20.13,1,0,1
Ontario,55-64,<40k,Urban,0,0,2.1,8,0,0
Manitoba,55-64,40-59k,Urban,6,0,0.43,8,1,0
Prince Edward Island,25-34,80-119k,Rural,0,2,10.33,4,0,0
Manitoba,55-64,120k+,Urban,0,2,10.54,3,0,1
Manitoba,35-44,120k+,Urban,1,1,6.43,6,0,0
Prince Edward Island,25-34,60-79k,Urban,1,0,2.06,9,0,0
Saskatchewan,45-54,60-79k,Urban,5,2,9.61,6,1,0
New Brunswick,55-64,120k+,Urban,1,0,2.35,8,0,0
British Columbia,55-64,60-79k,Urban,0,5,29.27,2,0,0
Newfoundland and Labrador,55-64,60-79k,Urban,3,1,5.71,6,1,0
Ontario,65+,120k+,Urban,4,2,10.62,3,1,1
Alberta,25-34,40-59k,Urban,5,1,4.57,9,1,0
Newfoundland and Labrador,35-44,<40k,Urban,1,1,6.96,7,0,0
New Brunswick,18-24,80-119k,Urban,0,1,4.42,9,0,1
Prince Edward Island,55-64,<40k,Rural,3,1,3.34,9,1,0
Newfoundland and Labrador,25-34,40-59k,Urban,0,0,0.91,9,0,0
Ontario,55-64,60-79k,Urban,0,0,0.3,9,0,1
Newfoundland and Labrador,35-44,60-79k,Rural,5,0,1.02,8,1,0
British Columbia,35-44,120k+,Urban,2,1,3.51,9,0,0
Prince Edward Island,18-24,40-59k,Urban,2,1,4.76,8,0,0
Newfoundland and Labrador,35-44,40-59k,Urban,4,1,6.11,6,1,0
Ontario,55-64,<40k,Urban,2,2,7.34,6,0,0
Ontario,18-24,60-79k,Urban,0,0,1.69,8,0,0
Newfoundland and Labrador,35-44,80-119k,Urban,1,0,0.13,8,0,0
Saskatchewan,18-24,60-79k,Rural,0,0,2.65,9,0,0
Alberta,35-44,40-59k,Urban,9,0,2.76,9,1,0
Nova Scotia,25-34,80-119k,Urban,4,0,1.48,10,1,0
Manitoba,25-34,60-79k,Urban,2,0,2.31,10,0,0
Prince Edward Island,55-64,<40k,Urban,0,1,5.37,6,0,0
Nova Scotia,35-44,60-79k,Urban,0,0,1.02,10,0,0
New Brunswick,25-34,60-79k,Urban,5,0,0.74,8,1,0
New Brunswick,45-54,120k+,Urban,8,4,23.31,1,1,1
Ontario,25-34,80-119k,Urban,0,5,31.45,1,0,0
New Brunswick,25-34,80-119k,Urban,7,1,6.68,6,1,0
Saskatchewan,45-54,120k+,Urban,1,0,2.93,8,0,0
Alberta,25-34,80-119k,Urban,0,2,8.05,6,0,0
New Brunswick,45-54,120k+,Urban,0,0,1.68,8,0,0
British Columbia,35-44,<40k,Urban,5,0,1.61,9,1,0
Alberta,55-64,60-79k,Urban,2,1,6.47,6,0,0
Saskatchewan,65+,80-119k,Urban,5,0,2.07,10,1,0
Nova Scotia,25-34,60-79k,Urban,1,4,22.25,1,0,1
Alberta,35-44,<40k,Rural,4,2,10.4,5,1,0
Alberta,25-34,40-59k,Urban,0,0,1.17,10,0,0
Nova Scotia,25-34,40-59k,Rural,0,0,2.88,9,0,0
Saskatchewan,55-64,40-59k,Urban,0,0,0.17,9,0,0
New Brunswick,55-64,40-59k,Urban,5,2,7.15,7,1,0
Ontario,35-44,60-79k,Urban,3,0,1.25,9,1,0
Prince Edward Island,45-54,80-119k,Rural,0,0,0.46,9,0,0
Nova Scotia,18-24,80-119k,Urban,1,0,1.63,9,0,0
Nova Scotia,45-54,80-119k,Urban,5,0,0.03,8,1,0
Nova Scotia,55-64,120k+,Urban,1,4,21.22,2,0,0
Nova Scotia,45-54,60-79k,Urban,7,3,13.77,5,1,0
Prince Edward Island,25-34,40-59k,Urban,7,0,0.61,9,1,0
Prince Edward Island,45-54,<40k,Urban,3,0,1.33,9,1,0
New Brunswick,35-44,120k+,Urban,3,0,2.56,10,1,0
Newfoundland and Labrador,45-54,<40k,Rural,3,2,10.28,3,1,0
Newfoundland and Labrador,35-44,80-119k,Rural,1,0,0.48,10,0,0
Quebec,35-44,40-59k,Rural,1,0,1.5,9,0,0
Nova Scotia,45-54,120k+,Rural,0,0,2.8,8,0,0
Nova Scotia,55-64,60-79k,Urban,7,0,1.32,8,1,0
Alberta,18-24,80-119k,Rural,4,2,9.35,6,1,0
Newfoundland and Labrador,65+,40-59k,Urban,0,0,2.82,10,0,0
New Brunswick,35-44,40-59k,Rural,3,0,0.41,10,1,0
Ontario,45-54,60-79k,Urban,1,2,10.68,5,0,0
Quebec,55-64,120k+,Urban,5,2,8.5,7,1,0
Quebec,35-44,60-79k,Urban,1,0,2.6,8,0,0
New Brunswick,55-64,120k+,Urban,3,0,0.16,9,1,0
Ontario,25-34,80-119k,Rural,0,2,11.95,3,0,0
Alberta,25-34,80-119k,Urban,3,0,2.31,8,1,0
Prince Edward Island,45-54,60-79k,Urban,1,1,4.14,8,0,0
Manitoba,55-64,40-59k,Urban,0,0,2.28,8,0,0
Newfoundland and Labrador,55-64,40-59k,Urban,3,0,2.77,8,1,0
Nova Scotia,45-54,120k+,Urban,3,0,0.34,8,1,0
New Brunswick,45-54,120k+,Urban,10,0,2.74,8,1,0
Newfoundland and Labrador,35-44,80-119k,Urban,4,0,1.08,10,1,0
Nova Scotia,65+,40-59k,Urban,2,3,12.04,5,0,1
Manitoba,25-34,40-59k,Rural,7,0,0.34,9,1,0
Manitoba,55-64,120k+,Urban,5,1,6.54,6,1,0
Prince Edward Island,45-54,<40k,Urban,3,1,6.93,7,1,0
Saskatchewan,45-54,80-119k,Rural,2,0,2.69,10,0,1
Manitoba,35-44,40-59k,Rural,8,2,9.21,7,1,0
Newfoundland and Labrador,65+,60-79k,Rural,3,2,11.81,4,1,0
British Columbia,45-54,80-119k,Urban,4,0,1.22,9,1,0
British Columbia,65+,<40k,Urban,0,0,0.34,8,0,0
Nova Scotia,18-24,40-59k,Urban,4,5,30.11,2,1,0
Nova Scotia,45-54,120k+,Urban,1,1,6.99,7,0,1
Saskatchewan,45-54,80-119k,Urban,0,1,5.5,7,0,0
British Columbia,55-64,80-119k,Urban,6,2,8.7,6,1,0
Nova Scotia,65+,80-119k,Urban,4,1,5.5,6,1,0
Manitoba,18-24,<40k,Rural,2,0,1.29,8,0,0
Nova Scotia,18-24,40-59k,Rural,2,5,25.74,1,0,1
Quebec,35-44,60-79k,Urban,0,1,3.8,8,0,0
Saskatchewan,18-24,40-59k,Urban,0,2,7.1,6,0,1
New Brunswick,65+,60-79k,Rural,1,0,0.76,8,0,1
Ontario,25-34,80-119k,Urban,0,3,16.44,4,0,0
Alberta,35-44,<40k,Urban,2,1,3.77,10,0,0
Ontario,18-24,80-119k,Rural,5,1,5.11,7,1,0
Ontario,45-54,<40k,Urban,0,0,2.1,10,0,0
Prince Edward Island,35-44,<40k,Urban,0,1,5.19,6,0,0
New Brunswick,18-24,60-79k,Urban,7,0,0.05,8,1,0
Nova Scotia,35-44,80-119k,Urban,4,1,4.45,10,1,0
Prince Edward Island,35-44,<40k,Urban,0,1,4.77,8,0,1
Ontario,65+,60-79k,Urban,0,0,1.03,10,0,0
Quebec,25-34,80-119k,Rural,4,0,1.64,8,1,0
Alberta,45-54,40-59k,Urban,1,0,1.54,10,0,0
Ontario,65+,60-79k,Rural,4,2,7.94,7,1,0
British Columbia,55-64,120k+,Urban,2,0,2.26,8,0,0
New Brunswick,65+,60-79k,Rural,9,0,0.48,8,1,0
New Brunswick,65+,<40k,Urban,4,1,4.84,10,1,0
New Brunswick,35-44,80-119k,Urban,0,1,6.03,7,0,0
Saskatchewan,45-54,60-79k,Urban,1,5,35.46,1,0,0
Saskatchewan,25-34,<40k,Urban,3,0,1.3,10,1,0
Manitoba,35-44,<40k,Urban,0,1,6.16,6,0,0
Newfoundland and Labrador,55-64,<40k,Rural,0,0,2.14,8,0,0
Alberta,35-44,<40k,Urban,0,2,8.92,7,0,0
Prince Edward Island,45-54,40-59k,Rural,2,2,11.48,5,0,1
Nova Scotia,55-64,60-79k,Urban,3,1,3.57,9,1,0
Ontario,25-34,40-59k,Urban,0,0,1.08,8,0,1
Newfoundland and Labrador,55-64,120k+,Urban,4,5,35.47,1,1,1
Nova Scotia,35-44,60-79k,Rural,3,4,24.11,2,1,0
Prince Edward Island,25-34,120k+,Urban,8,0,0.97,10,1,0
Newfoundland and Labrador,55-64,60-79k,Urban,6,1,5.24,6,1,0
Nova Scotia,35-44,<40k,Rural,8,3,12.07,3,1,1
Quebec,55-64,60-79k,Urban,9,0,1.11,9,1,0
Saskatchewan,45-54,80-119k,Urban,2,1,4.32,8,0,0
Prince Edward Island,35-44,40-59k,Urban,2,1,6.37,7,0,0
Alberta,55-64,<40k,Urban,1,1,3.3,10,0,0
British Columbia,45-54,40-59k,Urban,2,1,3.25,8,0,0
Quebec,35-44,40-59k,Rural,0,0,1.33,9,0,0
Saskatchewan,25-34,40-59k,Rural,4,0,1.22,8,1,0
New Brunswick,55-64,<40k,Urban,0,3,12.97,4,0,1
Saskatchewan,18-24,40-59k,Urban,1,2,8.32,7,0,0
Newfoundland and Labrador,55-64,80-119k,Urban,0,2,11.87,4,0,0
Manitoba,35-44,40-59k,Urban,7,0,1.54,9,1,0
Quebec,45-54,80-119k,Urban,0,2,7.44,7,0,0
New Brunswick,65+,60-79k,Urban,6,0,0.15,10,1,0
Newfoundland and Labrador,25-34,60-79k,Urban,0,1,3.17,9,0,0
Prince Edward Island,45-54,40-59k,Urban,3,1,4.56,10,1,0
Alberta,55-64,60-79k,Urban,1,0,2.6,10,0,0
Saskatchewan,55-64,<40k,Rural,1,0,2.5,10,0,0
Prince Edward Island,45-54,60-79k,Urban,13,2,8.84,6,1,0
New Brunswick,45-54,60-79k,Urban,1,3,16.65,4,0,0
Newfoundland and Labrador,55-64,40-59k,Urban,0,0,2.26,9,0,0
Manitoba,55-64,40-59k,Urban,3,0,1.45,8,1,0
Saskatchewan,55-64,40-59k,Urban,4,0,1.21,9,1,0
Alberta,35-44,<40k,Urban,10,0,0.54,8,1,0
Manitoba,65+,40-59k,Urban,4,4,19.95,4,1,0
Nova Scotia,35-44,120k+,Urban,3,0,1.02,10,1,0
Newfoundland and Labrador,18-24,40-59k,Rural,2,2,11.06,5,0,0
Prince Edward Island,35-44,60-79k,Urban,3,1,5.21,6,1,0
Saskatchewan,25-34,80-119k,Urban,3,0,0.6,9,1,0
Saskatchewan,25-34,80-119k,Urban,0,1,3.38,10,0,0
New Brunswick,25-34,120k+,Urban,4,1,4.99,8,1,0
Alberta,18-24,80-119k,Urban,0,2,10.33,4,0,0
British Columbia,45-54,80-119k,Rural,2,0,2.46,9,0,0
Nova Scotia,18-24,120k+,Urban,1,0,2.39,9,0,1
Manitoba,25-34,40-59k,Urban,1,2,11.12,5,0,0
Quebec,18-24,60-79k,Urban,3,0,1.34,10,1,0
Quebec,18-24,120k+,Urban,0,3,17.19,3,0,0
Saskatchewan,25-34,80-119k,Urban,0,0,1.33,8,0,0
New Brunswick,45-54,120k+,Urban,0,0,0.5,9,0,0
Ontario,65+,<40k,Urban,0,1,4.59,8,0,0
Saskatchewan,55-64,60-79k,Urban,0,0,1.02,9,0,0
Quebec,55-64,120k+,Urban,5,0,1.18,10,1,0
Quebec,25-34,40-59k,Urban,2,0,1.98,10,0,0
Nova Scotia,25-34,80-119k,Urban,2,0,1.97,9,0,1
Prince Edward Island,18-24,<40k,Urban,3,0,0.67,10,1,0
Ontario,55-64,80-119k,Urban,4,1,4.26,10,1,0
Saskatchewan,18-24,120k+,Urban,0,2,9.98,7,0,0
Nova Scotia,45-54,40-59k,Urban,6,0,0.25,10,1,0
New Brunswick,25-34,<40k,Urban,10,1,5.75,7,1,0
Nova Scotia,25-34,<40k,Urban,0,3,13.07,3,0,0
Saskatchewan,65+,120k+,Urban,3,1,6.4,7,1,0
Newfoundland and Labrador,55-64,80-119k,Urban,0,2,9.01,7,0,1
British Columbia,55-64,<40k,Urban,0,0,0.66,9,0,0
Saskatchewan,45-54,<40k,Urban,1,0,2.0,10,0,0
Alberta,55-64,80-119k,Urban,6,0,1.66,10,1,0
Quebec,45-54,80-119k,Urban,3,1,3.69,8,1,0
Ontario,65+,<40k,Rural,2,1,6.31,7,0,1
Ontario,25-34,40-59k,Urban,2,4,21.17,2,0,1
Prince Edward Island,45-54,80-119k,Rural,2,1,3.61,8,0,0
British Columbia,45-54,60-79k,Urban,1,0,2.39,8,0,0
Alberta,35-44,120k+,Urban,6,2,7.67,7,1,0
Quebec,55-64,60-79k,Urban,3,0,2.9,8,1,0
Ontario,65+,80-119k,Rural,2,2,9.21,7,0,1
Alberta,35-44,60-79k,Urban,2,0,2.18,9,0,0
Nova Scotia,35-44,120k+,Urban,7,0,1.36,9,1,0
Prince Edward Island,35-44,40-59k,Urban,4,0,0.56,8,1,0
Saskatchewan,55-64,40-59k,Urban,0,5,36.37,1,0,1
Saskatchewan,45-54,40-59k,Urban,2,1,4.16,9,0,0
Newfoundland and Labrador,18-24,80-119k,Urban,1,0,2.05,10,0,0
Quebec,45-54,60-79k,Rural,10,0,0.77,10,1,0
Alberta,18-24,40-59k,Urban,2,0,0.72,9,0,1
Manitoba,55-64,60-79k,Urban,0,0,1.37,10,0,0
Ontario,35-44,<40k,Urban,2,0,2.45,8,0,0
New Brunswick,35-44,<40k,Urban,1,2,10.07,3,0,0
New Brunswick,55-64,40-59k,Urban,3,2,7.32,6,1,0
Saskatchewan,18-24,60-79k,Urban,1,5,36.01,2,0,1
Manitoba,25-34,80-119k,Urban,0,0,1.74,10,0,0
New Brunswick,35-44,80-119k,Urban,0,3,15.74,4,0,0
British Columbia,25-34,120k+,Rural,1,0,1.06,8,0,1
British Columbia,35-44,60-79k,Urban,1,0,1.67,10,0,0
Quebec,65+,80-119k,Urban,5,0,1.12,10,1,0
Manitoba,55-64,<40k,Urban,1,5,26.22,1,0,1
British Columbia,55-64,<40k,Urban,0,5,37.67,2,0,1
British Columbia,65+,<40k,Urban,5,2,10.39,5,1,0
Saskatchewan,35-44,60-79k,Urban,6,0,2.01,8,1,0
New Brunswick,25-34,40-59k,Urban,2,2,7.97,7,0,0
Quebec,25-34,40-59k,Rural,1,1,5.65,6,0,0
Alberta,55-64,80-119k,Urban,5,0,0.7,9,1,0
Nova Scotia,45-54,40-59k,Urban,0,0,2.06,10,0,0
Ontario,25-34,60-79k,Rural,7,1,4.33,10,1,0
Ontario,35-44,60-79k,Urban,6,2,7.79,7,1,0
Prince Edward Island,35-44,<40k,Urban,3,2,11.53,5,1,0
Nova Scotia,45-54,<40k,Rural,1,0,0.31,8,0,0
Nova Scotia,55-64,40-59k,Urban,0,0,2.29,9,0,0
Ontario,35-44,<40k,Urban,14,1,3.41,10,1,0
Ontario,65+,60-79k,Urban,5,2,10.42,5,1,0
Alberta,35-44,80-119k,Urban,1,0,0.33,10,0,0
Manitoba,55-64,40-59k,Rural,0,1,5.04,7,0,0
Manitoba,65+,40-59k,Rural,3,0,0.56,9,1,0
Alberta,65+,80-119k,Urban,10,0,2.6,8,1,0
New Brunswick,18-24,40-59k,Rural,4,0,1.2,8,1,0
Nova Scotia,25-34,<40k,Urban,0,1,3.06,10,0,0
Newfoundland and Labrador,35-44,60-79k,Urban,2,0,1.88,9,0,0
Nova Scotia,35-44,80-119k,Rural,0,3,14.67,4,0,0
Prince Edward Island,45-54,60-79k,Rural,7,1,6.44,7,1,0
Ontario,65+,80-119k,Urban,1,5,31.5,2,0,1
Nova Scotia,25-34,<40k,Urban,4,0,1.23,9,1,0
Ontario,35-44,60-79k,Urban,0,1,4.82,10,0,0
Nova Scotia,25-34,40-59k,Urban,0,4,24.02,2,0,0
Prince Edward Island,55-64,80-119k,Urban,4,0,1.76,8,1,0
New Brunswick,65+,120k+,Urban,6,0,2.01,9,1,0
Newfoundland and Labrador,35-44,40-59k,Urban,0,1,5.88,6,0,0
British Columbia,25-34,<40k,Rural,2,0,2.81,9,0,0
Alberta,55-64,40-59k,Urban,3,0,2.51,9,1,0
Alberta,45-54,<40k,Urban,5,5,38.91,1,1,1
Newfoundland and Labrador,35-44,40-59k,Rural,3,2,8.72,7,1,0
Nova Scotia,55-64,60-79k,Urban,0,0,0.64,9,0,0
British Columbia,65+,120k+,Urban,3,0,0.61,8,1,0
Prince Edward Island,45-54,40-59k,Urban,6,0,2.57,9,1,0
Manitoba,45-54,40-59k,Urban,6,0,2.49,8,1,0
Nova Scotia,25-34,<40k,Urban,3,0,1.95,10,1,0
New Brunswick,45-54,<40k,Urban,12,0,0.19,9,1,0
Ontario,35-44,40-59k,Urban,0,0,0.95,9,0,0
Quebec,25-34,80-119k,Urban,2,4,23.14,1,0,1
Nova Scotia,18-24,<40k,Urban,5,0,0.75,8,1,0
Quebec,25-34,120k+,Urban,0,0,1.87,8,0,0
Nova Scotia,25-34,60-79k,Urban,9,1,5.17,6,1,0
Newfoundland and Labrador,45-54,60-79k,Rural,1,0,0.79,10,0,0
Quebec,45-54,40-59k,Rural,1,1,6.74,7,0,1
Nova Scotia,45-54,80-119k,Rural,0,1,4.03,9,0,0
Alberta,35-44,60-79k,Urban,1,5,38.42,2,0,1
Quebec,35-44,40-59k,Urban,3,0,1.62,9,1,0
Nova Scotia,55-64,40-59k,Urban,2,0,0.28,10,0,0
Manitoba,35-44,120k+,Rural,0,0,2.5,8,0,0
Ontario,65+,40-59k,Urban,5,0,2.37,10,1,0
Manitoba,35-44,60-79k,Urban,0,2,11.15,4,0,1
British Columbia,45-54,40-59k,Urban,5,1,5.55,7,1,0
Nova Scotia,18-24,<40k,Urban,1,4,22.98,2,0,1
Saskatchewan,45-54,40-59k,Urban,2,0,2.72,8,0,0
New Brunswick,55-64,40-59k,Rural,1,2,7.64,6,0,0
Manitoba,65+,80-119k,Urban,3,0,0.25,10,1,0
Quebec,65+,60-79k,Urban,5,3,12.75,4,1,0
Newfoundland and Labrador,25-34,80-119k,Urban,11,0,2.61,10,1,0
New Brunswick,45-54,80-119k,Urban,1,2,9.81,7,0,1
Saskatchewan,35-44,40-59k,Urban,3,0,0.53,8,1,0
Prince Edward Island,45-54,60-79k,Rural,2,0,0.43,8,0,1
Nova Scotia,25-34,80-119k,Urban,13,1,4.78,9,1,0
Newfoundland and Labrador,55-64,80-119k,Urban,5,3,16.89,3,1,1
Nova Scotia,65+,60-79k,Urban,1,2,11.03,4,0,0
British Columbia,35-44,80-119k,Urban,2,0,2.55,8,0,0
Saskatchewan,25-34,<40k,Urban,1,0,2.31,8,0,0
Nova Scotia,25-34,80-119k,Urban,4,0,0.18,10,1,0
Quebec,45-54,40-59k,Urban,6,2,10.6,3,1,0
British Columbia,25-34,60-79k,Rural,9,0,1.56,9,1,0
Alberta,65+,40-59k,Urban,3,3,16.36,4,1,0
Prince Edward Island,45-54,80-119k,Urban,4,1,4.94,9,1,0
Saskatchewan,45-54,60-79k,Rural,2,1,4.93,10,0,0
Ontario,45-54,80-119k,Urban,3,2,7.63,7,1,0
Newfoundland and Labrador,18-24,80-119k,Urban,1,1,6.62,7,0,1
Manitoba,65+,120k+,Urban,4,0,1.12,10,1,0
Nova Scotia,45-54,80-119k,Urban,0,0,1.75,10,0,0
Newfoundland and Labrador,65+,<40k,Rural,0,0,0.62,8,0,0
Newfoundland and Labrador,45-54,80-119k,Urban,4,0,1.11,8,1,0
Ontario,45-54,60-79k,Urban,7,0,2.61,10,1,0
Ontario,18-24,60-79k,Rural,3,1,3.84,9,1,0
British Columbia,45-54,120k+,Urban,4,0,0.62,10,1,0
Saskatchewan,55-64,40-59k,Urban,5,2,8.3,6,1,0
Quebec,55-64,40-59k,Urban,1,1,5.3,6,0,0
Prince Edward Island,55-64,60-79k,Urban,0,3,15.12,4,0,1
Ontario,25-34,80-119k,Urban,7,0,0.53,10,1,0
Ontario,65+,60-79k,Rural,7,2,10.46,3,1,0
Manitoba,65+,80-119k,Urban,2,3,17.45,5,0,1
Alberta,18-24,60-79k,Rural,0,0,0.6,9,0,0
Ontario,65+,60-79k,Urban,6,5,35.09,2,1,1
Alberta,25-34,80-119k,Urban,4,0,1.76,9,1,0
British Columbia,45-54,40-59k,Urban,0,0,0.99,8,0,0
Quebec,35-44,80-119k,Urban,0,0,1.85,8,0,0
Newfoundland and Labrador,65+,80-119k,Urban,10,0,0.63,8,1,0
Ontario,25-34,60-79k,Urban,0,3,17.0,3,0,1
Nova Scotia,35-44,40-59k,Urban,1,0,0.07,10,0,0
Alberta,35-44,<40k,Rural,3,0,1.7,8,1,0
Manitoba,35-44,80-119k,Urban,0,1,4.28,9,0,0
Prince Edward Island,45-54,40-59k,Rural,1,2,11.41,3,0,0
Manitoba,25-34,40-59k,Rural,1,0,1.5,10,0,0
Ontario,45-54,40-59k,Urban,1,1,6.21,6,0,0
Saskatchewan,65+,60-79k,Urban,5,0,2.77,10,1,0
Newfoundland and Labrador,55-64,80-119k,Urban,2,1,4.34,10,0,0
Quebec,55-64,80-119k,Urban,1,3,17.28,4,0,1
Nova Scotia,35-44,40-59k,Rural,1,0,2.18,8,0,0
Saskatchewan,35-44,80-119k,Urban,0,0,0.32,8,0,0
Manitoba,35-44,80-119k,Urban,0,1,3.42,8,0,0
Alberta,18-24,40-59k,Urban,4,0,2.45,8,1,0
Alberta,65+,<40k,Rural,0,0,1.4,8,0,0
Saskatchewan,25-34,120k+,Urban,2,0,1.49,8,0,0
Alberta,65+,80-119k,Rural,6,0,2.67,8,1,0
Manitoba,18-24,80-119k,Urban,1,0,2.71,10,0,0
Saskatchewan,55-64,<40k,Urban,1,0,0.34,10,0,0
Manitoba,25-34,80-119k,Rural,6,0,1.12,9,1,0
Nova Scotia,18-24,60-79k,Rural,6,1,6.58,7,1,0
Newfoundland and Labrador,45-54,80-119k,Urban,6,4,23.74,1,1,1
Prince Edward Island,25-34,120k+,Urban,3,0,2.16,9,1,0
Nova Scotia,45-54,120k+,Urban,8,0,0.31,8,1,0
Nova Scotia,45-54,80-119k,Urban,5,0,1.86,8,1,0
Alberta,25-34,<40k,Urban,2,1,5.33,7,0,0
Ontario,65+,120k+,Urban,3,4,19.17,5,1,0
New Brunswick,35-44,<40k,Urban,0,2,10.87,5,0,0
Alberta,55-64,80-119k,Urban,3,0,0.94,8,1,0
Ontario,35-44,40-59k,Urban,1,3,15.72,3,0,0
Manitoba,45-54,60-79k,Urban,1,1,4.45,10,0,0
New Brunswick,25-34,<40k,Rural,0,0,0.25,8,0,0
Alberta,25-34,80-119k,Urban,1,1,5.1,6,0,0
New Brunswick,45-54,<40k,Urban,2,0,0.92,8,0,0
New Brunswick,35-44,60-79k,Urban,3,0,0.21,10,1,0
British Columbia,35-44,80-119k,Urban,1,0,0.6,10,0,0
Newfoundland and Labrador,45-54,80-119k,Urban,5,0,1.86,8,1,0
British Columbia,45-54,<40k,Urban,2,2,7.51,6,0,0
Ontario,18-24,60-79k,Urban,3,2,7.44,7,1,0
Quebec,35-44,<40k,Rural,1,0,2.83,10,0,0
Saskatchewan,35-44,80-119k,Rural,5,0,0.32,9,1,0
Prince Edward Island,18-24,120k+,Urban,3,0,1.13,9,1,0
Quebec,25-34,80-119k,Rural,6,2,7.67,7,1,0
Saskatchewan,18-24,40-59k,Rural,0,0,2.82,9,0,1
Ontario,65+,40-59k,Rural,1,2,9.41,6,0,1
Ontario,55-64,120k+,Urban,0,3,12.67,4,0,1
Manitoba,18-24,40-59k,Urban,0,1,6.08,7,0,0
Prince Edward Island,18-24,60-79k,Urban,1,0,2.34,10,0,0
Newfoundland and Labrador,45-54,60-79k,Urban,6,0,2.7,10,1,0
New Brunswick,35-44,80-119k,Urban,3,0,2.12,8,1,0
British Columbia,55-64,80-119k,Urban,1,0,0.16,10,0,0
British Columbia,65+,40-59k,Urban,4,2,9.75,7,1,0
Ontario,45-54,80-119k,Rural,0,0,1.15,9,0,0
British Columbia,25-34,60-79k,Urban,1,0,2.25,8,0,1
Ontario,55-64,40-59k,Urban,3,0,1.77,8,1,0
New Brunswick,65+,40-59k,Urban,3,3,16.35,4,1,1
Ontario,45-54,60-79k,Urban,3,0,0.54,10,1,0
Manitoba,45-54,<40k,Urban,0,2,9.19,6,0,0
Newfoundland and Labrador,35-44,80-119k,Urban,1,1,4.73,8,0,0
Nova Scotia,35-44,<40k,Urban,7,1,6.92,7,1,0
Alberta,55-64,<40k,Rural,9,2,7.1,7,1,0
Newfoundland and Labrador,65+,40-59k,Urban,1,0,2.45,8,0,0
Newfoundland and Labrador,45-54,<40k,Urban,3,0,0.29,8,1,0
Quebec,55-64,60-79k,Rural,1,1,3.32,9,0,0
Prince Edward Island,25-34,40-59k,Rural,1,3,13.97,5,0,0
Prince Edward Island,25-34,80-119k,Urban,5,0,2.1,10,1,0
Saskatchewan,45-54,120k+,Urban,2,0,2.04,10,0,0
Alberta,25-34,80-119k,Urban,6,0,1.88,9,1,0
New Brunswick,45-54,<40k,Rural,3,2,10.87,3,1,0
Nova Scotia,25-34,120k+,Urban,3,2,8.16,6,1,0
Nova Scotia,55-64,40-59k,Urban,0,0,1.9,9,0,0
Prince Edward Island,55-64,60-79k,Urban,4,0,1.91,10,1,0
Newfoundland and Labrador,35-44,60-79k,Urban,9,0,1.96,9,1,0
Manitoba,25-34,40-59k,Urban,2,1,5.38,6,0,1
Saskatchewan,45-54,120k+,Urban,0,5,28.32,1,0,1
Ontario,65+,40-59k,Urban,9,2,11.57,5,1,1
Saskatchewan,45-54,60-79k,Urban,1,2,11.88,4,0,1
Quebec,18-24,40-59k,Urban,2,0,2.07,10,0,0
Saskatchewan,18-24,80-119k,Urban,0,5,31.66,2,0,0
Newfoundland and Labrador,35-44,80-119k,Urban,0,2,9.69,7,0,1
New Brunswick,25-34,40-59k,Rural,0,0,0.33,10,0,0
Newfoundland and Labrador,55-64,80-119k,Urban,3,1,4.45,9,1,0
Prince Edward Island,55-64,80-119k,Urban,3,0,2.93,9,1,0
New Brunswick,25-34,60-79k,Urban,3,1,5.19,7,1,0
British Columbia,35-44,60-79k,Rural,3,4,21.92,1,1,1
New Brunswick,25-34,60-79k,Urban,2,0,2.86,8,0,0
Saskatchewan,65+,<40k,Urban,5,2,11.43,3,1,0
Saskatchewan,35-44,80-119k,Urban,7,1,5.27,7,1,0
Saskatchewan,45-54,60-79k,Urban,1,4,19.88,5,0,0
British Columbia,35-44,60-79k,Urban,0,0,0.35,10,0,0
Prince Edward Island,45-54,80-119k,Rural,2,1,6.45,6,0,0
Ontario,35-44,<40k,Urban,0,0,2.76,9,0,0
Alberta,35-44,40-59k,Urban,6,0,1.48,8,1,0
Prince Edward Island,45-54,<40k,Rural,1,0,0.28,8,0,1
Saskatchewan,45-54,<40k,Urban,3,0,1.82,9,1,0
Prince Edward Island,25-34,40-59k,Urban,0,4,20.57,1,0,1
Quebec,25-34,120k+,Urban,3,0,0.47,9,1,0
Nova Scotia,35-44,40-59k,Urban,0,0,2.76,8,0,0
Nova Scotia,35-44,80-119k,Urban,5,0,0.72,10,1,0
Alberta,45-54,<40k,Urban,8,0,2.13,8,1,0
Alberta,65+,60-79k,Urban,1,0,1.29,10,0,0
Ontario,18-24,120k+,Urban,1,4,23.8,2,0,1
Quebec,25-34,40-59k,Rural,2,1,5.8,6,0,1
Newfoundland and Labrador,25-34,80-119k,Urban,3,2,7.62,7,1,0
Prince Edward Island,35-44,120k+,Urban,0,2,9.25,7,0,0
New Brunswick,35-44,60-79k,Urban,5,1,4.04,8,1,0
New Brunswick,55-64,40-59k,Urban,0,3,16.28,5,0,0
Newfoundland and Labrador,25-34,80-119k,Urban,0,3,15.27,3,0,0
Nova Scotia,45-54,80-119k,Urban,2,0,1.02,9,0,0
Newfoundland and Labrador,55-64,<40k,Rural,0,3,13.98,5,0,1
Prince Edward Island,65+,60-79k,Rural,4,0,0.34,9,1,0
Quebec,65+,40-59k,Urban,0,0,0.64,9,0,0
Saskatchewan,55-64,40-59k,Rural,5,1,5.85,6,1,0
British Columbia,65+,80-119k,Rural,2,0,1.83,8,0,0
Saskatchewan,25-34,60-79k,Urban,3,0,1.07,9,1,0
British Columbia,25-34,40-59k,Urban,0,2,11.18,3,0,1
New Brunswick,18-24,60-79k,Rural,0,0,1.45,9,0,0
Alberta,45-54,40-59k,Urban,3,0,2.38,10,1,0
Prince Edward Island,65+,40-59k,Rural,1,4,23.47,1,0,0
Saskatchewan,25-34,60-79k,Urban,1,0,2.54,9,0,0
Newfoundland and Labrador,45-54,60-79k,Urban,2,0,2.55,10,0,0
Quebec,55-64,40-59k,Urban,1,3,16.07,4,0,0
Quebec,65+,<40k,Rural,5,3,16.5,3,1,0
Nova Scotia,45-54,60-79k,Urban,8,0,2.33,9,1,0
Quebec,65+,80-119k,Urban,2,0,0.51,9,0,0
Quebec,35-44,80-119k,Urban,7,3,13.8,4,1,1
Alberta,35-44,40-59k,Urban,6,0,0.31,10,1,0
Newfoundland and Labrador,45-54,60-79k,Urban,0,1,3.76,10,0,0
New Brunswick,35-44,80-119k,Urban,0,0,2.33,10,0,0
Quebec,18-24,60-79k,Urban,2,1,6.79,7,0,1
New Brunswick,55-64,120k+,Urban,2,0,2.02,9,0,1
Alberta,55-64,120k+,Urban,1,1,6.54,6,0,0
Quebec,55-64,40-59k,Urban,1,0,0.95,10,0,0
Prince Edward Island,35-44,40-59k,Urban,2,0,2.54,10,0,0
Nova Scotia,45-54,40-59k,Urban,4,0,1.02,10,1,0
Saskatchewan,35-44,40-59k,Urban,0,0,2.68,10,0,0
Prince Edward Island,18-24,120k+,Urban,4,2,10.99,4,1,0
Manitoba,45-54,120k+,Urban,7,3,17.9,4,1,0
Ontario,25-34,<40k,Urban,5,2,11.14,5,1,0
Quebec,18-24,60-79k,Urban,0,1,4.59,10,0,0
New Brunswick,55-64,60-79k,Urban,0,0,0.33,9,0,0
Ontario,18-24,40-59k,Urban,2,0,2.62,9,0,0
British Columbia,65+,80-119k,Urban,8,0,1.71,10,1,0
Quebec,35-44,120k+,Urban,5,2,11.29,3,1,0
Manitoba,65+,<40k,Urban,3,0,1.16,10,1,0
Alberta,18-24,<40k,Urban,0,4,18.2,3,0,1
Nova Scotia,45-54,<40k,Urban,4,2,7.26,6,1,0
Manitoba,35-44,40-59k,Urban,5,5,35.06,2,1,0
New Brunswick,55-64,40-59k,Urban,7,0,0.34,8,1,0
Alberta,35-44,60-79k,Urban,3,1,5.98,6,1,0
Saskatchewan,25-34,60-79k,Urban,2,0,1.26,10,0,0
Alberta,55-64,80-119k,Urban,3,1,5.25,7,1,0
Quebec,35-44,40-59k,Urban,8,4,23.61,2,1,0
Ontario,18-24,40-59k,Urban,3,0,0.76,9,1,0
Ontario,35-44,80-119k,Rural,1,0,1.24,9,0,0
New Brunswick,45-54,80-119k,Urban,3,0,2.19,9,1,0
Alberta,25-34,40-59k,Urban,6,5,38.78,2,1,0
Manitoba,35-44,40-59k,Urban,3,0,0.87,10,1,0
New Brunswick,18-24,80-119k,Urban,2,2,10.11,3,0,1
Nova Scotia,45-54,<40k,Urban,4,0,2.85,9,1,0
New Brunswick,55-64,40-59k,Urban,4,2,10.24,5,1,0
New Brunswick,35-44,60-79k,Rural,0,0,2.68,10,0,0
Saskatchewan,35-44,40-59k,Rural,4,0,2.82,9,1,0
Prince Edward Island,18-24,<40k,Urban,2,1,6.72,7,0,0
Quebec,25-34,60-79k,Rural,8,2,10.79,4,1,0
Saskatchewan,25-34,80-119k,Urban,9,0,1.66,9,1,0
Ontario,35-44,80-119k,Urban,2,1,3.39,10,0,0
Ontario,45-54,120k+,Urban,9,0,0.67,10,1,0
British Columbia,65+,<40k,Urban,1,3,13.53,3,0,0
British Columbia,18-24,40-59k,Urban,4,0,0.1,8,1,0
Manitoba,45-54,80-119k,Urban,0,0,0.31,10,0,1
Ontario,45-54,60-79k,Rural,0,0,0.88,8,0,0
Prince Edward Island,35-44,40-59k,Urban,6,0,0.27,10,1,0
Saskatchewan,55-64,40-59k,Urban,6,0,0.51,9,1,0
Nova Scotia,25-34,40-59k,Urban,2,0,0.16,10,0,0
Prince Edward Island,18-24,60-79k,Urban,1,0,1.25,9,0,0
British Columbia,45-54,<40k,Urban,2,0,2.46,9,0,0
Alberta,35-44,120k+,Urban,6,0,2.44,10,1,0
Prince Edward Island,18-24,<40k,Urban,0,2,11.52,5,0,0
Prince Edward Island,25-34,120k+,Urban,1,2,10.73,4,0,0
Prince Edward Island,25-34,80-119k,Urban,5,0,0.73,8,1,0
Prince Edward Island,45-54,60-79k,Rural,7,0,2.11,10,1,0
Prince Edward Island,25-34,80-119k,Urban,0,0,2.26,9,0,0
British Columbia,35-44,80-119k,Urban,5,2,9.72,6,1,0
Ontario,35-44,40-59k,Urban,3,4,23.65,1,1,1
New Brunswick,35-44,40-59k,Urban,1,0,0.21,9,0,0
Prince Edward Island,65+,60-79k,Urban,4,2,9.97,6,1,0
Prince Edward Island,18-24,80-119k,Urban,4,0,1.44,8,1,0
Quebec,65+,60-79k,Urban,0,0,2.42,8,0,0
Ontario,45-54,60-79k,Urban,2,1,3.51,8,0,0
New Brunswick,55-64,60-79k,Urban,4,0,0.64,9,1,0
Nova Scotia,35-44,60-79k,Urban,0,2,9.79,7,0,0
Nova Scotia,35-44,60-79k,Urban,2,1,6.79,6,0,0
Alberta,55-64,60-79k,Urban,0,4,18.58,3,0,1
Newfoundland and Labrador,55-64,120k+,Rural,1,0,2.23,9,0,0
Saskatchewan,25-34,80-119k,Urban,0,0,0.62,8,0,0
Quebec,25-34,80-119k,Urban,2,0,0.32,9,0,1
Ontario,35-44,60-79k,Urban,0,0,1.18,8,0,0
Ontario,65+,80-119k,Urban,1,1,5.33,7,0,0
Newfoundland and Labrador,35-44,60-79k,Urban,1,2,11.14,4,0,0
Alberta,45-54,<40k,Urban,4,0,1.9,10,1,0
Manitoba,45-54,120k+,Urban,4,5,32.38,1,1,0
British Columbia,55-64,<40k,Urban,0,1,4.14,9,0,0
Alberta,45-54,40-59k,Urban,8,2,8.46,7,1,0
New Brunswick,35-44,<40k,Urban,4,5,36.56,1,1,0
Alberta,65+,<40k,Urban,3,0,0.34,8,1,0
Newfoundland and Labrador,45-54,80-119k,Rural,2,0,0.44,10,0,0
Newfoundland and Labrador,55-64,60-79k,Urban,0,2,10.6,3,0,1
Saskatchewan,35-44,80-119k,Urban,8,3,17.77,4,1,0
Quebec,45-54,40-59k,Rural,0,0,0.36,9,0,0
Prince Edward Island,25-34,40-59k,Urban,4,0,1.83,9,1,0
Nova Scotia,25-34,40-59k,Urban,2,0,0.72,8,0,0
Newfoundland and Labrador,45-54,60-79k,Urban,7,0,0.08,8,1,0
Saskatchewan,45-54,80-119k,Rural,1,3,16.99,4,0,1
British Columbia,45-54,60-79k,Urban,2,0,1.53,8,0,0
Nova Scotia,25-34,40-59k,Urban,4,2,7.12,7,1,0
Manitoba,45-54,120k+,Rural,0,2,11.48,4,0,1
Ontario,35-44,<40k,Urban,0,2,9.68,7,0,1
British Columbia,45-54,60-79k,Urban,0,0,2.21,9,0,0
Manitoba,25-34,60-79k,Rural,0,1,4.69,10,0,1
Nova Scotia,45-54,<40k,Urban,0,4,19.29,3,0,1
British Columbia,55-64,40-59k,Urban,3,0,1.4,9,1,0
Saskatchewan,25-34,<40k,Rural,5,0,0.86,9,1,0
Manitoba,25-34,120k+,Urban,8,3,13.78,4,1,0
Ontario,45-54,60-79k,Urban,2,1,5.58,6,0,0
Prince Edward Island,45-54,80-119k,Urban,1,1,3.38,8,0,0
Saskatchewan,45-54,60-79k,Urban,6,4,20.78,1,1,0
New Brunswick,45-54,60-79k,Urban,6,2,9.73,7,1,0
Ontario,35-44,80-119k,Urban,3,0,2.13,10,1,0
Quebec,35-44,120k+,Urban,1,0,1.9,9,0,0
Alberta,25-34,<40k,Urban,7,0,2.66,10,1,0
Quebec,25-34,40-59k,Urban,0,0,2.98,8,0,0
Newfoundland and Labrador,45-54,80-119k,Urban,0,0,2.81,9,0,1
Prince Edward Island,18-24,120k+,Rural,5,0,2.29,8,1,0
New Brunswick,65+,120k+,Urban,3,3,16.12,5,1,0
New Brunswick,55-64,80-119k,Urban,1,0,0.11,9,0,0
Alberta,55-64,40-59k,Urban,4,1,5.13,7,1,0
Manitoba,65+,<40k,Urban,5,2,10.32,4,1,0
Alberta,35-44,120k+,Urban,6,1,4.65,8,1,0
Newfoundland and Labrador,55-64,60-79k,Urban,1,1,4.54,8,0,0
Quebec,25-34,40-59k,Urban,0,0,1.63,10,0,0
New Brunswick,18-24,120k+,Urban,2,3,17.44,3,0,0
Quebec,55-64,<40k,Urban,6,0,0.78,10,1,0
Ontario,18-24,80-119k,Urban,0,2,9.0,7,0,0
Prince Edward Island,65+,80-119k,Urban,2,3,15.92,3,0,1
British Columbia,45-54,<40k,Urban,1,0,0.56,8,0,1
Newfoundland and Labrador,55-64,40-59k,Urban,0,4,23.84,1,0,0
British Columbia,25-34,<40k,Urban,6,2,10.33,3,1,1
Newfoundland and Labrador,45-54,60-79k,Urban,0,1,4.41,8,0,0
Nova Scotia,18-24,60-79k,Urban,5,0,2.17,9,1,0
Prince Edward Island,55-64,<40k,Urban,1,3,13.68,4,0,0
Ontario,25-34,120k+,Urban,1,0,2.32,9,0,0
Prince Edward Island,45-54,40-59k,Urban,8,0,0.21,9,1,0
Manitoba,25-34,40-59k,Urban,3,2,9.13,6,1,0
Newfoundland and Labrador,18-24,40-59k,Urban,4,2,8.31,7,1,0
British Columbia,35-44,<40k,Urban,5,0,2.45,10,1,0
Newfoundland and Labrador,25-34,120k+,Urban,1,0,2.26,10,0,0
Manitoba,55-64,40-59k,Urban,3,2,11.21,5,1,0
Newfoundland and Labrador,25-34,60-79k,Urban,1,0,1.95,10,0,0
Prince Edward Island,35-44,120k+,Urban,5,0,2.39,9,1,0
Saskatchewan,45-54,80-119k,Urban,3,0,1.32,10,1,0
Newfoundland and Labrador,25-34,40-59k,Rural,1,1,5.71,7,0,0
Nova Scotia,35-44,120k+,Urban,7,1,3.12,9,1,0
Nova Scotia,55-64,80-119k,Urban,3,2,11.4,4,1,0
New Brunswick,25-34,40-59k,Urban,2,0,2.05,8,0,0
Nova Scotia,18-24,80-119k,Urban,0,2,11.33,5,0,0
Newfoundland and Labrador,35-44,120k+,Urban,7,3,16.63,5,1,0
Newfoundland and Labrador,35-44,60-79k,Rural,8,0,0.86,9,1,0
Saskatchewan,45-54,80-119k,Urban,3,0,0.82,9,1,0
Nova Scotia,35-44,120k+,Rural,2,4,23.6,1,0,0
Quebec,55-64,80-119k,Urban,1,0,0.55,8,0,0
Newfoundland and Labrador,18-24,<40k,Urban,1,1,3.44,9,0,0
Ontario,35-44,40-59k,Urban,3,0,0.05,9,1,0
Ontario,35-44,60-79k,Urban,0,2,8.49,7,0,0
British Columbia,45-54,40-59k,Urban,7,0,0.3,8,1,0
Saskatchewan,65+,120k+,Urban,0,0,2.41,10,0,0
Manitoba,35-44,60-79k,Urban,4,3,14.91,3,1,1
Quebec,65+,60-79k,Urban,1,4,19.77,3,0,0
Newfoundland and Labrador,25-34,80-119k,Urban,1,0,1.81,8,0,0
Prince Edward Island,18-24,60-79k,Urban,3,0,0.21,9,1,0
Alberta,25-34,40-59k,Urban,5,2,10.63,3,1,0
Alberta,35-44,<40k,Rural,4,2,9.51,6,1,0
Manitoba,25-34,60-79k,Urban,1,0,0.02,8,0,0
New Brunswick,18-24,80-119k,Urban,1,1,4.28,10,0,1
Prince Edward Island,35-44,80-119k,Urban,6,0,2.25,10,1,0
Alberta,35-44,40-59k,Urban,4,1,3.75,9,1,0
Manitoba,25-34,<40k,Urban,4,2,11.81,4,1,0
Alberta,25-34,80-119k,Urban,1,0,2.69,9,0,0
Saskatchewan,55-64,120k+,Rural,5,0,2.33,10,1,0
British Columbia,25-34,40-59k,Urban,1,0,0.24,9,0,0
New Brunswick,45-54,80-119k,Urban,2,2,8.77,6,0,0
Saskatchewan,45-54,60-79k,Urban,1,1,4.19,9,0,0
Prince Edward Island,35-44,60-79k,Urban,0,0,0.41,9,0,1
Manitoba,25-34,80-119k,Urban,2,0,3.0,10,0,0
Quebec,35-44,<40k,Urban,0,1,3.59,9,0,0
Prince Edward Island,45-54,60-79k,Urban,2,0,0.95,8,0,0
Prince Edward Island,35-44,40-59k,Urban,4,1,6.52,6,1,0
Nova Scotia,25-34,40-59k,Urban,8,1,3.58,8,1,0
Quebec,25-34,80-119k,Rural,0,1,4.88,8,0,0
Ontario,55-64,<40k,Urban,1,1,6.9,6,0,1
Nova Scotia,35-44,60-79k,Urban,2,3,13.48,4,0,0
Manitoba,45-54,40-59k,Urban,0,2,10.52,3,0,0
Ontario,35-44,80-119k,Urban,0,0,0.24,10,0,0
Alberta,55-64,<40k,Rural,2,1,5.4,6,0,0
Alberta,45-54,80-119k,Urban,3,0,1.02,9,1,0
Prince Edward Island,35-44,80-119k,Rural,5,0,2.1,8,1,0
Nova Scotia,65+,120k+,Urban,13,1,4.73,8,1,0
Newfoundland and Labrador,45-54,120k+,Urban,5,0,0.9,10,1,0
Quebec,25-34,40-59k,Urban,1,2,9.73,6,0,0
Ontario,25-34,<40k,Rural,4,0,0.42,8,1,0
Quebec,55-64,80-119k,Urban,2,0,2.44,9,0,0
Nova Scotia,55-64,60-79k,Rural,2,0,2.25,10,0,0
Prince Edward Island,45-54,<40k,Urban,7,1,5.18,6,1,0
Saskatchewan,45-54,<40k,Urban,4,3,14.2,4,1,0
Alberta,45-54,60-79k,Urban,4,1,6.66,7,1,0
Ontario,35-44,120k+,Urban,0,1,5.54,6,0,0
Ontario,45-54,120k+,Urban,6,0,0.85,10,1,0
Manitoba,25-34,<40k,Rural,5,0,2.42,8,1,0
Ontario,65+,40-59k,Urban,1,0,1.91,10,0,0
Nova Scotia,55-64,<40k,Urban,1,0,0.38,10,0,0
Ontario,45-54,60-79k,Urban,0,2,7.57,6,0,0
Ontario,25-34,80-119k,Urban,0,0,2.81,8,0,0
Quebec,25-34,80-119k,Urban,4,1,4.15,9,1,0
Prince Edward Island,35-44,60-79k,Urban,0,0,1.99,9,0,0
British Columbia,45-54,<40k,Urban,7,5,25.55,2,1,0
Ontario,45-54,40-59k,Urban,6,0,1.67,10,1,0
Newfoundland and Labrador,35-44,120k+,Urban,1,0,0.69,10,0,0
Prince Edward Island,45-54,40-59k,Urban,1,4,18.98,4,0,0
New Brunswick,55-64,40-59k,Urban,1,0,2.32,8,0,0
Manitoba,18-24,80-119k,Urban,0,1,6.24,6,0,0
Quebec,35-44,80-119k,Urban,0,0,2.15,8,0,0
Manitoba,55-64,120k+,Urban,2,1,3.04,8,0,0
Saskatchewan,45-54,40-59k,Urban,8,1,4.14,10,1,0
Ontario,45-54,60-79k,Urban,7,1,4.44,9,1,0
Alberta,35-44,60-79k,Urban,5,0,2.07,8,1,0
Newfoundland and Labrador,65+,120k+,Rural,3,2,10.78,4,1,0
Quebec,18-24,80-119k,Urban,6,0,1.88,10,1,0
Manitoba,35-44,80-119k,Urban,2,0,2.37,8,0,0
Ontario,18-24,<40k,Urban,0,0,1.28,10,0,0
Alberta,25-34,80-119k,Urban,4,5,33.13,1,1,1
Alberta,35-44,60-79k,Urban,7,2,7.32,6,1,0
Saskatchewan,25-34,<40k,Urban,0,0,1.28,8,0,0
Prince Edward Island,65+,<40k,Urban,1,2,9.16,7,0,1
Newfoundland and Labrador,65+,80-119k,Urban,1,0,1.83,8,0,0
British Columbia,35-44,40-59k,Rural,0,3,14.27,5,0,0
Newfoundland and Labrador,45-54,80-119k,Rural,1,0,0.72,9,0,0
Saskatchewan,45-54,80-119k,Urban,1,0,0.71,10,0,0
Nova Scotia,55-64,<40k,Urban,8,0,0.4,9,1,0
Prince Edward Island,45-54,80-119k,Urban,6,1,5.8,6,1,0
Quebec,18-24,40-59k,Urban,8,0,1.87,9,1,0
Prince Edward Island,55-64,60-79k,Urban,0,0,1.74,8,0,0
Saskatchewan,55-64,80-119k,Urban,0,1,5.12,7,0,0
Saskatchewan,35-44,120k+,Urban,0,0,1.1,10,0,0
Quebec,65+,60-79k,Urban,7,0,2.31,10,1,0
Quebec,65+,80-119k,Urban,0,2,11.61,4,0,1
Quebec,45-54,80-119k,Urban,3,3,14.64,3,1,0
Prince Edward Island,45-54,60-79k,Rural,1,1,4.64,8,0,1
Ontario,65+,60-79k,Rural,0,0,0.49,9,0,0
Manitoba,25-34,80-119k,Urban,0,0,2.01,8,0,1
New Brunswick,35-44,<40k,Urban,4,2,9.79,6,1,0
Quebec,25-34,120k+,Urban,0,0,2.96,9,0,1
Manitoba,55-64,80-119k,Urban,1,0,1.75,10,0,0
New Brunswick,55-64,40-59k,Rural,1,0,0.87,9,0,0
Prince Edward Island,25-34,120k+,Urban,3,1,5.25,7,1,0
Manitoba,65+,<40k,Urban,2,0,2.95,9,0,0
Quebec,55-64,120k+,Urban,8,3,16.34,4,1,0
British Columbia,55-64,40-59k,Urban,2,0,0.39,8,0,0
Saskatchewan,18-24,80-119k,Urban,0,2,8.72,6,0,0
Manitoba,35-44,60-79k,Rural,2,0,0.9,8,0,0
Alberta,45-54,80-119k,Urban,2,0,2.57,8,0,0
Alberta,45-54,<40k,Urban,5,1,5.44,6,1,0
Manitoba,45-54,40-59k,Rural,7,2,11.05,5,1,0
Quebec,55-64,<40k,Urban,5,0,0.53,9,1,0
Newfoundland and Labrador,35-44,80-119k,Rural,1,0,2.72,9,0,0
Quebec,55-64,40-59k,Urban,0,3,12.35,5,0,0
Prince Edward Island,25-34,80-119k,Rural,7,0,1.12,9,1,0
Quebec,25-34,80-119k,Urban,1,5,25.21,2,0,1
Prince Edward Island,18-24,120k+,Rural,5,2,7.92,6,1,0
Newfoundland and Labrador,35-44,<40k,Urban,11,1,6.85,7,1,0
British Columbia,35-44,120k+,Urban,3,0,0.24,8,1,0
Prince Edward Island,55-64,40-59k,Urban,2,0,0.44,9,0,0
Nova Scotia,45-54,80-119k,Urban,4,0,2.77,10,1,0
Alberta,35-44,80-119k,Urban,0,0,2.13,10,0,0
Saskatchewan,45-54,<40k,Rural,2,0,1.22,10,0,1
Alberta,18-24,40-59k,Urban,1,0,0.21,10,0,0
Prince Edward Island,25-34,60-79k,Urban,0,0,2.36,9,0,0
Nova Scotia,45-54,60-79k,Urban,3,0,1.48,8,1,0
Ontario,45-54,120k+,Rural,3,0,0.97,9,1,0
British Columbia,55-64,40-59k,Urban,5,2,8.8,7,1,0
British Columbia,35-44,120k+,Rural,6,1,5.02,6,1,0
Ontario,55-64,60-79k,Urban,1,3,15.31,3,0,0
Saskatchewan,45-54,120k+,Urban,5,0,2.45,10,1,0
Newfoundland and Labrador,65+,80-119k,Urban,1,2,10.86,4,0,0
New Brunswick,25-34,80-119k,Urban,3,1,6.07,6,1,0
Nova Scotia,45-54,<40k,Urban,6,1,5.92,7,1,0
Prince Edward Island,45-54,60-79k,Urban,1,0,2.27,8,0,0
New Brunswick,65+,<40k,Urban,3,2,10.39,3,1,0
Saskatchewan,25-34,40-59k,Urban,2,0,2.6,10,0,0
Newfoundland and Labrador,45-54,80-119k,Rural,5,0,1.67,10,1,0
British Columbia,35-44,80-119k,Urban,4,0,1.56,10,1,0
Prince Edward Island,45-54,<40k,Urban,5,0,2.1,9,1,0
Prince Edward Island,25-34,60-79k,Urban,1,1,3.66,8,0,0
Newfoundland and Labrador,18-24,60-79k,Urban,4,1,6.11,6,1,0
Alberta,45-54,<40k,Urban,3,1,6.74,6,1,0
Nova Scotia,35-44,60-79k,Urban,2,0,0.89,10,0,0
Newfoundland and Labrador,25-34,80-119k,Rural,1,1,5.44,6,0,1
Quebec,35-44,<40k,Rural,1,0,0.1,8,0,0
Quebec,18-24,80-119k,Urban,0,0,2.3,8,0,0
Newfoundland and Labrador,65+,60-79k,Urban,0,1,5.24,7,0,1
British Columbia,45-54,80-119k,Urban,0,1,5.69,6,0,0
Newfoundland and Labrador,55-64,40-59k,Rural,6,1,3.57,8,1,0
Manitoba,35-44,80-119k,Urban,6,0,2.43,8,1,0
Saskatchewan,65+,<40k,Urban,6,3,13.54,4,1,0
Quebec,35-44,60-79k,Urban,5,3,16.11,5,1,0
New Brunswick,45-54,40-59k,Urban,1,0,1.78,9,0,0
Newfoundland and Labrador,35-44,120k+,Urban,2,5,34.81,1,0,0
Quebec,55-64,80-119k,Urban,7,0,0.15,8,1,0
Saskatchewan,45-54,<40k,Urban,5,0,2.23,8,1,0
Saskatchewan,25-34,<40k,Urban,0,3,16.77,5,0,0
New Brunswick,25-34,40-59k,Urban,2,0,1.42,10,0,0
Prince Edward Island,45-54,<40k,Urban,0,0,1.23,8,0,0
Manitoba,35-44,80-119k,Rural,1,0,1.03,8,0,0
Newfoundland and Labrador,18-24,80-119k,Urban,2,0,2.78,8,0,1
Ontario,35-44,120k+,Urban,6,0,2.27,9,1,0
Newfoundland and Labrador,35-44,120k+,Urban,3,1,5.79,7,1,0
Prince Edward Island,55-64,80-119k,Rural,1,0,2.78,9,0,0
Nova Scotia,18-24,<40k,Urban,2,0,1.05,9,0,1
Alberta,35-44,40-59k,Rural,5,0,1.89,10,1,0
British Columbia,55-64,60-79k,Urban,1,1,5.74,6,0,1
Prince Edward Island,45-54,60-79k,Urban,3,1,6.98,7,1,0
Saskatchewan,25-34,60-79k,Rural,1,2,9.14,6,0,0
Ontario,55-64,120k+,Urban,2,0,1.2,10,0,1
British Columbia,35-44,120k+,Urban,0,0,0.25,10,0,0
Quebec,35-44,<40k,Urban,6,1,3.39,10,1,0
Newfoundland and Labrador,65+,40-59k,Urban,0,0,1.54,9,0,0
British Columbia,65+,80-119k,Urban,1,1,3.68,10,0,0
Quebec,35-44,80-119k,Urban,1,0,0.22,10,0,0
Alberta,25-34,40-59k,Urban,3,0,2.89,8,1,0
Quebec,35-44,80-119k,Urban,4,0,2.85,9,1,0
Ontario,18-24,80-119k,Urban,0,0,0.98,8,0,0
Saskatchewan,18-24,60-79k,Rural,0,0,2.37,8,0,1
Prince Edward Island,35-44,40-59k,Urban,5,0,2.62,9,1,0
New Brunswick,65+,120k+,Rural,4,4,21.25,2,1,0
Prince Edward Island,55-64,80-119k,Urban,5,4,19.57,4,1,0
Prince Edward Island,35-44,<40k,Urban,4,1,3.52,8,1,0
Quebec,45-54,80-119k,Urban,4,3,12.84,3,1,0
Newfoundland and Labrador,18-24,80-119k,Urban,1,2,10.98,4,0,1
British Columbia,25-34,120k+,Urban,3,0,1.15,8,1,0
New Brunswick,18-24,40-59k,Urban,5,1,5.77,7,1,0
New Brunswick,55-64,120k+,Urban,0,0,1.62,10,0,0
British Columbia,25-34,<40k,Urban,2,1,4.58,8,0,0
British Columbia,55-64,60-79k,Urban,4,0,0.37,9,1,0
Saskatchewan,45-54,80-119k,Urban,2,2,8.67,6,0,0
Ontario,25-34,60-79k,Urban,4,1,6.36,7,1,0
Alberta,25-34,60-79k,Urban,1,0,2.43,8,0,0
Ontario,45-54,120k+,Urban,0,3,12.17,4,0,0
British Columbia,65+,80-119k,Rural,0,3,12.84,5,0,0
Newfoundland and Labrador,45-54,60-79k,Rural,8,2,10.78,4,1,0
Manitoba,35-44,<40k,Urban,8,2,8.68,7,1,0
Manitoba,45-54,<40k,Urban,0,1,5.57,7,0,0
Alberta,25-34,<40k,Urban,0,0,1.69,8,0,0
British Columbia,65+,120k+,Urban,0,0,1.96,10,0,0
Manitoba,55-64,80-119k,Rural,1,0,0.16,10,0,0
Alberta,45-54,120k+,Urban,1,0,2.79,8,0,0
New Brunswick,35-44,<40k,Urban,1,0,0.06,9,0,0
Alberta,45-54,80-119k,Urban,5,1,3.03,10,1,0
New Brunswick,35-44,<40k,Urban,4,0,0.68,9,1,0
Saskatchewan,18-24,80-119k,Urban,0,0,2.98,8,0,1
Manitoba,35-44,40-59k,Urban,4,1,3.29,9,1,0
Alberta,65+,<40k,Urban,2,0,2.62,9,0,0
Alberta,45-54,60-79k,Urban,0,0,0.48,9,0,0
Alberta,18-24,40-59k,Urban,4,0,0.33,10,1,0
Newfoundland and Labrador,55-64,80-119k,Urban,0,0,2.34,8,0,0
Alberta,25-34,80-119k,Urban,0,4,23.93,2,0,1
Newfoundland and Labrador,25-34,80-119k,Urban,0,1,6.17,6,0,0
Prince Edward Island,25-34,120k+,Urban,8,0,0.72,10,1,0
Saskatchewan,45-54,40-59k,Urban,4,0,2.64,8,1,0
Prince Edward Island,45-54,60-79k,Urban,2,0,0.22,10,0,0
Nova Scotia,35-44,80-119k,Urban,5,1,4.37,10,1,0
Prince Edward Island,45-54,60-79k,Urban,0,4,21.24,2,0,1
British Columbia,25-34,<40k,Urban,7,0,0.2,10,1,0
New Brunswick,55-64,80-119k,Urban,4,1,5.32,6,1,0
British Columbia,25-34,<40k,Urban,3,0,1.68,8,1,0
Ontario,55-64,<40k,Urban,5,1,6.97,6,1,0
Prince Edward Island,45-54,<40k,Urban,3,0,1.86,10,1,0
Manitoba,45-54,<40k,Urban,6,0,1.19,9,1,0
Quebec,35-44,<40k,Rural,5,0,2.37,10,1,0
Prince Edward Island,45-54,<40k,Urban,0,0,1.0,9,0,0
Saskatchewan,18-24,60-79k,Urban,1,1,5.13,7,0,0
Prince Edward Island,55-64,40-59k,Urban,0,3,12.33,4,0,0
Newfoundland and Labrador,18-24,<40k,Urban,1,0,0.97,10,0,0
Ontario,25-34,80-119k,Urban,1,0,1.58,10,0,0
Alberta,45-54,40-59k,Urban,0,0,2.11,8,0,0
Ontario,55-64,<40k,Urban,1,0,0.3,10,0,0
Ontario,18-24,60-79k,Urban,5,1,6.19,6,1,0
New Brunswick,65+,40-59k,Urban,6,0,2.7,9,1,0
Quebec,65+,40-59k,Urban,0,1,4.12,9,0,0
Ontario,45-54,60-79k,Urban,0,1,6.06,6,0,0
New Brunswick,35-44,80-119k,Urban,0,0,0.54,8,0,0
Alberta,55-64,60-79k,Urban,6,1,5.09,6,1,0
British Columbia,35-44,120k+,Urban,2,3,16.79,3,0,1
Alberta,35-44,60-79k,Urban,10,0,1.16,9,1,0
Manitoba,65+,60-79k,Urban,6,1,3.11,8,1,0
Ontario,65+,40-59k,Urban,6,1,5.16,7,1,0
Ontario,65+,80-119k,Urban,0,1,6.38,7,0,0
British Columbia,25-34,<40k,Rural,2,0,0.32,9,0,0
Saskatchewan,25-34,60-79k,Rural,11,2,7.15,7,1,0
Ontario,25-34,60-79k,Urban,0,0,2.43,10,0,0
Quebec,35-44,80-119k,Urban,3,0,0.8,10,1,0
Nova Scotia,25-34,120k+,Urban,1,1,4.46,9,0,0
Ontario,35-44,120k+,Urban,1,3,12.52,5,0,0
Nova Scotia,45-54,<40k,Urban,6,2,7.48,6,1,0
Alberta,55-64,40-59k,Urban,3,3,15.69,4,1,0
Prince Edward Island,55-64,80-119k,Urban,4,0,1.66,9,1,0
Saskatchewan,55-64,60-79k,Urban,4,0,0.88,8,1,0
New Brunswick,18-24,60-79k,Urban,2,0,1.36,8,0,0
Newfoundland and Labrador,18-24,80-119k,Urban,5,0,1.16,10,1,0
Saskatchewan,55-64,60-79k,Urban,9,1,5.78,6,1,0
Newfoundland and Labrador,45-54,120k+,Urban,9,0,2.59,9,1,0
Alberta,45-54,60-79k,Rural,5,0,2.3,8,1,0
Saskatchewan,18-24,60-79k,Urban,2,1,3.02,8,0,0
New Brunswick,25-34,60-79k,Urban,0,0,0.3,9,0,0
Newfoundland and Labrador,45-54,80-119k,Urban,0,0,1.29,9,0,0
British Columbia,55-64,60-79k,Urban,1,3,17.11,4,0,0
Quebec,65+,80-119k,Urban,1,2,8.18,6,0,0
Saskatchewan,35-44,120k+,Urban,0,1,6.52,7,0,0
Alberta,45-54,60-79k,Urban,1,1,3.44,9,0,0
Ontario,55-64,40-59k,Rural,0,0,0.22,10,0,0
New Brunswick,45-54,80-119k,Rural,2,0,2.74,8,0,0
Newfoundland and Labrador,35-44,80-119k,Urban,0,0,0.49,9,0,0
Newfoundland and Labrador,65+,<40k,Rural,4,2,9.32,6,1,0
Quebec,55-64,60-79k,Urban,1,0,0.98,8,0,0
Newfoundland and Labrador,65+,80-119k,Urban,4,1,3.59,9,1,0
Nova Scotia,25-34,60-79k,Urban,6,0,1.9,10,1,0
Manitoba,45-54,80-119k,Urban,0,2,11.82,4,0,1
Nova Scotia,55-64,60-79k,Urban,11,0,1.97,10,1,0
Newfoundland and Labrador,25-34,120k+,Rural,3,1,4.41,8,1,0
New Brunswick,55-64,40-59k,Urban,0,2,10.56,3,0,0
Saskatchewan,25-34,<40k,Rural,1,1,3.57,8,0,1
Alberta,55-64,60-79k,Urban,6,1,5.32,7,1,0
Ontario,45-54,60-79k,Urban,3,0,1.41,8,1,0
Saskatchewan,25-34,40-59k,Urban,1,1,4.44,10,0,1
British Columbia,35-44,40-59k,Rural,8,0,2.22,9,1,0
Saskatchewan,45-54,80-119k,Urban,5,0,0.36,10,1,0
Saskatchewan,45-54,40-59k,Urban,4,1,5.13,6,1,0
Alberta,35-44,80-119k,Urban,6,4,23.98,1,1,1
Quebec,55-64,80-119k,Urban,5,0,0.61,9,1,0
Newfoundland and Labrador,35-44,80-119k,Urban,1,1,4.06,10,0,0
Quebec,35-44,40-59k,Urban,3,1,5.64,6,1,0
British Columbia,18-24,60-79k,Urban,6,5,36.59,1,1,0
Prince Edward Island,65+,60-79k,Urban,0,2,8.42,7,0,0
Ontario,25-34,120k+,Urban,0,1,4.44,8,0,0
Nova Scotia,45-54,120k+,Urban,0,0,2.22,10,0,0
Ontario,55-64,40-59k,Rural,0,0,0.86,10,0,0
Newfoundland and Labrador,25-34,<40k,Urban,0,0,2.0,9,0,0
Ontario,45-54,<40k,Urban,5,2,7.79,6,1,0
Manitoba,25-34,40-59k,Urban,5,0,1.23,9,1,0
Nova Scotia,55-64,60-79k,Rural,0,0,2.07,10,0,0
British Columbia,45-54,80-119k,Urban,4,4,21.22,1,1,1
Newfoundland and Labrador,55-64,40-59k,Urban,3,2,7.1,6,1,0
New Brunswick,55-64,80-119k,Rural,1,2,9.03,6,0,0
British Columbia,45-54,120k+,Urban,1,0,0.87,8,0,0
Manitoba,55-64,80-119k,Urban,1,0,0.3,8,0,0
Nova Scotia,45-54,<40k,Urban,4,0,0.03,10,1,0
Alberta,35-44,60-79k,Urban,1,1,3.18,8,0,0
Manitoba,45-54,60-79k,Urban,1,0,2.85,9,0,0
British Columbia,65+,120k+,Rural,0,0,2.25,8,0,0
Newfoundland and Labrador,35-44,40-59k,Urban,7,1,6.76,7,1,0
Prince Edward Island,25-34,60-79k,Urban,4,0,0.34,9,1,0
Newfoundland and Labrador,35-44,60-79k,Urban,2,1,5.28,7,0,1
Nova Scotia,35-44,60-79k,Urban,8,1,3.33,8,1,0
Prince Edward Island,18-24,80-119k,Urban,1,1,3.11,8,0,0
Quebec,35-44,<40k,Urban,4,5,31.99,1,1,0
Nova Scotia,35-44,60-79k,Urban,1,0,1.94,10,0,0
Nova Scotia,45-54,<40k,Urban,1,0,0.19,10,0,0
Manitoba,35-44,40-59k,Urban,6,0,1.1,10,1,0
Newfoundland and Labrador,45-54,80-119k,Rural,5,0,0.27,10,1,0
British Columbia,55-64,<40k,Urban,1,2,8.81,7,0,0
Alberta,65+,40-59k,Urban,0,4,21.3,2,0,0
Ontario,45-54,80-119k,Urban,1,4,20.36,1,0,0
Saskatchewan,18-24,80-119k,Urban,5,0,1.73,10,1,0
Alberta,65+,<40k,Urban,0,1,5.34,7,0,0
Ontario,45-54,60-79k,Urban,4,1,4.33,8,1,0
Quebec,35-44,<40k,Urban,6,0,1.17,10,1,0
British Columbia,25-34,40-59k,Rural,0,0,1.32,9,0,0
Newfoundland and Labrador,25-34,60-79k,Urban,6,0,1.13,8,1,0
New Brunswick,25-34,<40k,Urban,0,0,2.28,9,0,0
Nova Scotia,18-24,120k+,Urban,4,0,0.42,10,1,0
Alberta,65+,<40k,Urban,5,3,17.14,3,1,0
Ontario,45-54,80-119k,Urban,2,2,8.66,6,0,0
New Brunswick,45-54,80-119k,Urban,0,1,5.9,6,0,0
Alberta,55-64,120k+,Urban,7,0,2.65,9,1,0
British Columbia,55-64,60-79k,Urban,0,1,6.55,7,0,1
Newfoundland and Labrador,55-64,120k+,Urban,3,1,4.81,8,1,0
Prince Edward Island,65+,120k+,Urban,1,0,0.77,10,0,1
Alberta,35-44,<40k,Urban,2,1,5.42,6,0,0
Alberta,65+,60-79k,Urban,2,2,7.92,6,0,0
Newfoundland and Labrador,55-64,<40k,Urban,2,2,10.95,5,0,1
Quebec,18-24,80-119k,Urban,0,0,2.13,9,0,1
Manitoba,45-54,60-79k,Urban,4,0,2.39,8,1,0
Alberta,45-54,40-59k,Urban,0,0,1.3,8,0,1
Newfoundland and Labrador,65+,80-119k,Urban,0,4,21.9,1,0,1
Manitoba,35-44,<40k,Rural,2,2,7.51,6,0,0
Newfoundland and Labrador,45-54,80-119k,Urban,3,0,2.06,8,1,0
Newfoundland and Labrador,18-24,<40k,Urban,1,2,9.43,7,0,0
Quebec,35-44,80-119k,Urban,3,0,1.53,9,1,0
Newfoundland and Labrador,18-24,<40k,Urban,2,1,6.39,6,0,0
British Columbia,45-54,40-59k,Urban,1,2,10.86,5,0,1
Alberta,55-64,80-119k,Urban,3,1,5.14,6,1,0
Ontario,25-34,40-59k,Urban,8,0,1.07,10,1,0
Ontario,45-54,60-79k,Urban,2,0,1.34,9,0,1
Ontario,25-34,120k+,Urban,5,0,1.05,10,1,0
Newfoundland and Labrador,25-34,<40k,Urban,1,2,7.76,6,0,0
New Brunswick,35-44,80-119k,Urban,5,2,10.23,4,1,1
Manitoba,18-24,<40k,Urban,3,2,10.46,5,1,0
Manitoba,45-54,<40k,Rural,3,0,2.91,10,1,0
Newfoundland and Labrador,18-24,<40k,Urban,6,2,9.28,6,1,0
British Columbia,25-34,120k+,Urban,1,0,2.99,9,0,0
British Columbia,45-54,40-59k,Urban,1,0,0.56,9,0,0
Nova Scotia,45-54,120k+,Urban,0,0,1.97,8,0,0
Newfoundland and Labrador,18-24,120k+,Urban,4,0,2.98,8,1,0
Saskatchewan,45-54,40-59k,Urban,6,0,1.92,10,1,0
Quebec,55-64,80-119k,Urban,2,0,1.36,8,0,0
Ontario,55-64,80-119k,Rural,1,1,5.06,6,0,0
Quebec,25-34,40-59k,Urban,3,0,2.54,8,1,0
Ontario,45-54,<40k,Rural,0,0,2.82,9,0,1
Prince Edward Island,45-54,60-79k,Urban,1,0,1.36,9,0,0
Prince Edward Island,18-24,80-119k,Rural,1,0,2.32,8,0,0
Newfoundland and Labrador,55-64,80-119k,Urban,2,1,6.73,7,0,0
Prince Edward Island,65+,40-59k,Rural,2,3,13.69,3,0,0
New Brunswick,55-64,<40k,Urban,0,0,1.48,9,0,0
Nova Scotia,55-64,120k+,Urban,3,5,39.93,1,1,0
British Columbia,55-64,<40k,Urban,7,0,1.06,8,1,0
New Brunswick,45-54,80-119k,Urban,0,0,1.86,9,0,1
Quebec,45-54,<40k,Urban,4,1,5.63,6,1,0
Quebec,55-64,80-119k,Urban,3,1,3.62,8,1,0
Prince Edward Island,45-54,120k+,Urban,7,0,2.42,9,1,0
British Columbia,35-44,40-59k,Rural,3,0,1.24,10,1,0
Nova Scotia,35-44,<40k,Urban,3,2,9.5,6,1,0
Ontario,55-64,60-79k,Rural,5,4,22.5,1,1,0
New Brunswick,18-24,40-59k,Rural,1,5,31.16,1,0,0
Nova Scotia,45-54,60-79k,Urban,3,1,4.3,10,1,0
Alberta,65+,80-119k,Urban,2,1,5.19,7,0,0
Manitoba,45-54,40-59k,Urban,2,2,8.73,7,0,0
Prince Edward Island,65+,40-59k,Urban,0,2,9.17,7,0,0
Ontario,45-54,80-119k,Urban,1,5,26.63,2,0,0
Alberta,18-24,80-119k,Urban,1,2,11.22,4,0,1
Ontario,55-64,40-59k,Urban,4,1,4.65,9,1,0
Ontario,25-34,80-119k,Urban,7,0,0.25,9,1,0
Prince Edward Island,35-44,80-119k,Urban,1,1,6.16,6,0,0
Ontario,25-34,60-79k,Urban,0,3,12.12,5,0,1
Nova Scotia,25-34,40-59k,Rural,14,0,1.8,10,1,0
Nova Scotia,35-44,<40k,Urban,4,0,2.11,9,1,0
Alberta,35-44,80-119k,Urban,6,0,0.57,9,1,0
Quebec,45-54,80-119k,Urban,0,4,18.92,3,0,1
British Columbia,55-64,80-119k,Urban,5,2,7.57,7,1,0
New Brunswick,25-34,<40k,Urban,5,0,2.98,9,1,0
New Brunswick,25-34,60-79k,Urban,0,0,2.27,9,0,0
Saskatchewan,45-54,80-119k,Urban,0,1,4.25,9,0,0
Prince Edward Island,45-54,40-59k,Rural,1,1,4.34,9,0,0
Newfoundland and Labrador,65+,40-59k,Rural,0,0,1.95,10,0,0
Newfoundland and Labrador,18-24,60-79k,Urban,9,4,21.2,2,1,0
Alberta,55-64,80-119k,Urban,1,1,4.09,9,0,0
Ontario,45-54,<40k,Urban,5,1,3.23,8,1,0
Ontario,45-54,60-79k,Urban,5,2,10.92,4,1,0
Prince Edward Island,18-24,80-119k,Urban,1,0,2.66,9,0,0
Manitoba,35-44,60-79k,Urban,4,1,3.82,8,1,0
Quebec,25-34,80-119k,Urban,0,1,3.25,8,0,0
Saskatchewan,25-34,80-119k,Rural,1,4,18.83,4,0,0
Nova Scotia,35-44,<40k,Urban,9,0,1.24,8,1,0
Ontario,55-64,40-59k,Urban,0,2,8.5,6,0,0
Saskatchewan,55-64,60-79k,Urban,1,1,3.29,9,0,0
New Brunswick,45-54,<40k,Urban,5,2,9.27,6,1,0
Manitoba,45-54,80-119k,Rural,4,2,8.02,7,1,0
Nova Scotia,35-44,80-119k,Rural,3,0,0.2,8,1,0
Prince Edward Island,65+,40-59k,Urban,6,0,1.97,9,1,0
Saskatchewan,45-54,60-79k,Urban,0,0,1.72,8,0,0
Alberta,25-34,60-79k,Urban,5,0,2.48,10,1,0
Nova Scotia,25-34,40-59k,Urban,6,3,13.81,5,1,0
Prince Edward Island,45-54,60-79k,Rural,0,0,0.41,9,0,0
Newfoundland and Labrador,45-54,120k+,Urban,3,0,1.08,10,1,0
Prince Edward Island,18-24,60-79k,Urban,1,3,16.67,4,0,1
Prince Edward Island,55-64,80-119k,Urban,0,3,13.45,4,0,0
Nova Scotia,45-54,<40k,Urban,2,1,4.02,8,0,0
Manitoba,45-54,<40k,Urban,3,2,7.74,7,1,0
Nova Scotia,18-24,<40k,Urban,7,0,2.96,8,1,0
British Columbia,35-44,80-119k,Urban,3,0,2.9,8,1,0
Quebec,65+,40-59k,Urban,6,0,1.97,8,1,0
Manitoba,55-64,40-59k,Urban,0,0,0.64,8,0,0
Alberta,25-34,80-119k,Rural,0,0,2.3,9,0,0
Manitoba,25-34,<40k,Urban,9,0,1.75,10,1,0
New Brunswick,35-44,40-59k,Urban,6,0,2.25,9,1,0
Alberta,35-44,60-79k,Rural,1,0,2.58,10,0,0
Newfoundland and Labrador,45-54,40-59k,Rural,3,0,0.96,9,1,0
Nova Scotia,65+,60-79k,Urban,1,4,24.4,1,0,1
Prince Edward Island,35-44,40-59k,Urban,2,4,24.29,1,0,1
Nova Scotia,18-24,40-59k,Urban,6,0,1.64,9,1,0
New Brunswick,55-64,80-119k,Urban,4,0,2.05,10,1,0
Saskatchewan,18-24,120k+,Urban,1,3,14.47,4,0,1
New Brunswick,65+,80-119k,Urban,1,0,1.97,9,0,0
British Columbia,45-54,80-119k,Rural,1,4,21.84,1,0,0
Prince Edward Island,65+,60-79k,Urban,5,0,0.97,8,1,0
Prince Edward Island,25-34,80-119k,Urban,2,0,0.97,8,0,0
Ontario,18-24,60-79k,Urban,8,2,10.26,3,1,0
Saskatchewan,35-44,80-119k,Urban,5,0,2.87,10,1,0
Ontario,35-44,60-79k,Urban,0,0,0.6,8,0,0
Newfoundland and Labrador,35-44,<40k,Urban,5,2,8.96,7,1,0
Quebec,65+,80-119k,Urban,2,5,37.09,1,0,1
Quebec,55-64,80-119k,Rural,1,1,3.49,8,0,0
Nova Scotia,45-54,80-119k,Urban,1,2,11.97,5,0,0
Quebec,25-34,40-59k,Urban,9,4,22.75,1,1,1
Prince Edward Island,55-64,40-59k,Urban,2,0,2.73,8,0,0
New Brunswick,55-64,40-59k,Urban,4,0,2.51,9,1,0
Saskatchewan,35-44,60-79k,Urban,2,0,2.33,9,0,0
Nova Scotia,65+,<40k,Urban,1,0,0.1,8,0,0
Nova Scotia,25-34,40-59k,Rural,5,1,4.63,10,1,0
Saskatchewan,25-34,40-59k,Urban,6,0,0.61,8,1,0
Prince Edward Island,18-24,40-59k,Urban,0,0,2.61,8,0,0
Newfoundland and Labrador,55-64,80-119k,Urban,1,0,2.04,9,0,0
Newfoundland and Labrador,45-54,80-119k,Urban,2,0,0.32,9,0,0
Nova Scotia,25-34,<40k,Rural,1,0,1.08,8,0,0
Newfoundland and Labrador,25-34,60-79k,Urban,5,0,0.21,8,1,0
Prince Edward Island,18-24,<40k,Urban,0,3,16.44,5,0,0
British Columbia,25-34,<40k,Rural,5,2,9.09,7,1,0
British Columbia,35-44,80-119k,Urban,3,2,8.17,7,1,0
Ontario,25-34,80-119k,Urban,1,2,9.59,6,0,0
Manitoba,25-34,80-119k,Urban,1,4,18.29,4,0,0
Alberta,55-64,60-79k,Urban,0,0,0.77,9,0,0
Quebec,35-44,80-119k,Urban,1,3,13.05,3,0,1
Newfoundland and Labrador,55-64,<40k,Urban,4,0,2.79,9,1,0
British Columbia,18-24,40-59k,Rural,1,0,1.13,8,0,0
New Brunswick,35-44,<40k,Urban,4,1,5.34,6,1,0
Saskatchewan,35-44,80-119k,Urban,2,0,1.51,10,0,0
Manitoba,25-34,40-59k,Urban,0,0,1.98,9,0,0
Ontario,25-34,<40k,Urban,2,0,0.84,10,0,0
Alberta,55-64,80-119k,Urban,4,0,0.36,9,1,0
British Columbia,65+,<40k,Urban,1,2,7.41,6,0,0
Ontario,18-24,<40k,Urban,3,0,0.58,8,1,0
Manitoba,35-44,<40k,Urban,0,2,9.41,7,0,1
Saskatchewan,65+,<40k,Urban,0,0,0.71,10,0,0
Quebec,18-24,80-119k,Rural,1,0,1.3,8,0,0
British Columbia,45-54,60-79k,Urban,1,0,0.09,8,0,0
Saskatchewan,65+,40-59k,Urban,5,2,10.14,4,1,0
Alberta,65+,40-59k,Urban,2,4,24.15,2,0,1
Newfoundland and Labrador,35-44,80-119k,Urban,0,0,0.14,10,0,0
Manitoba,25-34,60-79k,Urban,3,5,28.27,1,1,0
Alberta,25-34,80-119k,Urban,2,2,8.59,6,0,0
Quebec,55-64,60-79k,Urban,1,0,0.86,9,0,0
Saskatchewan,65+,40-59k,Urban,5,0,0.12,8,1,0
Prince Edward Island,45-54,120k+,Urban,0,2,7.53,7,0,0
Quebec,55-64,60-79k,Urban,7,0,2.74,10,1,0
Nova Scotia,55-64,<40k,Urban,1,0,2.13,8,0,0
British Columbia,45-54,60-79k,Urban,2,0,2.88,8,0,0
Newfoundland and Labrador,55-64,40-59k,Urban,7,0,1.32,8,1,0
Manitoba,45-54,40-59k,Rural,5,0,2.64,10,1,0
New Brunswick,45-54,120k+,Urban,0,1,6.27,7,0,0
Saskatchewan,25-34,120k+,Urban,3,2,11.37,4,1,1
Prince Edward Island,55-64,40-59k,Urban,1,2,7.2,6,0,1
New Brunswick,35-44,40-59k,Urban,2,1,5.61,7,0,0
British Columbia,25-34,80-119k,Urban,4,0,1.7,8,1,0
British Columbia,55-64,40-59k,Rural,2,0,1.64,10,0,0
Manitoba,45-54,60-79k,Urban,0,3,15.03,5,0,1
Prince Edward Island,65+,80-119k,Urban,2,0,2.39,10,0,1
British Columbia,25-34,80-119k,Rural,0,1,6.87,6,0,0
New Brunswick,45-54,80-119k,Rural,1,0,2.49,9,0,0
Prince Edward Island,25-34,80-119k,Urban,2,0,2.61,9,0,0
New Brunswick,65+,120k+,Urban,3,0,1.45,8,1,0
Quebec,18-24,40-59k,Urban,2,2,10.45,3,0,1
Alberta,45-54,120k+,Rural,0,1,4.66,10,0,0
Prince Edward Island,55-64,<40k,Urban,7,1,4.44,9,1,0
Ontario,35-44,40-59k,Rural,3,3,17.37,4,1,0
Alberta,65+,<40k,Urban,1,0,2.72,8,0,1
Alberta,55-64,80-119k,Urban,9,0,2.05,8,1,0
Prince Edward Island,25-34,<40k,Urban,6,0,2.51,8,1,0
Newfoundland and Labrador,18-24,80-119k,Urban,0,0,1.08,10,0,0
British Columbia,25-34,80-119k,Rural,3,3,14.6,4,1,0
Quebec,25-34,<40k,Urban,3,3,16.93,4,1,0
Newfoundland and Labrador,55-64,80-119k,Urban,0,1,4.59,8,0,0
Newfoundland and Labrador,65+,80-119k,Urban,1,1,3.16,10,0,0
Ontario,18-24,80-119k,Urban,3,3,14.12,4,1,0
Saskatchewan,35-44,<40k,Urban,1,1,4.59,8,0,0
Prince Edward Island,45-54,80-119k,Rural,5,0,0.46,8,1,0
New Brunswick,18-24,80-119k,Urban,0,1,4.38,8,0,0
British Columbia,35-44,40-59k,Urban,7,2,11.67,4,1,0
Newfoundland and Labrador,25-34,40-59k,Urban,6,1,6.43,6,1,0
Quebec,45-54,60-79k,Urban,4,0,1.34,10,1,0
Saskatchewan,45-54,80-119k,Urban,1,0,2.13,8,0,0
Ontario,45-54,40-59k,Rural,4,0,0.46,10,1,0
Nova Scotia,25-34,<40k,Urban,2,0,2.26,10,0,0
British Columbia,55-64,80-119k,Urban,3,0,1.43,8,1,0
Nova Scotia,45-54,<40k,Urban,1,0,2.17,9,0,0
Alberta,55-64,120k+,Urban,5,0,1.93,10,1,0
Newfoundland and Labrador,35-44,40-59k,Urban,0,0,0.7,9,0,0
Manitoba,55-64,60-79k,Urban,4,4,23.84,1,1,0
British Columbia,55-64,<40k,Urban,5,0,1.72,8,1,0
New Brunswick,35-44,120k+,Urban,3,0,2.35,9,1,0
Saskatchewan,35-44,80-119k,Urban,0,0,0.28,9,0,0
Quebec,65+,120k+,Urban,1,0,1.85,10,0,0
British Columbia,45-54,80-119k,Urban,2,1,4.17,9,0,0
New Brunswick,65+,40-59k,Urban,1,0,2.58,10,0,0
Prince Edward Island,55-64,40-59k,Urban,0,1,6.8,7,0,0
Nova Scotia,45-54,60-79k,Urban,0,0,0.17,10,0,1
Prince Edward Island,25-34,60-79k,Urban,5,0,2.17,10,1,0
Saskatchewan,25-34,120k+,Urban,0,1,3.41,8,0,0
Ontario,65+,40-59k,Urban,7,3,17.15,3,1,0
Newfoundland and Labrador,25-34,80-119k,Urban,2,0,0.37,10,0,0
British Columbia,18-24,120k+,Rural,4,2,7.98,7,1,0
Manitoba,45-54,<40k,Urban,0,2,8.26,7,0,0
Nova Scotia,55-64,80-119k,Urban,7,0,2.18,10,1,0
Nova Scotia,25-34,60-79k,Urban,0,3,13.76,5,0,1
British Columbia,25-34,80-119k,Urban,0,1,5.38,6,0,0
Alberta,35-44,40-59k,Urban,0,0,1.72,8,0,0
Prince Edward Island,18-24,40-59k,Urban,0,3,14.41,4,0,0
Nova Scotia,55-64,<40k,Urban,2,0,1.62,10,0,0
New Brunswick,25-34,120k+,Urban,5,0,0.35,9,1,0
Quebec,55-64,80-119k,Urban,1,0,2.63,8,0,0
Newfoundland and Labrador,55-64,<40k,Urban,4,1,3.83,10,1,0
Nova Scotia,45-54,120k+,Rural,5,1,6.52,7,1,0
New Brunswick,35-44,60-79k,Urban,7,0,1.56,9,1,0
Saskatchewan,35-44,80-119k,Urban,0,0,1.84,10,0,0
Saskatchewan,35-44,<40k,Urban,0,0,0.77,9,0,0
Newfoundland and Labrador,35-44,40-59k,Rural,0,0,0.67,9,0,0
Alberta,55-64,80-119k,Urban,1,2,9.45,6,0,0
Manitoba,35-44,<40k,Urban,2,2,8.34,6,0,1
Newfoundland and Labrador,55-64,60-79k,Urban,2,0,1.27,9,0,0
Ontario,25-34,60-79k,Urban,1,0,1.32,9,0,1
Alberta,25-34,40-59k,Rural,3,0,0.81,10,1,0
Nova Scotia,65+,40-59k,Urban,1,0,0.88,8,0,0
Newfoundland and Labrador,45-54,120k+,Rural,1,2,11.86,5,0,1
Prince Edward Island,35-44,40-59k,Rural,0,0,1.76,10,0,0
Saskatchewan,45-54,40-59k,Rural,3,0,2.5,8,1,0
New Brunswick,25-34,60-79k,Urban,3,1,3.18,9,1,0
Newfoundland and Labrador,45-54,80-119k,Rural,4,5,25.03,2,1,1
Prince Edward Island,18-24,80-119k,Urban,7,0,1.56,10,1,0
Alberta,45-54,80-119k,Urban,5,0,2.48,10,1,0
Ontario,45-54,<40k,Urban,1,5,34.16,2,0,0
New Brunswick,65+,40-59k,Urban,1,0,1.86,10,0,0
Quebec,45-54,80-119k,Urban,7,1,3.56,9,1,0
Ontario,25-34,120k+,Urban,5,2,11.89,3,1,1
Nova Scotia,45-54,60-79k,Urban,5,0,1.59,8,1,0
Prince Edward Island,18-24,<40k,Urban,4,0,0.31,9,1,0
Newfoundland and Labrador,25-34,40-59k,Rural,1,0,1.24,10,0,0
Newfoundland and Labrador,18-24,<40k,Urban,6,2,7.36,6,1,0
British Columbia,35-44,80-119k,Rural,0,2,9.09,7,0,0
Saskatchewan,18-24,<40k,Urban,1,1,5.85,7,0,0
Nova Scotia,35-44,40-59k,Rural,1,0,0.97,10,0,0
Prince Edward Island,65+,60-79k,Urban,3,0,0.94,10,1,0
Newfoundland and Labrador,45-54,60-79k,Rural,2,0,1.54,10,0,1
Quebec,18-24,60-79k,Urban,2,3,14.99,3,0,0
New Brunswick,25-34,60-79k,Urban,3,2,9.34,6,1,0
Nova Scotia,45-54,80-119k,Urban,2,0,1.55,8,0,0
Alberta,55-64,40-59k,Urban,1,0,0.14,9,0,0
Quebec,18-24,60-79k,Urban,4,2,9.37,7,1,0
New Brunswick,55-64,40-59k,Rural,5,0,2.98,9,1,0
Manitoba,45-54,40-59k,Rural,2,1,6.06,6,0,1
Saskatchewan,45-54,60-79k,Urban,3,0,0.86,9,1,0
Nova Scotia,65+,60-79k,Urban,2,0,2.03,9,0,0
Prince Edward Island,55-64,80-119k,Urban,0,0,0.99,8,0,0
Ontario,55-64,60-79k,Urban,2,0,0.57,9,0,0
New Brunswick,35-44,80-119k,Urban,0,0,2.32,8,0,0
Alberta,45-54,60-79k,Urban,4,0,0.63,9,1,0
Newfoundland and Labrador,45-54,60-79k,Urban,2,0,2.58,10,0,0
Ontario,35-44,80-119k,Urban,0,0,1.14,8,0,0
Quebec,45-54,40-59k,Urban,3,0,2.27,9,1,0
Saskatchewan,25-34,40-59k,Urban,6,0,0.78,9,1,0
Prince Edward Island,25-34,80-119k,Urban,1,0,1.96,10,0,0
Ontario,35-44,<40k,Urban,10,4,19.49,5,1,0
Alberta,55-64,60-79k,Urban,8,0,0.07,9,1,0
New Brunswick,65+,60-79k,Urban,5,0,2.44,10,1,0
Prince Edward Island,35-44,120k+,Urban,5,0,2.57,10,1,0
Manitoba,45-54,120k+,Urban,2,2,11.4,5,0,0
Newfoundland and Labrador,25-34,40-59k,Urban,2,0,0.11,10,0,0
Saskatchewan,65+,60-79k,Urban,8,0,2.28,9,1,0
Ontario,45-54,<40k,Urban,1,3,17.02,5,0,1
Saskatchewan,55-64,40-59k,Urban,0,0,0.94,10,0,1
Saskatchewan,55-64,80-119k,Urban,0,4,21.29,1,0,0
Saskatchewan,25-34,<40k,Urban,4,2,9.04,6,1,0
New Brunswick,45-54,40-59k,Urban,1,1,4.76,9,0,0
Saskatchewan,65+,120k+,Urban,0,1,6.39,6,0,0
Manitoba,18-24,80-119k,Urban,5,0,1.25,10,1,0
Quebec,45-54,80-119k,Urban,2,1,4.21,8,0,0
Alberta,65+,80-119k,Urban,3,0,0.39,8,1,0
Prince Edward Island,25-34,80-119k,Urban,0,0,2.02,9,0,0
Manitoba,55-64,<40k,Urban,0,0,0.25,9,0,0
Prince Edward Island,65+,60-79k,Urban,0,0,0.18,10,0,0
Alberta,55-64,60-79k,Urban,2,0,2.04,8,0,0
Quebec,25-34,40-59k,Urban,5,0,2.08,8,1,0
Nova Scotia,35-44,80-119k,Urban,4,0,0.6,8,1,0
Prince Edward Island,18-24,60-79k,Rural,1,0,2.87,9,0,0
Prince Edward Island,55-64,<40k,Urban,6,1,6.15,7,1,0
Quebec,55-64,40-59k,Urban,0,0,2.06,9,0,0
Ontario,45-54,40-59k,Rural,0,0,2.26,9,0,0
Manitoba,35-44,120k+,Rural,6,1,4.65,10,1,0
Ontario,18-24,80-119k,Urban,1,2,9.28,7,0,0
Ontario,55-64,60-79k,Urban,4,0,2.61,10,1,0
Ontario,55-64,60-79k,Urban,0,4,18.18,3,0,0
Saskatchewan,65+,80-119k,Urban,0,0,2.41,10,0,0
Newfoundland and Labrador,55-64,80-119k,Rural,3,0,1.34,8,1,0
Prince Edward Island,55-64,60-79k,Urban,0,1,4.86,8,0,0
Ontario,55-64,120k+,Rural,0,0,0.98,9,0,1
Manitoba,45-54,120k+,Urban,2,3,15.64,4,0,0
Newfoundland and Labrador,35-44,120k+,Urban,1,0,2.03,10,0,0
Newfoundland and Labrador,65+,80-119k,Rural,5,1,3.64,10,1,0
Ontario,45-54,120k+,Urban,5,1,5.26,6,1,0
New Brunswick,35-44,60-79k,Urban,3,0,1.39,8,1,0
Ontario,18-24,80-119k,Rural,1,1,6.13,6,0,0
New Brunswick,25-34,120k+,Urban,2,2,9.73,7,0,0
Ontario,45-54,120k+,Urban,4,5,31.44,1,1,1
Manitoba,25-34,80-119k,Urban,0,0,1.59,9,0,1
New Brunswick,25-34,60-79k,Urban,1,0,1.47,10,0,0
Saskatchewan,45-54,<40k,Urban,5,3,17.61,5,1,1
Newfoundland and Labrador,25-34,40-59k,Rural,2,0,0.94,9,0,0
Ontario,55-64,80-119k,Urban,3,0,0.11,8,1,0
Newfoundland and Labrador,35-44,40-59k,Urban,0,0,1.99,10,0,0
Ontario,45-54,60-79k,Urban,5,4,22.23,2,1,0
Prince Edward Island,25-34,60-79k,Rural,0,0,2.73,10,0,0
Prince Edward Island,35-44,60-79k,Urban,6,2,7.59,6,1,0
British Columbia,35-44,120k+,Rural,0,0,1.57,9,0,0
Ontario,55-64,80-119k,Rural,6,0,0.45,8,1,0
British Columbia,55-64,80-119k,Urban,1,3,14.73,5,0,0
Quebec,25-34,60-79k,Urban,3,0,2.4,8,1,0
Quebec,45-54,80-119k,Urban,6,1,6.43,7,1,0
Newfoundland and Labrador,25-34,40-59k,Urban,0,0,2.5,10,0,0
New Brunswick,65+,40-59k,Urban,1,0,1.64,10,0,0
Ontario,65+,120k+,Rural,7,1,5.54,6,1,0
Alberta,45-54,80-119k,Urban,1,0,1.65,9,0,0
Ontario,45-54,80-119k,Urban,4,0,1.68,8,1,0
Ontario,55-64,60-79k,Urban,0,0,2.66,8,0,0
Alberta,55-64,40-59k,Urban,4,2,8.05,7,1,0
Quebec,45-54,60-79k,Urban,0,1,4.76,9,0,0
British Columbia,65+,<40k,Urban,4,2,10.05,3,1,0
Newfoundland and Labrador,45-54,60-79k,Urban,1,0,2.3,10,0,0
Quebec,45-54,60-79k,Rural,2,0,2.29,8,0,0
Alberta,55-64,60-79k,Urban,0,0,0.35,10,0,0
Ontario,45-54,80-119k,Rural,3,0,0.67,10,1,0
Quebec,55-64,120k+,Urban,1,0,2.73,8,0,0
Manitoba,25-34,80-119k,Rural,1,3,14.15,4,0,0
Prince Edward Island,35-44,120k+,Rural,3,5,25.04,2,1,0
Ontario,25-34,60-79k,Urban,0,1,3.8,10,0,0
Nova Scotia,35-44,80-119k,Urban,6,0,2.91,8,1,0
Alberta,35-44,<40k,Urban,4,0,0.93,8,1,0
Saskatchewan,65+,<40k,Urban,3,0,1.84,9,1,0
New Brunswick,45-54,60-79k,Urban,0,2,10.63,3,0,1
Saskatchewan,55-64,40-59k,Urban,4,1,5.59,7,1,0
Quebec,35-44,80-119k,Urban,0,1,4.51,10,0,0
Ontario,55-64,60-79k,Urban,5,2,9.15,7,1,0
New Brunswick,45-54,120k+,Urban,1,3,17.03,3,0,0
New Brunswick,45-54,120k+,Urban,0,0,1.99,8,0,0
Newfoundland and Labrador,25-34,<40k,Urban,0,0,0.07,9,0,0
Saskatchewan,45-54,40-59k,Urban,8,4,19.42,5,1,1
Ontario,45-54,80-119k,Urban,5,1,4.15,10,1,0
Newfoundland and Labrador,45-54,40-59k,Urban,1,2,8.83,7,0,0
British Columbia,65+,40-59k,Urban,8,0,1.73,9,1,0
Saskatchewan,55-64,80-119k,Urban,0,0,1.1,10,0,0
Prince Edward Island,65+,120k+,Urban,4,0,2.48,8,1,0
Prince Edward Island,45-54,80-119k,Rural,3,0,1.42,8,1,0
Newfoundland and Labrador,65+,60-79k,Urban,5,3,15.01,4,1,1
British Columbia,55-64,60-79k,Rural,1,0,1.28,10,0,0
Manitoba,25-34,60-79k,Urban,2,4,20.17,2,0,1
Manitoba,35-44,60-79k,Urban,3,0,2.17,10,1,0
Prince Edward Island,25-34,60-79k,Urban,1,0,0.69,8,0,0
Nova Scotia,18-24,40-59k,Urban,0,0,2.07,9,0,0
Alberta,25-34,120k+,Urban,4,0,1.59,9,1,0
Alberta,18-24,80-119k,Rural,3,1,3.41,8,1,0
Nova Scotia,45-54,80-119k,Urban,2,0,0.05,8,0,0
Newfoundland and Labrador,35-44,120k+,Urban,1,0,0.51,10,0,0
Alberta,25-34,40-59k,Urban,1,2,10.81,4,0,1
Alberta,55-64,<40k,Rural,4,0,1.15,8,1,0
Saskatchewan,55-64,80-119k,Urban,4,0,2.41,9,1,0
Saskatchewan,65+,120k+,Urban,5,0,1.51,9,1,0
Nova Scotia,45-54,60-79k,Urban,5,1,3.13,10,1,0
Ontario,35-44,<40k,Rural,4,3,17.08,3,1,1
British Columbia,25-34,80-119k,Urban,1,1,6.75,6,0,1
Newfoundland and Labrador,25-34,<40k,Urban,0,4,18.52,3,0,0
Saskatchewan,25-34,60-79k,Urban,5,0,0.63,8,1,0
Saskatchewan,35-44,40-59k,Urban,0,0,2.15,9,0,0
Manitoba,65+,120k+,Urban,10,2,11.99,3,1,0
British Columbia,18-24,60-79k,Urban,6,2,11.38,4,1,0
Manitoba,25-34,120k+,Urban,2,1,3.4,8,0,0
Ontario,25-34,40-59k,Urban,1,0,1.82,8,0,0
British Columbia,45-54,40-59k,Urban,2,0,2.0,9,0,0
Alberta,35-44,120k+,Urban,4,0,1.89,10,1,0
Manitoba,35-44,40-59k,Urban,4,0,1.7,9,1,0
Prince Edward Island,25-34,60-79k,Urban,0,0,0.88,8,0,0
Newfoundland and Labrador,35-44,40-59k,Urban,5,2,10.34,5,1,0
Alberta,25-34,80-119k,Urban,3,0,2.19,8,1,0
British Columbia,45-54,<40k,Urban,0,0,1.73,10,0,0
Prince Edward Island,18-24,60-79k,Urban,1,4,21.48,1,0,0
Ontario,55-64,80-119k,Urban,2,0,0.66,8,0,0
Prince Edward Island,45-54,60-79k,Urban,0,0,1.63,8,0,0
Saskatchewan,55-64,<40k,Urban,0,1,3.51,10,0,0
Nova Scotia,35-44,80-119k,Rural,0,2,7.36,6,0,0
Prince Edward Island,35-44,60-79k,Urban,7,0,2.33,8,1,0
New Brunswick,18-24,<40k,Urban,0,2,10.38,3,0,1
Ontario,45-54,60-79k,Rural,1,0,1.95,9,0,1
Alberta,35-44,120k+,Urban,0,1,6.71,6,0,0
Manitoba,35-44,<40k,Urban,4,0,1.14,9,1,0
Quebec,55-64,60-79k,Urban,4,0,1.2,8,1,0
Ontario,55-64,80-119k,Urban,5,0,1.24,9,1,0
New Brunswick,55-64,<40k,Rural,3,1,4.86,8,1,0
Saskatchewan,25-34,<40k,Rural,3,1,5.05,7,1,0
Manitoba,45-54,60-79k,Urban,2,2,10.89,5,0,0
Newfoundland and Labrador,18-24,80-119k,Urban,3,0,0.65,9,1,0
Quebec,45-54,<40k,Urban,0,1,4.74,8,0,0
Prince Edward Island,35-44,80-119k,Urban,4,0,1.52,9,1,0
New Brunswick,25-34,80-119k,Urban,0,0,0.51,9,0,0
Prince Edward Island,55-64,40-59k,Urban,6,0,2.11,9,1,0
Newfoundland and Labrador,45-54,60-79k,Urban,2,0,0.17,9,0,1
Ontario,35-44,120k+,Urban,2,0,1.76,8,0,0
Nova Scotia,18-24,40-59k,Urban,3,2,8.01,7,1,0
New Brunswick,45-54,60-79k,Urban,5,0,0.03,8,1,0
British Columbia,65+,80-119k,Urban,2,0,0.95,9,0,0
Alberta,45-54,<40k,Rural,2,1,4.72,10,0,0
British Columbia,65+,<40k,Urban,1,0,2.45,8,0,0
Nova Scotia,25-34,<40k,Rural,0,0,1.22,8,0,0
Newfoundland and Labrador,45-54,40-59k,Urban,0,0,2.75,8,0,0
British Columbia,55-64,<40k,Rural,0,0,2.53,8,0,0
Saskatchewan,45-54,80-119k,Urban,6,3,13.16,4,1,0
New Brunswick,18-24,120k+,Rural,5,4,19.09,5,1,1
Saskatchewan,45-54,<40k,Urban,0,0,0.73,10,0,0
Quebec,45-54,60-79k,Urban,0,0,1.08,10,0,0
Nova Scotia,55-64,<40k,Urban,2,0,1.75,10,0,0
Quebec,55-64,<40k,Rural,2,0,0.37,8,0,0
Quebec,55-64,40-59k,Urban,5,0,1.6,10,1,0
Quebec,45-54,40-59k,Urban,2,0,1.74,10,0,0
Ontario,25-34,120k+,Urban,6,1,5.64,6,1,0
Ontario,35-44,40-59k,Urban,0,0,1.65,8,0,1
Nova Scotia,55-64,60-79k,Rural,1,0,2.48,8,0,0
Manitoba,65+,40-59k,Urban,7,0,1.92,9,1,0
British Columbia,18-24,<40k,Rural,0,0,2.77,9,0,0
Ontario,45-54,120k+,Urban,1,0,2.1,10,0,0
Prince Edward Island,25-34,<40k,Rural,1,3,14.62,3,0,1
Saskatchewan,25-34,120k+,Urban,2,0,0.63,8,0,0
Ontario,35-44,<40k,Urban,1,0,0.03,9,0,0
Newfoundland and Labrador,45-54,60-79k,Urban,6,0,0.27,10,1,0
Quebec,18-24,120k+,Urban,7,0,0.57,8,1,0
Ontario,55-64,<40k,Urban,6,0,0.65,9,1,0
Nova Scotia,55-64,60-79k,Rural,1,0,2.23,9,0,0
Saskatchewan,65+,80-119k,Urban,11,0,1.16,10,1,0
Saskatchewan,25-34,<40k,Urban,4,0,0.97,10,1,0
Manitoba,45-54,80-119k,Rural,1,2,7.26,6,0,0
Alberta,35-44,<40k,Urban,0,0,1.62,8,0,0
Alberta,35-44,40-59k,Rural,4,2,10.06,4,1,0
British Columbia,45-54,<40k,Rural,4,4,24.15,1,1,1
Prince Edward Island,55-64,120k+,Rural,0,4,21.52,1,0,0
New Brunswick,18-24,40-59k,Urban,3,0,0.02,8,1,0
Nova Scotia,65+,<40k,Urban,10,2,7.33,6,1,0
Newfoundland and Labrador,55-64,60-79k,Urban,1,0,0.81,8,0,0
Ontario,55-64,40-59k,Urban,1,0,0.42,10,0,0
Nova Scotia,55-64,60-79k,Urban,7,2,10.85,3,1,1
Prince Edward Island,35-44,<40k,Rural,0,0,0.32,8,0,0
Alberta,55-64,80-119k,Urban,7,0,0.48,10,1,0
Nova Scotia,35-44,60-79k,Urban,5,1,5.67,6,1,0
Ontario,55-64,40-59k,Urban,1,0,0.72,8,0,0
Manitoba,25-34,<40k,Urban,0,2,11.85,3,0,0
British Columbia,25-34,60-79k,Urban,0,0,2.59,10,0,0
Manitoba,45-54,80-119k,Urban,1,1,5.98,7,0,0
Alberta,25-34,40-59k,Urban,4,3,14.06,4,1,0
Quebec,35-44,<40k,Urban,2,1,3.23,10,0,0
Alberta,35-44,40-59k,Urban,4,3,14.02,4,1,1
British Columbia,55-64,80-119k,Urban,4,0,1.13,9,1,0
Ontario,45-54,120k+,Rural,3,0,0.38,10,1,0
Prince Edward Island,35-44,<40k,Rural,9,1,3.48,9,1,0
New Brunswick,25-34,40-59k,Urban,4,1,5.67,6,1,0
Manitoba,35-44,<40k,Urban,7,0,0.7,9,1,0
Alberta,35-44,40-59k,Rural,1,1,5.71,6,0,0
Prince Edward Island,55-64,60-79k,Urban,4,0,1.64,8,1,0
Manitoba,25-34,120k+,Urban,3,0,2.7,10,1,0
Alberta,25-34,<40k,Urban,7,0,2.39,10,1,0
British Columbia,35-44,80-119k,Urban,2,1,3.61,9,0,0
Manitoba,35-44,40-59k,Rural,1,4,22.27,1,0,1
Alberta,35-44,80-119k,Urban,1,1,5.61,7,0,0
Ontario,55-64,60-79k,Urban,0,1,6.45,6,0,0
British Columbia,35-44,<40k,Urban,1,0,1.92,10,0,0
Prince Edward Island,35-44,120k+,Rural,2,0,0.42,10,0,0
Prince Edward Island,45-54,<40k,Rural,6,1,4.03,8,1,0
New Brunswick,25-34,60-79k,Urban,0,0,1.91,8,0,0
Nova Scotia,45-54,120k+,Rural,1,1,6.65,7,0,1
Quebec,45-54,<40k,Urban,6,0,2.67,9,1,0
Ontario,35-44,60-79k,Urban,1,0,1.08,10,0,0
British Columbia,55-64,80-119k,Urban,8,2,11.15,5,1,0
Manitoba,25-34,120k+,Urban,1,2,9.56,6,0,0
Prince Edward Island,55-64,80-119k,Urban,2,0,1.39,8,0,0
Ontario,45-54,40-59k,Rural,0,0,1.05,8,0,0
British Columbia,45-54,80-119k,Urban,11,4,22.75,2,1,1
British Columbia,55-64,80-119k,Urban,6,2,10.0,5,1,0
Manitoba,55-64,80-119k,Urban,5,2,8.87,7,1,0
British Columbia,45-54,80-119k,Urban,0,0,2.29,9,0,0
Newfoundland and Labrador,55-64,<40k,Urban,9,0,1.14,8,1,0
Ontario,35-44,<40k,Urban,7,0,1.75,8,1,0
Alberta,45-54,80-119k,Urban,2,0,1.18,9,0,1
Prince Edward Island,18-24,120k+,Urban,4,0,0.35,8,1,0
Prince Edward Island,18-24,60-79k,Urban,11,0,0.48,10,1,0
Alberta,55-64,120k+,Urban,2,5,34.85,2,0,0
Ontario,18-24,120k+,Urban,0,0,2.43,10,0,0
Quebec,25-34,120k+,Urban,6,1,4.87,10,1,0
Ontario,55-64,120k+,Urban,2,3,13.95,3,0,1
Saskatchewan,18-24,120k+,Urban,10,0,1.01,8,1,0
British Columbia,25-34,80-119k,Urban,3,0,1.79,9,1,0
Nova Scotia,45-54,80-119k,Rural,0,0,1.4,8,0,0
Manitoba,45-54,<40k,Urban,2,3,12.0,3,0,1
Newfoundland and Labrador,55-64,<40k,Urban,4,1,6.09,6,1,0
Nova Scotia,35-44,<40k,Urban,0,0,0.43,8,0,0
Alberta,35-44,<40k,Urban,2,2,10.37,3,0,1
Manitoba,55-64,<40k,Urban,0,0,1.03,10,0,0
Manitoba,35-44,120k+,Urban,3,0,1.73,9,1,0
Manitoba,45-54,80-119k,Urban,8,1,6.42,7,1,0
Prince Edward Island,55-64,40-59k,Urban,3,2,7.77,7,1,0
Newfoundland and Labrador,35-44,80-119k,Urban,4,0,2.33,10,1,0
Prince Edward Island,35-44,60-79k,Urban,1,0,0.11,8,0,0
British Columbia,18-24,<40k,Urban,3,0,2.76,8,1,0
Saskatchewan,45-54,120k+,Urban,3,0,0.6,9,1,0
New Brunswick,18-24,40-59k,Rural,5,1,6.18,7,1,0
Newfoundland and Labrador,35-44,80-119k,Urban,6,1,3.27,9,1,0
Nova Scotia,55-64,40-59k,Rural,4,0,0.98,10,1,0
British Columbia,45-54,60-79k,Urban,10,3,15.8,5,1,1
Ontario,25-34,80-119k,Urban,5,1,5.64,7,1,0
Alberta,55-64,<40k,Urban,0,0,2.1,9,0,0
Saskatchewan,25-34,120k+,Urban,2,0,1.05,10,0,0
British Columbia,55-64,<40k,Urban,7,0,2.0,10,1,0
Ontario,45-54,60-79k,Urban,8,2,9.14,6,1,0
Saskatchewan,25-34,120k+,Urban,1,1,5.26,7,0,0
Ontario,65+,120k+,Urban,4,0,1.64,10,1,0
Newfoundland and Labrador,25-34,40-59k,Urban,2,2,7.84,7,0,0
Ontario,65+,<40k,Urban,0,0,2.54,9,0,0
Saskatchewan,18-24,80-119k,Urban,6,2,11.34,3,1,1
Ontario,25-34,<40k,Urban,7,0,0.61,9,1,0
Nova Scotia,25-34,60-79k,Urban,2,0,1.25,9,0,0
British Columbia,18-24,80-119k,Urban,0,2,9.32,7,0,0
Saskatchewan,55-64,60-79k,Urban,5,0,1.65,9,1,0
Nova Scotia,45-54,40-59k,Rural,2,1,3.09,9,0,0
Ontario,55-64,60-79k,Urban,0,1,6.04,6,0,1
Ontario,25-34,120k+,Urban,0,1,6.45,7,0,1
Manitoba,35-44,60-79k,Rural,0,2,7.71,6,0,0
Saskatchewan,45-54,80-119k,Urban,4,0,2.69,8,1,0
Newfoundland and Labrador,35-44,40-59k,Urban,1,3,17.11,4,0,1
Ontario,45-54,40-59k,Rural,0,1,5.17,7,0,0
Alberta,45-54,40-59k,Rural,7,0,0.82,8,1,0
Prince Edward Island,25-34,60-79k,Urban,8,0,0.62,10,1,0
New Brunswick,55-64,40-59k,Urban,0,3,14.93,3,0,1
Prince Edward Island,55-64,60-79k,Urban,1,0,1.52,9,0,0
Newfoundland and Labrador,45-54,80-119k,Rural,3,1,5.61,7,1,0
British Columbia,25-34,80-119k,Rural,0,0,2.4,10,0,0
Quebec,25-34,<40k,Rural,0,0,2.8,8,0,0
Alberta,35-44,80-119k,Urban,1,4,23.57,2,0,1
Quebec,25-34,80-119k,Urban,8,0,2.73,10,1,0
Ontario,25-34,<40k,Urban,8,1,5.0,7,1,0
British Columbia,55-64,<40k,Urban,6,0,0.12,9,1,0
Nova Scotia,45-54,80-119k,Urban,4,2,7.26,7,1,0
Ontario,45-54,40-59k,Urban,4,2,8.34,7,1,0
Quebec,25-34,<40k,Urban,2,0,1.84,10,0,0
Ontario,65+,<40k,Rural,2,0,1.01,10,0,0
New Brunswick,25-34,<40k,Urban,3,0,0.5,10,1,0
Manitoba,55-64,120k+,Rural,4,0,2.55,9,1,0
New Brunswick,65+,80-119k,Urban,0,1,6.94,6,0,0
British Columbia,55-64,60-79k,Rural,1,0,0.05,8,0,0
Nova Scotia,65+,120k+,Urban,8,2,7.45,6,1,0
New Brunswick,45-54,60-79k,Urban,1,0,1.5,9,0,0
Saskatchewan,25-34,80-119k,Urban,1,0,1.01,10,0,0
Nova Scotia,25-34,40-59k,Rural,2,0,2.35,9,0,1
Quebec,35-44,60-79k,Urban,1,0,1.96,9,0,1
New Brunswick,18-24,<40k,Urban,0,0,0.21,10,0,0
Manitoba,45-54,60-79k,Rural,0,0,1.63,9,0,0
Nova Scotia,25-34,<40k,Urban,3,5,30.05,1,1,0
Ontario,55-64,40-59k,Rural,1,5,39.48,2,0,0
Manitoba,35-44,<40k,Urban,3,0,1.43,10,1,0
Ontario,35-44,40-59k,Urban,0,1,6.71,7,0,0
New Brunswick,65+,80-119k,Urban,0,3,12.18,3,0,1
Alberta,25-34,40-59k,Urban,6,2,7.52,6,1,0
Alberta,55-64,80-119k,Urban,5,0,1.16,9,1,0
Quebec,55-64,80-119k,Urban,4,2,11.43,4,1,0
Manitoba,25-34,60-79k,Urban,0,0,1.63,8,0,1
Ontario,35-44,40-59k,Urban,1,0,2.47,8,0,0
Newfoundland and Labrador,35-44,120k+,Urban,5,0,0.85,8,1,0
Manitoba,55-64,<40k,Urban,0,1,3.45,9,0,0
Saskatchewan,45-54,80-119k,Urban,5,0,0.74,8,1,0
Quebec,35-44,80-119k,Rural,3,0,1.94,9,1,0
Prince Edward Island,55-64,60-79k,Urban,4,2,11.36,5,1,0
Prince Edward Island,25-34,40-59k,Urban,3,2,9.27,7,1,0
Ontario,55-64,60-79k,Urban,2,0,0.58,9,0,1
Alberta,55-64,120k+,Urban,1,1,5.55,7,0,0
Nova Scotia,55-64,80-119k,Urban,4,1,3.79,9,1,0
Saskatchewan,55-64,120k+,Urban,5,0,1.71,8,1,0
Prince Edward Island,35-44,40-59k,Rural,0,0,0.31,9,0,0
Ontario,65+,40-59k,Urban,1,0,2.43,10,0,0
Ontario,35-44,<40k,Urban,1,4,23.64,2,0,1
New Brunswick,45-54,120k+,Rural,3,2,9.71,6,1,0
Alberta,25-34,40-59k,Urban,0,0,0.11,9,0,0
Manitoba,65+,60-79k,Urban,7,0,0.84,10,1,0
Nova Scotia,45-54,120k+,Urban,3,3,12.83,5,1,0
New Brunswick,55-64,60-79k,Urban,7,1,5.09,6,1,0
Prince Edward Island,18-24,60-79k,Urban,5,0,0.31,10,1,0
Nova Scotia,55-64,<40k,Urban,0,0,2.61,9,0,0
Quebec,55-64,60-79k,Urban,0,2,11.25,5,0,1
Alberta,45-54,120k+,Urban,6,0,0.47,10,1,0
Prince Edward Island,25-34,60-79k,Rural,2,1,5.78,6,0,0
Ontario,35-44,40-59k,Urban,0,1,5.79,7,0,0
Prince Edward Island,25-34,<40k,Urban,7,1,4.59,8,1,0
Newfoundland and Labrador,35-44,40-59k,Urban,2,0,0.46,9,0,1
British Columbia,25-34,60-79k,Urban,1,1,3.53,10,0,0
British Columbia,35-44,<40k,Urban,2,0,2.22,9,0,0
Prince Edward Island,25-34,60-79k,Rural,5,1,3.88,9,1,0
Newfoundland and Labrador,25-34,60-79k,Rural,0,0,1.81,10,0,0
Prince Edward Island,18-24,80-119k,Urban,1,0,2.6,8,0,0
British Columbia,65+,<40k,Urban,1,0,1.78,8,0,0
New Brunswick,45-54,80-119k,Rural,6,1,6.9,7,1,0
Quebec,35-44,60-79k,Urban,5,1,5.58,6,1,0
British Columbia,45-54,40-59k,Urban,2,1,4.26,8,0,0
Quebec,45-54,120k+,Urban,4,0,2.56,10,1,0
Ontario,65+,<40k,Urban,1,0,0.93,8,0,0
Quebec,25-34,60-79k,Rural,3,0,2.91,10,1,0
New Brunswick,25-34,40-59k,Urban,11,0,1.43,8,1,0
Newfoundland and Labrador,65+,60-79k,Urban,2,1,6.81,7,0,0
Quebec,35-44,60-79k,Urban,10,0,0.55,10,1,0
Nova Scotia,18-24,<40k,Rural,4,0,0.03,9,1,0
Manitoba,25-34,80-119k,Urban,0,3,13.18,4,0,1
British Columbia,18-24,80-119k,Urban,5,1,3.39,10,1,0
Newfoundland and Labrador,65+,80-119k,Urban,0,1,5.94,6,0,1
Saskatchewan,25-34,<40k,Urban,2,2,8.32,6,0,0
Ontario,65+,40-59k,Urban,3,0,1.92,8,1,0
Manitoba,65+,80-119k,Urban,6,2,10.34,3,1,0
Nova Scotia,45-54,<40k,Urban,0,0,2.06,9,0,0
Alberta,18-24,80-119k,Urban,6,0,2.5,9,1,0
New Brunswick,18-24,<40k,Urban,7,0,0.45,8,1,0
Prince Edward Island,35-44,40-59k,Urban,0,0,0.15,10,0,0
Manitoba,35-44,80-119k,Urban,6,0,0.09,10,1,0
Newfoundland and Labrador,45-54,80-119k,Urban,1,0,0.31,8,0,0
Newfoundland and Labrador,35-44,80-119k,Urban,0,4,20.65,2,0,1
Newfoundland and Labrador,65+,120k+,Urban,8,2,11.84,5,1,0
Ontario,45-54,80-119k,Urban,1,5,30.3,2,0,1
Quebec,45-54,60-79k,Urban,3,2,9.26,6,1,0
British Columbia,55-64,120k+,Urban,3,4,23.7,2,1,0
Alberta,25-34,80-119k,Urban,0,0,2.76,10,0,0
Prince Edward Island,25-34,60-79k,Urban,4,0,2.91,8,1,0
Newfoundland and Labrador,25-34,60-79k,Urban,0,0,2.48,8,0,0
Prince Edward Island,25-34,120k+,Urban,0,1,5.01,7,0,0
Saskatchewan,35-44,40-59k,Urban,8,2,8.15,6,1,0
Ontario,35-44,<40k,Urban,8,0,1.8,8,1,0
Newfoundland and Labrador,35-44,40-59k,Urban,2,0,0.59,8,0,0
Saskatchewan,65+,<40k,Urban,0,0,0.17,10,0,0
Alberta,25-34,40-59k,Urban,2,0,2.76,10,0,1
Alberta,45-54,80-119k,Urban,6,1,4.94,10,1,0
British Columbia,18-24,80-119k,Rural,0,0,1.52,10,0,0
Nova Scotia,25-34,<40k,Urban,0,3,15.66,3,0,1
British Columbia,45-54,80-119k,Rural,6,3,14.71,5,1,0
Quebec,65+,60-79k,Urban,2,0,1.33,8,0,0
Prince Edward Island,35-44,60-79k,Urban,0,5,38.73,1,0,1
New Brunswick,18-24,40-59k,Rural,0,4,23.72,1,0,0
Alberta,35-44,80-119k,Rural,6,1,3.85,9,1,0
New Brunswick,25-34,40-59k,Urban,2,2,8.46,7,0,1
Ontario,25-34,<40k,Urban,0,0,1.98,9,0,1
Manitoba,45-54,40-59k,Rural,6,4,22.0,1,1,1
Newfoundland and Labrador,18-24,80-119k,Urban,6,0,2.3,8,1,0
Ontario,35-44,80-119k,Urban,0,3,16.37,4,0,0
Alberta,45-54,40-59k,Urban,3,0,2.13,10,1,0
Saskatchewan,35-44,<40k,Urban,1,2,11.4,3,0,0
Prince Edward Island,18-24,80-119k,Urban,2,0,2.3,10,0,0
New Brunswick,65+,80-119k,Urban,1,0,0.73,8,0,0
British Columbia,35-44,40-59k,Urban,1,4,24.11,2,0,1
Manitoba,55-64,80-119k,Rural,3,1,4.34,9,1,0
Nova Scotia,35-44,120k+,Rural,2,2,11.55,5,0,0
Ontario,35-44,40-59k,Urban,1,0,2.47,10,0,0
Nova Scotia,35-44,60-79k,Rural,0,3,12.44,3,0,1
New Brunswick,35-44,<40k,Urban,9,1,6.09,6,1,0
New Brunswick,18-24,80-119k,Urban,0,0,1.5,8,0,0
Newfoundland and Labrador,35-44,60-79k,Rural,3,2,11.89,3,1,1
Saskatchewan,55-64,40-59k,Urban,0,0,1.38,10,0,0
Saskatchewan,45-54,80-119k,Urban,4,2,7.34,7,1,0
Quebec,25-34,80-119k,Urban,0,0,0.88,10,0,0
British Columbia,45-54,<40k,Urban,1,1,4.72,10,0,0
Alberta,55-64,<40k,Urban,3,1,5.37,7,1,0
Alberta,45-54,40-59k,Urban,1,1,3.61,9,0,1
New Brunswick,25-34,80-119k,Urban,2,1,5.06,6,0,1
Ontario,55-64,80-119k,Urban,0,3,14.9,5,0,0
Prince Edward Island,25-34,60-79k,Urban,0,0,2.51,8,0,0
Alberta,35-44,60-79k,Urban,4,0,0.91,10,1,0
Alberta,45-54,80-119k,Urban,0,0,1.35,10,0,0
Ontario,55-64,60-79k,Urban,0,0,1.17,10,0,0
British Columbia,65+,60-79k,Rural,0,0,1.9,10,0,1
Manitoba,65+,60-79k,Rural,0,1,6.34,6,0,0
Saskatchewan,18-24,120k+,Urban,0,0,2.03,8,0,1
Newfoundland and Labrador,65+,40-59k,Rural,1,2,9.33,7,0,0
Newfoundland and Labrador,18-24,40-59k,Urban,0,0,1.91,8,0,0
Newfoundland and Labrador,25-34,<40k,Urban,6,0,0.97,9,1,0
Ontario,35-44,80-119k,Urban,0,0,0.43,10,0,0
Newfoundland and Labrador,35-44,60-79k,Urban,6,0,0.96,10,1,0
New Brunswick,45-54,40-59k,Urban,5,0,1.33,8,1,0
Quebec,35-44,120k+,Urban,0,2,9.2,7,0,1
Ontario,65+,120k+,Urban,0,0,2.21,10,0,0
Ontario,25-34,120k+,Urban,0,0,2.81,8,0,0
Saskatchewan,25-34,<40k,Urban,3,0,1.17,8,1,0
Newfoundland and Labrador,65+,120k+,Urban,4,0,0.26,10,1,0
Nova Scotia,18-24,40-59k,Urban,3,1,3.13,10,1,0
Manitoba,45-54,<40k,Urban,3,0,0.01,9,1,0
Quebec,45-54,40-59k,Urban,0,0,2.81,8,0,0
Ontario,35-44,60-79k,Urban,6,0,2.99,8,1,0
Quebec,45-54,<40k,Urban,1,4,18.36,5,0,1
Ontario,25-34,60-79k,Urban,10,0,1.07,10,1,0
British Columbia,55-64,80-119k,Urban,1,0,2.01,8,0,0
Saskatchewan,25-34,40-59k,Urban,1,1,3.72,9,0,0
New Brunswick,35-44,40-59k,Urban,6,2,9.97,7,1,0
British Columbia,18-24,40-59k,Rural,3,0,2.44,8,1,0
Prince Edward Island,45-54,120k+,Urban,4,1,6.43,7,1,0
Newfoundland and Labrador,45-54,<40k,Urban,2,2,10.53,4,0,0
Prince Edward Island,65+,60-79k,Urban,6,0,0.25,9,1,0
Manitoba,55-64,40-59k,Urban,7,3,14.09,3,1,0
Nova Scotia,45-54,120k+,Urban,2,1,6.87,6,0,0
New Brunswick,65+,<40k,Urban,1,0,0.58,10,0,0
British Columbia,35-44,60-79k,Urban,3,4,21.18,2,1,1
Quebec,45-54,60-79k,Urban,8,0,1.0,8,1,0
Quebec,45-54,120k+,Urban,3,1,3.82,9,1,0
Manitoba,35-44,40-59k,Urban,8,2,8.62,6,1,0
Ontario,55-64,80-119k,Urban,1,0,0.57,10,0,0
Quebec,25-34,<40k,Urban,7,0,2.63,9,1,0
Newfoundland and Labrador,45-54,120k+,Urban,0,0,0.52,8,0,0
Nova Scotia,55-64,60-79k,Urban,1,0,1.87,8,0,0
Saskatchewan,65+,80-119k,Urban,2,1,6.77,6,0,0
Newfoundland and Labrador,55-64,60-79k,Urban,3,1,6.81,7,1,0
Nova Scotia,35-44,40-59k,Urban,1,0,1.8,9,0,0
Manitoba,45-54,40-59k,Urban,7,1,4.08,8,1,0
Newfoundland and Labrador,35-44,60-79k,Urban,7,0,0.74,10,1,0
Saskatchewan,35-44,120k+,Urban,5,0,2.24,10,1,0
Saskatchewan,65+,40-59k,Rural,0,2,11.9,4,0,1
Alberta,65+,120k+,Urban,0,0,0.23,10,0,0
Ontario,55-64,<40k,Urban,2,0,2.37,8,0,1
Manitoba,25-34,120k+,Urban,5,3,12.74,4,1,0
Newfoundland and Labrador,55-64,40-59k,Urban,0,0,0.89,8,0,0
New Brunswick,65+,40-59k,Urban,3,1,5.27,6,1,0
New Brunswick,35-44,60-79k,Urban,2,0,0.89,9,0,0
Manitoba,35-44,80-119k,Urban,4,0,1.95,8,1,0
Newfoundland and Labrador,55-64,80-119k,Urban,2,0,1.25,10,0,0
British Columbia,45-54,60-79k,Urban,4,1,3.88,8,1,0
British Columbia,65+,60-79k,Urban,0,4,21.72,1,0,0
Ontario,35-44,<40k,Urban,0,1,3.1,10,0,0
Newfoundland and Labrador,45-54,40-59k,Rural,7,0,2.22,9,1,0
Saskatchewan,55-64,40-59k,Urban,1,0,1.57,9,0,0
Quebec,35-44,60-79k,Urban,10,0,2.84,10,1,0
New Brunswick,55-64,60-79k,Rural,0,0,0.31,8,0,0
Newfoundland and Labrador,45-54,80-119k,Urban,2,0,2.2,10,0,0
Newfoundland and Labrador,35-44,80-119k,Urban,1,0,0.9,9,0,0
Quebec,25-34,40-59k,Urban,12,0,1.12,9,1,0
Quebec,35-44,80-119k,Urban,11,4,20.44,2,1,0
Nova Scotia,55-64,<40k,Urban,1,1,4.43,8,0,0
Alberta,65+,80-119k,Urban,1,0,1.29,10,0,0
Ontario,25-34,<40k,Urban,4,0,0.06,8,1,0
New Brunswick,35-44,80-119k,Urban,6,2,11.23,4,1,1
Quebec,25-34,60-79k,Urban,4,3,17.29,4,1,0
British Columbia,45-54,60-79k,Urban,6,1,3.16,8,1,0
Manitoba,65+,80-119k,Urban,0,0,2.33,8,0,0
British Columbia,45-54,<40k,Urban,3,2,7.36,7,1,0
Nova Scotia,45-54,40-59k,Urban,4,3,16.85,5,1,0
Nova Scotia,45-54,60-79k,Urban,0,0,1.84,9,0,0
Quebec,18-24,80-119k,Urban,5,2,8.53,6,1,0
Nova Scotia,55-64,40-59k,Rural,8,2,10.07,5,1,0
Saskatchewan,45-54,40-59k,Urban,6,0,1.52,8,1,0
Prince Edward Island,45-54,60-79k,Rural,1,0,1.91,8,0,0
Newfoundland and Labrador,55-64,80-119k,Urban,1,1,4.9,10,0,0
Newfoundland and Labrador,55-64,60-79k,Urban,2,0,2.32,9,0,0
Quebec,55-64,120k+,Rural,0,0,0.14,8,0,0
Nova Scotia,65+,60-79k,Rural,8,4,20.41,1,1,0
Manitoba,65+,<40k,Urban,0,0,1.68,9,0,0
Saskatchewan,45-54,40-59k,Urban,5,0,1.76,9,1,0
Ontario,25-34,60-79k,Urban,1,0,0.51,10,0,0
Nova Scotia,35-44,80-119k,Rural,3,0,0.22,9,1,0
Saskatchewan,55-64,40-59k,Urban,0,1,3.08,9,0,0
Alberta,18-24,120k+,Rural,0,0,1.24,8,0,0
Ontario,18-24,40-59k,Urban,2,0,0.99,8,0,0
Newfoundland and Labrador,18-24,60-79k,Urban,4,0,1.7,9,1,0
Alberta,55-64,<40k,Urban,5,0,1.35,10,1,0
Quebec,35-44,120k+,Rural,0,2,8.97,7,0,0
New Brunswick,35-44,80-119k,Rural,0,0,2.53,10,0,0
Quebec,25-34,40-59k,Urban,4,0,1.86,8,1,0
Manitoba,55-64,120k+,Urban,5,0,1.94,10,1,0
Saskatchewan,35-44,40-59k,Urban,1,1,4.53,10,0,0
New Brunswick,25-34,80-119k,Urban,1,0,2.33,8,0,0
Ontario,45-54,80-119k,Urban,0,1,3.61,9,0,0
Ontario,45-54,80-119k,Urban,0,0,1.21,9,0,0
Alberta,35-44,120k+,Rural,0,0,0.14,8,0,1
Manitoba,45-54,80-119k,Urban,3,0,0.35,8,1,0
Newfoundland and Labrador,25-34,120k+,Urban,7,0,0.24,8,1,0
Nova Scotia,55-64,40-59k,Urban,0,0,1.32,9,0,0
Nova Scotia,25-34,40-59k,Urban,4,0,2.09,10,1,0
New Brunswick,25-34,80-119k,Rural,3,0,0.94,9,1,0
Manitoba,55-64,80-119k,Rural,8,0,0.08,9,1,0
Manitoba,45-54,60-79k,Urban,5,1,5.83,6,1,0
Ontario,25-34,<40k,Urban,6,0,0.62,10,1,0
Newfoundland and Labrador,25-34,80-119k,Urban,3,0,2.17,9,1,0
Saskatchewan,55-64,120k+,Urban,5,0,0.02,10,1,0
Newfoundland and Labrador,55-64,60-79k,Urban,1,1,4.25,10,0,0
British Columbia,35-44,40-59k,Urban,0,0,1.86,8,0,0
Manitoba,45-54,<40k,Rural,7,0,2.61,10,1,0
Quebec,25-34,40-59k,Urban,4,0,2.26,9,1,0
Prince Edward Island,35-44,80-119k,Rural,0,2,9.25,7,0,0
Manitoba,18-24,120k+,Urban,6,2,10.59,5,1,1
New Brunswick,35-44,<40k,Rural,1,1,5.15,7,0,0
Quebec,18-24,60-79k,Urban,1,0,2.44,8,0,0
New Brunswick,35-44,80-119k,Urban,3,1,6.09,7,1,0
Alberta,35-44,40-59k,Urban,3,1,6.9,7,1,0
Prince Edward Island,35-44,60-79k,Rural,2,0,0.31,10,0,0
Prince Edward Island,18-24,80-119k,Urban,1,3,14.04,4,0,1
Ontario,35-44,80-119k,Urban,8,5,27.89,2,1,1
Manitoba,55-64,60-79k,Rural,8,0,1.89,9,1,0
Ontario,35-44,80-119k,Urban,0,2,10.32,3,0,0
Nova Scotia,45-54,40-59k,Urban,1,0,0.61,9,0,0
New Brunswick,35-44,40-59k,Urban,0,0,1.26,8,0,0
British Columbia,35-44,40-59k,Urban,6,0,1.81,8,1,0
British Columbia,45-54,40-59k,Urban,6,0,1.98,10,1,0
Nova Scotia,65+,<40k,Urban,2,3,12.62,3,0,0
Alberta,25-34,40-59k,Urban,6,1,6.68,6,1,0
British Columbia,18-24,80-119k,Urban,4,0,0.1,9,1,0
New Brunswick,45-54,80-119k,Urban,2,2,11.86,4,0,1
British Columbia,65+,<40k,Urban,1,1,4.27,8,0,0
Nova Scotia,65+,40-59k,Rural,1,0,0.95,10,0,0
Quebec,35-44,60-79k,Urban,1,0,1.34,9,0,0
Ontario,35-44,40-59k,Rural,3,2,10.47,5,1,1
Saskatchewan,45-54,60-79k,Urban,0,2,7.8,7,0,0
New Brunswick,45-54,80-119k,Urban,0,5,28.82,2,0,1
Ontario,45-54,<40k,Urban,0,0,2.88,10,0,0
Prince Edward Island,55-64,40-59k,Urban,3,0,2.63,8,1,0
Newfoundland and Labrador,55-64,<40k,Urban,12,1,3.85,9,1,0
British Columbia,35-44,<40k,Urban,6,1,5.29,6,1,0
British Columbia,35-44,120k+,Rural,4,1,3.81,8,1,0
Alberta,45-54,40-59k,Urban,5,0,1.65,10,1,0
Ontario,35-44,60-79k,Urban,2,0,1.1,8,0,0
Newfoundland and Labrador,35-44,80-119k,Rural,1,0,1.09,8,0,0
British Columbia,18-24,<40k,Urban,1,0,1.91,8,0,0
Prince Edward Island,25-34,40-59k,Urban,0,0,0.76,8,0,0
Alberta,35-44,80-119k,Urban,3,3,14.43,5,1,0
Ontario,55-64,80-119k,Urban,0,0,2.78,10,0,0
Alberta,25-34,40-59k,Urban,5,0,2.27,8,1,0
Ontario,45-54,40-59k,Urban,0,4,20.68,2,0,0
Manitoba,35-44,80-119k,Urban,1,0,0.69,8,0,0
Manitoba,25-34,40-59k,Urban,8,0,1.98,8,1,0
Nova Scotia,65+,<40k,Urban,0,0,2.42,9,0,0
New Brunswick,55-64,40-59k,Urban,2,1,6.44,7,0,0
Alberta,18-24,40-59k,Urban,0,0,1.69,8,0,0
Nova Scotia,45-54,<40k,Rural,0,4,21.62,1,0,1
Alberta,35-44,60-79k,Urban,3,1,5.88,6,1,0
British Columbia,65+,80-119k,Urban,3,1,3.7,9,1,0
Saskatchewan,25-34,60-79k,Urban,0,0,2.56,8,0,0
Alberta,25-34,<40k,Urban,6,4,18.52,3,1,0
British Columbia,45-54,60-79k,Urban,4,1,5.41,6,1,0
Newfoundland and Labrador,55-64,80-119k,Urban,1,1,5.36,7,0,0
Manitoba,25-34,<40k,Urban,1,2,8.55,7,0,0
Nova Scotia,45-54,<40k,Rural,4,2,7.18,6,1,0
Saskatchewan,18-24,40-59k,Urban,4,0,2.15,8,1,0
Prince Edward Island,65+,40-59k,Urban,0,0,0.07,9,0,0
Manitoba,18-24,120k+,Urban,1,0,0.54,10,0,0
Nova Scotia,65+,60-79k,Urban,0,0,1.63,9,0,1
Saskatchewan,35-44,40-59k,Rural,1,3,17.64,4,0,0
Prince Edward Island,35-44,80-119k,Urban,1,0,0.2,8,0,0
Quebec,65+,40-59k,Urban,9,0,1.74,9,1,0
British Columbia,65+,<40k,Urban,4,0,0.99,8,1,0
Quebec,45-54,40-59k,Rural,5,5,35.04,2,1,0
British Columbia,25-34,80-119k,Urban,1,2,11.76,4,0,1
Ontario,35-44,<40k,Urban,0,1,4.07,8,0,0
New Brunswick,45-54,40-59k,Urban,0,2,11.78,5,0,0
Saskatchewan,35-44,40-59k,Urban,3,2,11.35,3,1,0
Quebec,45-54,40-59k,Urban,1,1,5.43,6,0,0
New Brunswick,18-24,80-119k,Urban,0,0,2.27,10,0,0
Saskatchewan,45-54,80-119k,Urban,0,1,6.46,6,0,0
Nova Scotia,45-54,80-119k,Rural,6,1,6.21,6,1,0
Ontario,25-34,80-119k,Urban,3,1,4.31,10,1,0
Nova Scotia,45-54,120k+,Urban,0,0,2.44,8,0,0
British Columbia,45-54,<40k,Urban,5,4,20.19,2,1,1
New Brunswick,45-54,<40k,Rural,4,1,6.47,6,1,0
Saskatchewan,18-24,60-79k,Urban,1,1,4.02,9,0,0
Alberta,45-54,40-59k,Urban,0,2,9.86,6,0,1
New Brunswick,25-34,60-79k,Rural,5,0,2.08,9,1,0
Newfoundland and Labrador,35-44,40-59k,Rural,1,0,1.28,10,0,0
Prince Edward Island,55-64,<40k,Urban,6,0,2.35,8,1,0
Quebec,45-54,60-79k,Rural,0,1,6.7,6,0,0
Saskatchewan,25-34,120k+,Urban,2,0,0.56,10,0,0
Manitoba,45-54,40-59k,Urban,0,1,3.13,9,0,0
Manitoba,65+,<40k,Urban,4,2,10.13,4,1,0
Prince Edward Island,25-34,80-119k,Urban,13,1,5.41,7,1,0
British Columbia,55-64,40-59k,Urban,2,0,1.02,9,0,0
New Brunswick,45-54,40-59k,Urban,0,0,2.36,8,0,0
New Brunswick,55-64,40-59k,Urban,1,3,16.96,4,0,0
Manitoba,25-34,80-119k,Rural,6,2,8.66,7,1,0
New Brunswick,25-34,80-119k,Rural,5,0,2.05,10,1,0
Prince Edward Island,65+,60-79k,Urban,1,1,5.57,7,0,0
New Brunswick,35-44,40-59k,Rural,8,0,1.03,10,1,0
British Columbia,18-24,40-59k,Urban,3,0,2.91,10,1,0
Quebec,45-54,<40k,Urban,0,0,1.04,8,0,0
Newfoundland and Labrador,25-34,120k+,Urban,3,0,1.86,10,1,0
Quebec,55-64,80-119k,Rural,2,0,1.14,9,0,0
Newfoundland and Labrador,45-54,<40k,Urban,5,1,3.05,9,1,0
Alberta,55-64,80-119k,Rural,1,0,0.27,8,0,0
Quebec,55-64,60-79k,Urban,6,0,0.7,9,1,0
Prince Edward Island,25-34,120k+,Urban,5,0,2.44,10,1,0
Ontario,35-44,80-119k,Urban,4,2,9.21,7,1,0
Alberta,55-64,<40k,Urban,1,0,1.77,9,0,0
Newfoundland and Labrador,35-44,80-119k,Urban,9,1,6.78,6,1,0
Newfoundland and Labrador,65+,60-79k,Urban,3,0,0.44,9,1,0
Alberta,55-64,40-59k,Urban,7,0,2.59,9,1,0
Newfoundland and Labrador,18-24,80-119k,Urban,0,0,1.14,9,0,0
Saskatchewan,55-64,60-79k,Urban,10,2,8.69,6,1,0
Ontario,25-34,<40k,Urban,5,0,1.88,10,1,0
Prince Edward Island,25-34,80-119k,Rural,8,0,2.7,8,1,0
Saskatchewan,55-64,80-119k,Urban,0,0,1.05,10,0,0
Newfoundland and Labrador,55-64,<40k,Urban,2,1,6.05,7,0,0
Quebec,45-54,40-59k,Urban,0,2,7.1,6,0,0
Saskatchewan,25-34,60-79k,Urban,0,1,5.49,7,0,0
Quebec,35-44,<40k,Urban,1,0,1.89,9,0,0
Alberta,35-44,80-119k,Urban,8,1,5.22,6,1,0
New Brunswick,35-44,<40k,Urban,4,0,2.81,8,1,0
Nova Scotia,25-34,<40k,Urban,1,2,11.69,3,0,0
Newfoundland and Labrador,45-54,<40k,Urban,8,3,14.05,4,1,1
Nova Scotia,65+,60-79k,Urban,4,1,4.83,8,1,0
Ontario,25-34,80-119k,Urban,7,3,16.75,4,1,1
Quebec,25-34,60-79k,Urban,7,0,2.53,9,1,0
Saskatchewan,55-64,40-59k,Rural,4,0,1.25,8,1,0
Nova Scotia,55-64,80-119k,Urban,1,0,1.05,10,0,0
British Columbia,65+,<40k,Rural,12,2,11.1,3,1,0
Newfoundland and Labrador,25-34,40-59k,Urban,1,0,1.13,8,0,0
Nova Scotia,25-34,<40k,Urban,4,0,1.22,9,1,0
Saskatchewan,45-54,<40k,Urban,6,0,0.41,9,1,0
Saskatchewan,45-54,40-59k,Rural,0,2,9.71,6,0,0
Ontario,35-44,40-59k,Urban,3,0,0.98,9,1,0
Manitoba,45-54,40-59k,Urban,1,0,1.77,10,0,0
Prince Edward Island,25-34,80-119k,Urban,1,0,1.34,10,0,0
British Columbia,35-44,<40k,Urban,0,0,2.24,10,0,0
Nova Scotia,45-54,80-119k,Urban,6,0,0.83,10,1,0
Prince Edward Island,35-44,80-119k,Rural,0,0,0.52,8,0,0
British Columbia,45-54,40-59k,Urban,6,0,2.11,8,1,0
Manitoba,35-44,60-79k,Urban,3,0,1.15,8,1,0
Nova Scotia,35-44,60-79k,Urban,3,1,5.25,6,1,0
British Columbia,25-34,<40k,Rural,5,3,17.65,4,1,1
Prince Edward Island,35-44,120k+,Urban,2,0,1.45,10,0,0
Quebec,18-24,60-79k,Rural,1,0,0.46,9,0,0
Saskatchewan,45-54,120k+,Urban,0,0,1.28,8,0,0
New Brunswick,55-64,80-119k,Urban,3,0,1.44,10,1,0
Alberta,35-44,<40k,Urban,3,0,2.3,10,1,0
Newfoundland and Labrador,18-24,40-59k,Rural,1,1,3.78,9,0,0
New Brunswick,65+,<40k,Urban,3,1,4.39,8,1,0
Nova Scotia,25-34,80-119k,Urban,2,1,3.2,9,0,0
Nova Scotia,25-34,80-119k,Urban,5,0,2.11,10,1,0
British Columbia,35-44,60-79k,Urban,3,0,2.23,8,1,0
Saskatchewan,55-64,<40k,Urban,7,2,9.29,6,1,0
Manitoba,25-34,<40k,Urban,2,0,1.61,9,0,0
Ontario,45-54,80-119k,Urban,6,0,2.25,9,1,0
British Columbia,35-44,120k+,Urban,2,0,0.8,9,0,0
Ontario,25-34,40-59k,Urban,3,1,5.43,6,1,0
Alberta,35-44,<40k,Urban,1,2,11.82,5,0,0
Prince Edward Island,55-64,40-59k,Urban,2,0,1.97,8,0,0
British Columbia,45-54,<40k,Urban,7,1,3.31,8,1,0
Alberta,25-34,80-119k,Urban,1,2,8.45,6,0,0
Newfoundland and Labrador,25-34,60-79k,Urban,0,0,1.56,8,0,1
British Columbia,45-54,80-119k,Urban,5,0,0.22,9,1,0
Saskatchewan,55-64,60-79k,Urban,3,5,35.15,2,1,1
Saskatchewan,35-44,40-59k,Rural,1,0,1.96,9,0,0
Nova Scotia,45-54,40-59k,Urban,2,0,2.63,10,0,0
Newfoundland and Labrador,25-34,80-119k,Urban,2,3,15.0,3,0,0
Nova Scotia,25-34,80-119k,Urban,3,0,2.08,8,1,0
Ontario,18-24,40-59k,Rural,5,2,7.91,6,1,0
New Brunswick,55-64,40-59k,Urban,1,0,0.01,8,0,0
Manitoba,35-44,<40k,Rural,4,2,7.86,6,1,0
Newfoundland and Labrador,55-64,<40k,Urban,5,1,3.25,10,1,0
Prince Edward Island,45-54,80-119k,Urban,6,0,1.28,10,1,0
Manitoba,55-64,60-79k,Urban,1,0,1.4,10,0,0
Manitoba,25-34,60-79k,Urban,1,0,1.93,10,0,0
Quebec,25-34,80-119k,Urban,3,0,0.42,8,1,0
British Columbia,65+,60-79k,Urban,6,1,3.86,10,1,0
Prince Edward Island,45-54,40-59k,Rural,5,2,10.99,5,1,0
Newfoundland and Labrador,55-64,<40k,Urban,3,1,5.31,7,1,0
Nova Scotia,18-24,80-119k,Urban,10,3,12.18,4,1,0
Ontario,35-44,60-79k,Urban,2,3,17.09,5,0,0
British Columbia,55-64,<40k,Urban,6,2,10.15,5,1,0
Quebec,18-24,80-119k,Urban,5,3,13.12,4,1,1
Ontario,45-54,60-79k,Urban,7,0,0.76,10,1,0
Newfoundland and Labrador,35-44,80-119k,Urban,10,1,5.21,7,1,0
New Brunswick,18-24,120k+,Urban,2,2,9.8,7,0,0
Manitoba,25-34,60-79k,Urban,0,0,2.42,9,0,0
Quebec,25-34,80-119k,Urban,2,3,14.15,3,0,1
Ontario,25-34,<40k,Urban,6,0,1.65,9,1,0
Nova Scotia,45-54,60-79k,Urban,5,0,1.75,10,1,0
Quebec,25-34,80-119k,Urban,1,0,1.68,10,0,0
Ontario,25-34,60-79k,Urban,0,0,0.22,9,0,0
Quebec,55-64,60-79k,Urban,2,0,1.23,8,0,0
Nova Scotia,35-44,120k+,Urban,2,1,4.36,10,0,0
Nova Scotia,35-44,40-59k,Urban,0,2,11.96,4,0,0
Prince Edward Island,55-64,<40k,Rural,5,2,9.33,6,1,0
Saskatchewan,65+,80-119k,Rural,1,1,4.74,9,0,0
Manitoba,18-24,80-119k,Rural,3,0,1.45,10,1,0
British Columbia,35-44,80-119k,Urban,0,0,2.76,8,0,0
British Columbia,45-54,80-119k,Urban,6,2,10.06,3,1,1
Newfoundland and Labrador,25-34,80-119k,Urban,4,1,4.56,8,1,0
Alberta,55-64,80-119k,Urban,1,1,6.65,6,0,0
Newfoundland and Labrador,65+,<40k,Urban,3,0,2.79,10,1,0
Alberta,65+,80-119k,Urban,0,0,0.79,10,0,0
Quebec,25-34,<40k,Rural,10,4,20.75,1,1,0
Alberta,25-34,40-59k,Urban,5,2,11.83,5,1,1
Saskatchewan,65+,40-59k,Urban,5,0,1.62,9,1,0
Saskatchewan,35-44,40-59k,Urban,0,0,1.3,8,0,0
Manitoba,25-34,40-59k,Urban,0,0,0.59,10,0,0
Ontario,45-54,<40k,Urban,3,0,1.15,9,1,0
British Columbia,25-34,40-59k,Urban,0,0,1.89,9,0,0
Manitoba,25-34,<40k,Rural,5,1,3.15,10,1,0
Saskatchewan,55-64,60-79k,Urban,2,4,18.58,3,0,0
Ontario,25-34,80-119k,Urban,1,3,12.03,4,0,1
Newfoundland and Labrador,18-24,80-119k,Rural,0,3,13.31,3,0,1
British Columbia,25-34,80-119k,Urban,12,1,3.73,10,1,0
Prince Edward Island,45-54,60-79k,Urban,8,0,2.55,10,1,0
British Columbia,25-34,80-119k,Urban,0,0,0.56,10,0,0
Quebec,35-44,40-59k,Urban,1,0,1.98,8,0,0
New Brunswick,45-54,<40k,Urban,1,2,7.59,6,0,0
British Columbia,55-64,80-119k,Urban,1,3,15.56,4,0,1
Saskatchewan,25-34,80-119k,Urban,7,0,1.31,9,1,0
Quebec,55-64,80-119k,Urban,4,0,1.23,8,1,0
Nova Scotia,25-34,60-79k,Urban,8,0,2.57,10,1,0
Alberta,45-54,<40k,Urban,6,1,3.67,8,1,0
Newfoundland and Labrador,35-44,80-119k,Urban,4,0,1.79,9,1,0
Prince Edward Island,25-34,80-119k,Urban,4,3,16.93,5,1,0
Newfoundland and Labrador,45-54,80-119k,Urban,6,0,2.14,9,1,0
Nova Scotia,25-34,80-119k,Urban,4,5,39.75,1,1,0
New Brunswick,25-34,40-59k,Urban,0,0,0.01,8,0,0
British Columbia,35-44,<40k,Urban,3,0,2.65,9,1,0
Manitoba,45-54,<40k,Urban,2,0,1.84,10,0,0
Quebec,25-34,<40k,Urban,10,2,7.01,7,1,0
Prince Edward Island,25-34,40-59k,Urban,2,0,1.4,8,0,0
Nova Scotia,18-24,60-79k,Urban,0,2,10.84,4,0,0
New Brunswick,35-44,120k+,Urban,1,0,0.55,9,0,0
Newfoundland and Labrador,35-44,120k+,Rural,7,2,10.39,5,1,0
Nova Scotia,25-34,80-119k,Urban,8,0,0.42,10,1,0
Prince Edward Island,18-24,<40k,Urban,4,0,2.41,8,1,0
Prince Edward Island,35-44,40-59k,Rural,0,0,1.71,10,0,0
New Brunswick,55-64,80-119k,Urban,0,0,0.1,10,0,0
Newfoundland and Labrador,45-54,<40k,Urban,2,0,0.27,9,0,0
Saskatchewan,55-64,80-119k,Urban,14,0,2.59,8,1,0
Prince Edward Island,18-24,120k+,Rural,6,2,7.17,6,1,0
Quebec,65+,40-59k,Rural,7,1,4.19,10,1,0
Quebec,35-44,80-119k,Urban,3,0,1.7,9,1,0
Alberta,65+,<40k,Urban,6,5,28.2,1,1,1
Newfoundland and Labrador,25-34,80-119k,Urban,1,4,19.57,3,0,1
Nova Scotia,35-44,<40k,Urban,0,3,16.66,4,0,1
Quebec,35-44,<40k,Urban,7,1,4.16,10,1,0
New Brunswick,35-44,80-119k,Urban,0,0,0.12,10,0,0
Nova Scotia,55-64,80-119k,Urban,4,0,2.16,10,1,0
Newfoundland and Labrador,55-64,80-119k,Rural,3,0,2.86,9,1,0
New Brunswick,65+,60-79k,Urban,0,1,6.33,7,0,1
British Columbia,45-54,80-119k,Urban,0,1,5.19,6,0,0
Ontario,35-44,80-119k,Urban,1,1,4.7,9,0,0
Quebec,18-24,120k+,Urban,4,1,6.7,6,1,0
Quebec,65+,120k+,Rural,0,0,2.3,8,0,0
Alberta,45-54,80-119k,Urban,2,1,5.28,7,0,1
Saskatchewan,45-54,80-119k,Urban,4,0,2.64,9,1,0
Alberta,35-44,60-79k,Rural,0,0,1.81,8,0,0
Newfoundland and Labrador,45-54,<40k,Urban,0,0,2.92,10,0,0
Alberta,65+,<40k,Urban,1,0,2.57,10,0,0
Saskatchewan,25-34,80-119k,Urban,1,3,15.3,4,0,0
Saskatchewan,25-34,80-119k,Urban,3,0,2.77,8,1,0
Prince Edward Island,25-34,60-79k,Urban,9,1,4.37,9,1,0
Prince Edward Island,55-64,60-79k,Urban,0,3,16.21,3,0,1
Ontario,18-24,<40k,Urban,7,0,0.51,9,1,0
New Brunswick,18-24,40-59k,Rural,2,0,2.69,10,0,0
British Columbia,25-34,60-79k,Rural,4,0,0.74,8,1,0
Saskatchewan,35-44,60-79k,Urban,6,0,2.85,10,1,0
British Columbia,35-44,120k+,Urban,3,0,0.05,10,1,0
Quebec,18-24,<40k,Rural,0,0,2.05,8,0,0
Manitoba,65+,60-79k,Urban,0,0,0.45,8,0,0
Ontario,65+,40-59k,Urban,5,0,2.31,9,1,0
Newfoundland and Labrador,25-34,120k+,Urban,1,0,1.48,8,0,0
Nova Scotia,55-64,80-119k,Urban,3,3,17.46,4,1,0
British Columbia,45-54,60-79k,Urban,2,1,5.86,6,0,0
Alberta,25-34,120k+,Urban,1,0,2.3,10,0,0
Saskatchewan,25-34,60-79k,Urban,5,2,7.6,6,1,0
British Columbia,35-44,<40k,Urban,4,0,0.29,8,1,0
Nova Scotia,35-44,60-79k,Rural,3,0,2.55,9,1,0
Saskatchewan,25-34,40-59k,Urban,1,0,0.68,9,0,0
Newfoundland and Labrador,55-64,80-119k,Urban,1,1,6.47,7,0,0
Manitoba,35-44,120k+,Urban,2,0,0.43,10,0,0
Alberta,45-54,80-119k,Urban,5,0,0.93,8,1,0
British Columbia,25-34,40-59k,Urban,3,1,6.71,7,1,0
Prince Edward Island,45-54,40-59k,Urban,9,5,37.6,2,1,0
Ontario,25-34,<40k,Urban,0,0,0.16,8,0,0
British Columbia,45-54,40-59k,Urban,13,0,1.34,10,1,0
British Columbia,55-64,<40k,Urban,4,4,24.37,2,1,0
Nova Scotia,55-64,60-79k,Urban,5,0,0.04,10,1,0
Nova Scotia,35-44,80-119k,Urban,1,0,0.32,9,0,0
Ontario,45-54,80-119k,Urban,2,3,15.87,3,0,0
British Columbia,65+,<40k,Rural,5,1,3.42,9,1,0
New Brunswick,45-54,40-59k,Urban,5,0,1.35,10,1,0
Newfoundland and Labrador,25-34,40-59k,Urban,1,1,5.03,7,0,0
Nova Scotia,45-54,<40k,Urban,1,2,11.3,3,0,0
Nova Scotia,25-34,40-59k,Urban,4,0,2.87,8,1,0
New Brunswick,55-64,40-59k,Urban,7,0,1.54,10,1,0
Saskatchewan,35-44,80-119k,Urban,2,0,1.53,10,0,1
British Columbia,35-44,120k+,Urban,1,1,5.91,7,0,1
Ontario,18-24,60-79k,Rural,6,1,3.77,9,1,0
Nova Scotia,35-44,80-119k,Urban,4,0,2.82,8,1,0
Ontario,65+,<40k,Urban,1,1,3.0,8,0,0
Ontario,18-24,120k+,Urban,0,1,3.01,9,0,0
Newfoundland and Labrador,35-44,<40k,Urban,4,0,1.88,9,1,0
Prince Edward Island,65+,40-59k,Urban,1,1,4.37,10,0,0
Nova Scotia,35-44,<40k,Rural,0,1,4.59,10,0,0
Alberta,35-44,40-59k,Urban,3,0,0.66,9,1,0
Saskatchewan,45-54,60-79k,Rural,1,3,14.45,4,0,0
Ontario,35-44,120k+,Urban,1,0,2.48,9,0,0
Nova Scotia,25-34,80-119k,Urban,2,0,2.1,8,0,0
Saskatchewan,18-24,40-59k,Urban,4,1,3.38,10,1,0
Alberta,45-54,60-79k,Urban,1,1,3.23,10,0,0
Nova Scotia,65+,80-119k,Urban,0,5,32.59,1,0,0
British Columbia,25-34,80-119k,Urban,2,0,2.19,10,0,0
Ontario,25-34,80-119k,Urban,0,0,1.99,9,0,0
Alberta,35-44,60-79k,Urban,4,0,2.59,8,1,0
British Columbia,55-64,80-119k,Urban,8,2,7.67,7,1,0
Ontario,25-34,80-119k,Urban,3,0,1.82,10,1,0
Quebec,55-64,<40k,Urban,1,2,10.83,3,0,0
Manitoba,18-24,40-59k,Urban,0,0,2.81,10,0,0
New Brunswick,65+,80-119k,Urban,1,0,0.3,9,0,0
Ontario,45-54,80-119k,Urban,1,0,0.72,9,0,0
Alberta,45-54,60-79k,Urban,1,4,20.48,2,0,1
Alberta,35-44,120k+,Rural,0,0,1.62,10,0,0
Manitoba,55-64,40-59k,Rural,6,0,1.23,8,1,0
Nova Scotia,25-34,60-79k,Urban,6,0,2.58,8,1,0
New Brunswick,18-24,40-59k,Urban,3,3,17.7,3,1,0
Saskatchewan,35-44,120k+,Urban,0,1,3.28,9,0,0
Ontario,55-64,40-59k,Rural,5,4,22.9,1,1,0
Nova Scotia,55-64,60-79k,Urban,0,0,0.34,8,0,0
British Columbia,35-44,40-59k,Rural,0,0,2.69,8,0,1
Saskatchewan,45-54,60-79k,Rural,1,0,0.43,8,0,0
New Brunswick,25-34,80-119k,Urban,2,1,6.97,6,0,1
Nova Scotia,55-64,40-59k,Urban,1,0,1.28,8,0,0
Prince Edward Island,55-64,80-119k,Urban,0,1,4.53,10,0,0
Saskatchewan,45-54,120k+,Urban,0,0,1.76,9,0,0
Newfoundland and Labrador,35-44,<40k,Urban,6,1,4.58,10,1,0
Newfoundland and Labrador,65+,80-119k,Urban,1,0,0.7,9,0,0
Ontario,55-64,40-59k,Urban,0,0,1.89,9,0,0
Ontario,45-54,<40k,Urban,2,1,5.91,6,0,0
Ontario,35-44,60-79k,Urban,0,0,2.84,9,0,0
New Brunswick,45-54,80-119k,Rural,3,3,14.45,4,1,0
Prince Edward Island,45-54,40-59k,Urban,1,2,10.53,4,0,1
Nova Scotia,35-44,<40k,Urban,3,0,2.5,9,1,0
British Columbia,25-34,120k+,Urban,3,0,2.49,8,1,0
Quebec,35-44,80-119k,Urban,5,0,0.1,10,1,0
Alberta,45-54,40-59k,Rural,1,0,1.07,10,0,0
British Columbia,35-44,60-79k,Urban,2,0,0.04,8,0,0
Nova Scotia,25-34,<40k,Urban,8,0,1.68,8,1,0
Prince Edward Island,55-64,40-59k,Urban,4,2,11.33,3,1,0
New Brunswick,45-54,60-79k,Urban,9,0,2.44,10,1,0
Saskatchewan,18-24,60-79k,Urban,7,0,2.43,8,1,0
British Columbia,35-44,40-59k,Urban,3,0,1.06,10,1,0
Saskatchewan,55-64,80-119k,Urban,1,1,3.19,8,0,0
Quebec,55-64,40-59k,Urban,4,0,0.52,10,1,0
Nova Scotia,35-44,60-79k,Urban,4,0,2.01,9,1,0
Prince Edward Island,65+,40-59k,Urban,3,0,0.4,8,1,0
Nova Scotia,18-24,60-79k,Urban,4,2,7.63,7,1,0
Alberta,65+,40-59k,Urban,3,0,1.06,8,1,0
New Brunswick,25-34,80-119k,Urban,2,2,7.47,6,0,0
Alberta,18-24,60-79k,Urban,2,0,0.99,9,0,0
Nova Scotia,35-44,<40k,Rural,0,2,11.85,4,0,0
Alberta,35-44,<40k,Rural,6,1,3.08,9,1,0
Manitoba,45-54,60-79k,Urban,6,2,11.15,3,1,1
Nova Scotia,55-64,40-59k,Urban,3,2,11.97,3,1,0
Prince Edward Island,55-64,60-79k,Urban,1,0,1.31,8,0,1
British Columbia,35-44,60-79k,Rural,0,0,2.83,9,0,1
Prince Edward Island,35-44,80-119k,Urban,0,2,8.31,7,0,1
Manitoba,25-34,120k+,Rural,0,0,2.95,10,0,0
